abaissement	nom
abaisser	verbe
abaissé	adjectif
abandon	nom
abandonner	verbe
abandonné	adjectif
abasourdi	adjectif
abasourdir	verbe
abat	nom
abatis	nom
abattage	nom
abattant	nom
abattement	nom
abattis	nom
abattoir	nom
abattre	verbe
abattu	adjectif
abbatial	adjectif
abbaye	nom
abbé	nom
abcès	nom
abdication	nom
abdiquer	verbe
abdomen	nom
abdominal	adjectif
abeille	nom
aberrant	adjectif
aberration	nom
abhorrer	verbe
abject	adjectif
abjection	nom
abjurer	verbe
ablation	nom
able	nom
ablette	nom
ablution	nom
abnégation	nom
aboi	nom
aboiement	nom
aboli	adjectif
abolir	verbe
abolition	nom
abominable	adjectif
abominablement	adverbe
abomination	nom
abominer	verbe
abondamment	adverbe
abondance	nom
abondant	adjectif
abonder	verbe
abonnement	nom
abonner	verbe
abonné	nom
abord	nom
abordage	nom
aborder	verbe
aborigène	nom
aboucher	verbe
abouler	verbe
about	nom
aboutir	verbe
aboutissant	nom
aboutissement	nom
aboyer	verbe
aboyeur	nom
abracadabra	nom
abracadabrant	adjectif
abreuver	verbe
abreuvoir	nom
abri	nom
abricot	adjectif
abriter	verbe
abrité	adjectif
abroger	verbe
abrupt	adjectif
abruptement	adverbe
abruti	adjectif
abrutir	verbe
abrutissement	nom
abréger	verbe
abrégé	nom
abréviation	nom
abscons	adjectif
absence	nom
absent	adjectif
absenter	verbe
abside	nom
absinthe	nom
absolu	adjectif
absolument	adverbe
absolution	nom
absolutisme	nom
absorbant	adjectif
absorber	verbe
absorbé	adjectif
absorption	nom
absoudre	verbe
absous	adjectif
abstenir	verbe
abstention	nom
abstinence	nom
abstraction	nom
abstraire	verbe
abstrait	adjectif
absurde	adjectif
absurdement	adverbe
absurdité	nom
abus	nom
abuser	verbe
abusif	adjectif
abusivement	adverbe
abusé	adjectif
abyssal	adjectif
abysse	nom
abêtir	verbe
abêtissement	nom
abîme	nom
abîmer	verbe
acabit	nom
acacia	nom
académicien	nom
académie	nom
académique	adjectif
acagnarder	verbe
acajou	adjectif
acanthe	nom
acariâtre	adjectif
accablant	adjectif
accablement	nom
accabler	verbe
accablé	adjectif
accalmie	nom
accaparer	verbe
accent	nom
accentuer	verbe
accentué	adjectif
acceptable	adjectif
acceptation	nom
accepter	verbe
accessible	adjectif
accession	nom
accessoire	adjectif
accessoirement	adverbe
accessoiriste	nom
accident	nom
accidentel	adjectif
accidentellement	adverbe
accidenté	adjectif
acclamation	nom
acclamer	verbe
acclimatation	nom
acclimater	verbe
accointance	nom
accolade	nom
accoler	verbe
accommodement	nom
accommoder	verbe
accompagnateur	nom
accompagnement	nom
accompagner	verbe
accompagné	adjectif
accompli	adjectif
accomplir	verbe
accomplissement	nom
accord	nom
accorder	verbe
accordeur	nom
accordé	nom
accordéon	nom
accordéoniste	nom
accort	adjectif
accostage	nom
accoster	verbe
accotement	nom
accoter	verbe
accouchement	nom
accoucher	verbe
accoucheur	nom
accouchée	nom
accouder	verbe
accoudoir	nom
accouplement	nom
accoupler	verbe
accourir	verbe
accoutrement	nom
accoutumance	nom
accoutumer	verbe
accoutumé	adjectif
accro	adjectif
accroc	nom
accrochage	nom
accroche	nom
accrocher	verbe
accrocheur	adjectif
accroché	adjectif
accroire	verbe
accroissement	nom
accroupi	adjectif
accroupir	verbe
accroître	verbe
accru	adjectif
accréditer	verbe
accueil	nom
accueillant	adjectif
accueillir	verbe
acculer	verbe
accumulation	nom
accumuler	verbe
accusateur	adjectif
accusation	nom
accuser	verbe
accusé	adjectif
accès	nom
accéder	verbe
accélérateur	nom
accélération	nom
accélérer	verbe
accéléré	adjectif
acerbe	adjectif
acharnement	nom
acharner	verbe
acharné	adjectif
achat	nom
acheminer	verbe
acheter	verbe
acheteur	nom
achever	verbe
achevé	adjectif
achopper	verbe
achèvement	nom
achélème	nom
acide	adjectif
acidité	nom
acidulé	adjectif
acier	nom
aciérie	nom
acné	nom
acolyte	nom
acompte	nom
acoquiner	verbe
acoustique	adjectif
acquiescement	nom
acquiescer	verbe
acquis	adjectif
acquisition	nom
acquit	nom
acquittement	nom
acquitter	verbe
acquéreur	nom
acquérir	verbe
acre	nom
acrimonie	nom
acrobate	nom
acrobatie	nom
acrobatique	adjectif
acropole	nom
acrylique	nom
acte	nom
acteur	nom
actif	adjectif
action	nom
actionnaire	nom
actionner	verbe
activation	nom
activement	adverbe
activer	verbe
activiste	nom
activité	nom
activé	adjectif
actualité	nom
actuel	adjectif
actuellement	adverbe
acuité	nom
acupuncture	nom
acéré	adjectif
acétylène	nom
adage	nom
adaptation	nom
adapter	verbe
addition	nom
additionner	verbe
adepte	nom
adhérence	nom
adhérent	nom
adhérer	verbe
adhésif	adjectif
adhésion	nom
adieu	nom
adipeux	adjectif
adja	nom
adjacent	adjectif
adjectif	nom
adjoindre	verbe
adjoint	adjectif
adjudant	nom
adjuger	verbe
adjurer	verbe
admettre	verbe
administrateur	nom
administratif	adjectif
administration	nom
administrer	verbe
administré	adjectif
admirable	adjectif
admirablement	adverbe
admirateur	nom
admiratif	adjectif
admiration	nom
admirer	verbe
admis	adjectif
admissible	adjectif
admission	nom
admonester	verbe
adolescence	nom
adolescent	adjectif
adonner	verbe
adopter	verbe
adoptif	adjectif
adoption	nom
adopté	adjectif
adorable	adjectif
adorateur	nom
adoration	nom
adorer	verbe
ados	nom
adosser	verbe
adoucir	verbe
adoucissement	nom
adresse	nom
adresser	verbe
adroit	adjectif
adroitement	adverbe
adrénaline	nom
adulation	nom
aduler	verbe
adulte	adjectif
adultère	adjectif
advenir	verbe
adverbe	nom
adversaire	nom
adverse	adjectif
adversité	nom
adéquat	adjectif
affabilité	nom
affable	adjectif
affabulation	nom
affadir	verbe
affaibli	adjectif
affaiblir	verbe
affaiblissement	nom
affaire	nom
affairement	nom
affairer	verbe
affairé	adjectif
affaissement	nom
affaisser	verbe
affaler	verbe
affamer	verbe
affamé	adjectif
affectation	nom
affecter	verbe
affectif	adjectif
affection	nom
affectionner	verbe
affectueusement	adverbe
affectueux	adjectif
affecté	adjectif
affermir	verbe
affichage	nom
affiche	nom
afficher	verbe
affichette	nom
affilier	verbe
affilé	adjectif
affiner	verbe
affinité	nom
affirmatif	adjectif
affirmation	nom
affirmative	nom
affirmativement	adverbe
affirmer	verbe
affleurement	nom
affleurer	verbe
affliction	nom
affligeant	adjectif
affliger	verbe
affligé	adjectif
affluence	nom
affluent	nom
affluer	verbe
afflux	nom
affolant	adjectif
affolement	nom
affoler	verbe
affolé	adjectif
affranchi	adjectif
affranchir	verbe
affreusement	adverbe
affreux	adjectif
affront	nom
affrontement	nom
affronter	verbe
affréter	verbe
affubler	verbe
affurer	verbe
affût	nom
affûter	verbe
afghan	adjectif
aficionado	nom
afin	adverbe
africain	adjectif
afro	adjectif
agacement	nom
agacer	verbe
agacerie	nom
agape	nom
agate	nom
agaçant	adjectif
agence	nom
agencement	nom
agencer	verbe
agenda	nom
agenouiller	verbe
agenouillé	adjectif
agent	nom
agglomération	nom
agglomérer	verbe
agglutiner	verbe
aggravation	nom
aggraver	verbe
agile	adjectif
agilité	nom
agir	verbe
agissant	adjectif
agissement	nom
agitateur	nom
agitation	nom
agiter	verbe
agité	adjectif
agneau	nom
agonie	nom
agonir	verbe
agonisant	adjectif
agoniser	verbe
agora	nom
agrafe	nom
agrafer	verbe
agrafeuse	nom
agraire	adjectif
agrandir	verbe
agrandissement	nom
agresser	verbe
agresseur	nom
agressif	adjectif
agression	nom
agressivement	adverbe
agressivité	nom
agreste	adjectif
agricole	adjectif
agriculteur	nom
agriculture	nom
agripper	verbe
agrume	nom
agrès	nom
agréable	adjectif
agréablement	adverbe
agréer	verbe
agrégat	nom
agrégation	nom
agréger	verbe
agrégé	nom
agrément	nom
agrémenter	verbe
agréé	adjectif
aguerri	adjectif
aguerrir	verbe
aguichant	adjectif
aguicher	verbe
ahan	nom
ahaner	verbe
ahuri	adjectif
ahurir	verbe
ahurissant	adjectif
ahurissement	nom
aide	nom
aider	verbe
aigle	nom
aiglon	nom
aigre	adjectif
aigrelet	adjectif
aigrement	adverbe
aigrette	nom
aigreur	nom
aigri	adjectif
aigrir	verbe
aigu	adjectif
aiguillage	nom
aiguille	nom
aiguiller	verbe
aiguillon	nom
aiguillonner	verbe
aiguiser	verbe
aiguisé	adjectif
aile	nom
aileron	nom
ailette	nom
ailier	nom
ailler	verbe
ailleurs	adverbe
ailé	adjectif
aimable	adjectif
aimablement	adverbe
aimant	adjectif
aimanter	verbe
aimer	verbe
aimé	adjectif
aine	nom
ainsi	adverbe
airain	nom
airbag	nom
aire	nom
airelle	nom
aisance	nom
aise	adjectif
aisselle	nom
aisé	adjectif
aisément	adverbe
ajonc	nom
ajourner	verbe
ajouré	adjectif
ajout	nom
ajouter	verbe
ajouté	adjectif
ajustement	nom
ajuster	verbe
ajusteur	nom
ajusté	adjectif
alacrité	nom
alambic	nom
alangui	adjectif
alanguir	verbe
alarmant	adjectif
alarme	nom
alarmer	verbe
albanais	adjectif
albatros	nom
albinos	adjectif
album	nom
albâtre	nom
alcatraz	nom
alcazar	nom
alchimie	nom
alchimique	adjectif
alchimiste	nom
alcool	nom
alcoolique	adjectif
alcoolisme	nom
alcoolisé	adjectif
alcoolo	adjectif
alcoolémie	nom
alcyon	nom
alcôve	nom
alentour	adverbe
alerte	adjectif
alerter	verbe
alerté	adjectif
alevin	nom
alexandra	nom
alexandrin	nom
alezan	adjectif
alfa	nom
algarade	nom
algonquin	nom
algorithme	nom
algue	nom
algèbre	nom
algébrique	adjectif
algérien	adjectif
algérois	adjectif
alhambra	nom
alias	adverbe
alibi	nom
alignement	nom
aligner	verbe
aligné	adjectif
aliment	nom
alimentaire	adjectif
alimentation	nom
alimenter	verbe
alinéa	nom
aliter	verbe
alizé	nom
aliénant	adjectif
aliénation	nom
aliéner	verbe
aliéné	nom
allaiter	verbe
allant	adjectif
allemand	adjectif
aller	nom
allergie	nom
allergique	adjectif
alliage	nom
alliance	nom
allier	verbe
alligator	nom
allié	adjectif
alloc	nom
allocation	nom
allocution	nom
allonge	nom
allongement	nom
allonger	verbe
allongé	adjectif
allouer	verbe
allumage	nom
allumer	verbe
allumette	nom
allumeur	nom
allumé	adjectif
allure	nom
allusif	adjectif
allusion	nom
alluvion	nom
allègre	adjectif
allègrement	adverbe
alléchant	adjectif
allécher	verbe
allée	nom
allégation	nom
allégeance	nom
allégement	nom
alléger	verbe
allégorie	nom
allégorique	adjectif
allégrement	adverbe
allégresse	nom
alléguer	verbe
alléluia	nom
alma	nom
almanach	nom
aloi	nom
alors	adverbe
alouette	nom
alourdir	verbe
aloès	nom
alpaga	nom
alpage	nom
alpaguer	verbe
alpha	nom
alphabet	nom
alphabétique	adjectif
alpin	adjectif
alpinisme	nom
alpiniste	nom
alsacien	adjectif
altercation	nom
alternance	nom
alternatif	adjectif
alternative	nom
alternativement	adverbe
alterner	verbe
alterné	adjectif
altesse	nom
altier	adjectif
altimètre	nom
altitude	nom
alto	nom
altruisme	nom
altruiste	adjectif
altération	nom
altérer	verbe
altéré	adjectif
aluminium	nom
alun	nom
alunissage	nom
alvéole	nom
alèse	nom
aléa	nom
aléatoire	adjectif
amabilité	nom
amadou	nom
amadouer	verbe
amaigri	adjectif
amaigrissement	nom
amalgame	nom
amalgamer	verbe
amande	nom
amandier	nom
amant	nom
amante	nom
amarante	adjectif
amaro	nom
amarrage	nom
amarre	nom
amarrer	verbe
amaryllis	nom
amas	nom
amasser	verbe
amateur	adjectif
amazone	nom
ambassade	nom
ambassadeur	nom
ambiance	nom
ambiant	adjectif
ambigu	adjectif
ambiguïté	nom
ambitieux	adjectif
ambition	nom
ambitionner	verbe
ambre	nom
ambrer	verbe
ambroisie	nom
ambré	adjectif
ambulance	nom
ambulancier	nom
ambulant	adjectif
amen	nom
amende	nom
amendement	nom
amender	verbe
amener	verbe
amenuiser	verbe
amer	adjectif
amerloque	nom
amertume	nom
ameublement	nom
ameuter	verbe
amiable	adjectif
amiante	nom
amical	adjectif
amicale	nom
amicalement	adverbe
amidon	nom
amidonner	verbe
amigo	nom
amincir	verbe
amiral	adjectif
amirauté	nom
amitié	nom
amnistie	nom
amnistier	verbe
amnésie	nom
amnésique	adjectif
amocher	verbe
amoindrir	verbe
amollir	verbe
amonceler	verbe
amoncellement	nom
amont	nom
amoral	adjectif
amorce	nom
amorcer	verbe
amorphe	adjectif
amorti	adjectif
amortir	verbe
amortisseur	nom
amour	nom
amouracher	verbe
amourette	nom
amoureusement	adverbe
amoureux	adjectif
amovible	adjectif
amphi	nom
amphibie	adjectif
amphithéâtre	nom
amphore	nom
amphétamine	nom
ample	adjectif
amplement	adverbe
ampleur	nom
ampli	nom
amplification	nom
amplifier	verbe
amplitude	nom
ampoule	nom
ampoulé	adjectif
amputation	nom
amputer	verbe
amputé	adjectif
amulette	nom
amusant	adjectif
amusement	nom
amuser	verbe
amusette	nom
amygdale	nom
amène	adjectif
amèrement	adverbe
amélioration	nom
améliorer	verbe
amélioré	adjectif
aménagement	nom
aménager	verbe
aménité	nom
américain	adjectif
amérique	nom
améthyste	nom
anachronique	adjectif
anachronisme	nom
anagramme	nom
anal	adjectif
analgésique	nom
analogie	nom
analogue	adjectif
analphabète	adjectif
analyse	nom
analyser	verbe
analyste	nom
ananas	nom
anaphylactique	adjectif
anar	nom
anarchie	nom
anarchique	adjectif
anarchisme	nom
anarchiste	adjectif
anathème	nom
anatomie	nom
anatomique	adjectif
ancestral	adjectif
anchois	nom
ancien	adjectif
anciennement	adverbe
ancienneté	nom
ancillaire	adjectif
ancre	nom
ancrer	verbe
ancré	adjectif
ancêtre	nom
anda	nom
andalou	adjectif
andouille	nom
andouiller	nom
andouillette	nom
androgyne	adjectif
androïde	nom
anecdote	nom
anecdotique	adjectif
anesthésie	nom
anesthésier	verbe
anesthésiste	nom
aneth	nom
anfractuosité	nom
ange	nom
angelot	nom
angine	nom
anglais	adjectif
angle	nom
anglican	adjectif
angoissant	adjectif
angoisse	nom
angoisser	verbe
angoissé	adjectif
angora	adjectif
anguille	nom
anguleux	adjectif
angélique	adjectif
angélus	nom
anicroche	nom
animal	adjectif
animalier	adjectif
animalité	nom
animateur	nom
animation	nom
animaux	adjectif
animer	verbe
animosité	nom
animé	adjectif
anis	nom
anisette	nom
ankylose	nom
ankyloser	verbe
ankylosé	adjectif
annales	nom
anneau	nom
annelé	adjectif
annexe	adjectif
annexer	verbe
annexion	nom
annihiler	verbe
anniversaire	adjectif
annonce	nom
annoncer	verbe
annonceur	nom
annonciateur	adjectif
annonciation	nom
annotation	nom
annoter	verbe
annuaire	nom
annuel	adjectif
annulaire	nom
annulation	nom
annuler	verbe
annulé	adjectif
année	nom
anoblir	verbe
anodin	adjectif
anomalie	nom
anonymat	nom
anonyme	adjectif
anorak	nom
anorexie	nom
anormal	adjectif
anormalement	adverbe
anse	nom
antagonisme	nom
antagoniste	adjectif
antalgique	nom
antan	nom
ante	nom
antenne	nom
anthologie	nom
anthracite	adjectif
anthrax	nom
anthropologie	nom
anthropologue	nom
anthropophagie	nom
anti	adverbe
antiaérien	adjectif
antibiotique	nom
antichambre	nom
antichar	adjectif
anticipation	nom
anticiper	verbe
anticipé	adjectif
anticlérical	adjectif
anticommunisme	nom
anticommuniste	adjectif
anticorps	nom
antidote	nom
antidépresseur	nom
antienne	nom
antifasciste	adjectif
antillais	adjectif
antilope	nom
antimilitariste	adjectif
antimite	nom
antipathie	nom
antipathique	adjectif
antipode	nom
antiquaire	nom
antique	adjectif
antiquité	nom
antisocial	adjectif
antisémite	adjectif
antisémitisme	nom
antiterroriste	adjectif
antithèse	nom
antivirus	nom
antre	nom
antéchrist	nom
antécédent	nom
antédiluvien	adjectif
antérieur	adjectif
antérieurement	adverbe
anus	nom
anxieusement	adverbe
anxieux	adjectif
anxiété	nom
anéantir	verbe
anéantissement	nom
anémie	nom
anémique	adjectif
anémone	nom
anévrisme	nom
aorte	nom
août	nom
apache	adjectif
apaisant	adjectif
apaisement	nom
apaiser	verbe
apanage	nom
apartheid	nom
aparté	nom
apathie	nom
apathique	adjectif
apatride	adjectif
apercevoir	verbe
aperçu	nom
apesanteur	nom
apeurer	verbe
apeuré	adjectif
aphone	adjectif
aphorisme	nom
aphrodisiaque	adjectif
apitoiement	nom
apitoyer	verbe
aplanir	verbe
aplati	adjectif
aplatir	verbe
aplatissement	nom
aplomb	nom
apnée	nom
apocalypse	nom
apocalyptique	adjectif
apogée	nom
apolitique	adjectif
apologie	nom
apologue	nom
apoplectique	adjectif
apoplexie	nom
apostolat	nom
apostolique	adjectif
apostrophe	nom
apostropher	verbe
apothicaire	nom
apothéose	nom
apparat	nom
apparaître	verbe
appareil	nom
appareillage	nom
appareiller	verbe
apparemment	adverbe
apparence	nom
apparent	adjectif
apparenter	verbe
apparier	verbe
appariteur	nom
apparition	nom
appart	nom
appartement	nom
appartenance	nom
appartenir	verbe
appauvrir	verbe
appauvrissement	nom
appel	nom
appelant	nom
appeler	verbe
appellation	nom
appelé	nom
appendice	nom
appendicite	nom
appentis	nom
appesantir	verbe
applaudir	verbe
applaudissement	nom
applicable	adjectif
application	nom
applique	nom
appliquer	verbe
appliqué	adjectif
appoint	nom
appointer	verbe
apport	nom
apporter	verbe
apposer	verbe
apprendre	verbe
apprenti	nom
apprentissage	nom
appris	adjectif
apprivoiser	verbe
approbateur	adjectif
approbation	nom
approchant	adjectif
approche	nom
approcher	verbe
approfondi	adjectif
approfondir	verbe
approprier	verbe
approprié	adjectif
approuver	verbe
approuvé	adjectif
approvisionner	verbe
approximatif	adjectif
approximation	nom
appréciable	adjectif
appréciateur	nom
appréciation	nom
apprécier	verbe
appréhender	verbe
appréhension	nom
apprêt	nom
apprêter	verbe
apprêté	adjectif
appui	nom
appuyer	verbe
appuyé	adjectif
appât	nom
appâter	verbe
appétissant	adjectif
appétit	nom
aprèm	nom
après	adverbe
apte	adjectif
aptitude	nom
apéritif	adjectif
apéro	nom
apôtre	nom
aquarelle	nom
aquarium	nom
aquatique	adjectif
aqueduc	nom
aqueux	adjectif
aquilin	adjectif
aquilon	nom
arabe	adjectif
arabesque	nom
arachide	nom
arachnéen	adjectif
araignée	nom
araucaria	nom
arbalète	nom
arbalétrier	nom
arbitrage	nom
arbitraire	adjectif
arbitrairement	adverbe
arbitre	nom
arbitrer	verbe
arborer	verbe
arbre	nom
arbrisseau	nom
arbuste	nom
arcade	nom
arcan	nom
arcane	nom
arceau	nom
archange	nom
archaïque	adjectif
archaïsme	nom
arche	nom
archer	nom
archet	nom
archevêché	nom
archevêque	nom
archi	nom
archiduc	nom
archimandrite	nom
archipel	nom
archiprêtre	nom
architecte	nom
architectural	adjectif
architecture	nom
archive	nom
archiver	verbe
archiviste	nom
archéologie	nom
archéologique	adjectif
archéologue	nom
archétype	nom
arctique	adjectif
ardemment	adverbe
ardent	adjectif
arder	verbe
ardeur	nom
ardillon	nom
ardoise	adjectif
ardu	adjectif
argent	adjectif
argenterie	nom
argentin	adjectif
argenté	adjectif
argile	nom
argileux	adjectif
argot	nom
argotique	adjectif
argousin	nom
arguer	verbe
argument	nom
argumentation	nom
argumenter	verbe
argus	nom
argutie	nom
aria	nom
aride	adjectif
aridité	nom
arien	adjectif
aristo	nom
aristocrate	nom
aristocratie	nom
aristocratique	adjectif
arithmétique	nom
armada	nom
armagnac	nom
armateur	nom
armature	nom
arme	nom
armement	nom
armer	verbe
armistice	nom
armoire	nom
armoirie	nom
armure	nom
armurerie	nom
armurier	nom
armé	adjectif
armée	nom
arménien	adjectif
arnaque	nom
arnaquer	verbe
arnaqueur	nom
arnica	nom
aromate	nom
aromatique	adjectif
aromatiser	verbe
arpent	nom
arpenter	verbe
arpenteur	nom
arpion	nom
arpège	nom
arpète	nom
arquebuse	nom
arquer	verbe
arqué	adjectif
arrachement	nom
arracher	verbe
arracheur	nom
arraché	adjectif
arraisonner	verbe
arrangement	nom
arranger	verbe
arrestation	nom
arrimage	nom
arrimer	verbe
arrivage	nom
arrivant	nom
arriver	verbe
arriviste	nom
arrivé	adjectif
arrivée	nom
arrière	adjectif
arriéré	adjectif
arrogance	nom
arrogant	adjectif
arroger	verbe
arroi	nom
arrondi	adjectif
arrondir	verbe
arrondissement	nom
arrosage	nom
arroser	verbe
arrosoir	nom
arrosé	adjectif
arrêt	nom
arrêter	verbe
arrêté	adjectif
arsenal	nom
arsenic	nom
arsouille	nom
artefact	nom
arthrite	nom
arthrose	nom
artichaut	nom
artiche	nom
article	nom
articulation	nom
articuler	verbe
articulé	adjectif
artifice	nom
artificiel	adjectif
artificiellement	adverbe
artificier	nom
artillerie	nom
artilleur	nom
artisan	nom
artisanal	adjectif
artisanat	nom
artiste	adjectif
artistement	adverbe
artistique	adjectif
artistiquement	adverbe
artère	nom
artériel	adjectif
arum	nom
aryen	adjectif
arythmie	nom
arçon	nom
arène	nom
aréole	nom
aréopage	nom
arête	nom
arôme	nom
ascendance	nom
ascendant	adjectif
ascenseur	nom
ascension	nom
ascèse	nom
ascète	nom
ascétique	adjectif
ascétisme	nom
aseptisé	adjectif
asexué	adjectif
asiatique	adjectif
asile	nom
asocial	adjectif
aspect	nom
asperge	nom
asperger	verbe
aspersion	nom
asphalte	nom
asphodèle	nom
asphyxiant	adjectif
asphyxie	nom
asphyxier	verbe
asphyxié	adjectif
aspic	nom
aspirant	adjectif
aspirateur	nom
aspiration	nom
aspirer	verbe
aspirine	nom
aspiré	adjectif
aspérité	nom
assagi	adjectif
assagir	verbe
assaillant	nom
assaillir	verbe
assainir	verbe
assaisonnement	nom
assaisonner	verbe
assassin	adjectif
assassinat	nom
assassiner	verbe
assassiné	adjectif
assaut	nom
asse	nom
assemblage	nom
assembler	verbe
assemblé	adjectif
assemblée	nom
assener	verbe
assentiment	nom
asseoir	verbe
assertion	nom
asservi	adjectif
asservir	verbe
asservissement	nom
assesseur	nom
assez	adverbe
assidu	adjectif
assiduité	nom
assidûment	adverbe
assiette	nom
assiettée	nom
assignation	nom
assigner	verbe
assimilable	adjectif
assimilation	nom
assimiler	verbe
assimilé	adjectif
assis	adjectif
assise	nom
assistance	nom
assistant	nom
assister	verbe
assisté	adjectif
assiégeant	nom
assiéger	verbe
assiégé	adjectif
association	nom
associer	verbe
associé	adjectif
assoiffer	verbe
assoiffé	adjectif
assombrir	verbe
assommant	adjectif
assommer	verbe
assommoir	nom
assorti	adjectif
assortiment	nom
assortir	verbe
assoupi	adjectif
assoupir	verbe
assoupissement	nom
assouplir	verbe
assouplissement	nom
assourdi	adjectif
assourdir	verbe
assourdissant	adjectif
assouvir	verbe
assouvissement	nom
assujettir	verbe
assumer	verbe
assurance	nom
assurer	verbe
assureur	nom
assuré	adjectif
assurément	adverbe
assécher	verbe
asthmatique	adjectif
asthme	nom
asticot	nom
asticoter	verbe
astiquer	verbe
astrakan	nom
astral	adjectif
astre	nom
astreindre	verbe
astrologie	nom
astrologique	adjectif
astrologue	nom
astronaute	nom
astronome	nom
astronomie	nom
astronomique	adjectif
astuce	nom
astucieux	adjectif
astéroïde	nom
asymétrique	adjectif
atavique	adjectif
atavisme	nom
atelier	nom
atermoiement	nom
athanor	nom
athlète	nom
athlétique	adjectif
athlétisme	nom
athée	adjectif
athéisme	nom
athénien	adjectif
atlantique	adjectif
atlas	nom
atmosphère	nom
atmosphérique	adjectif
atoll	nom
atome	nom
atomique	adjectif
atone	adjectif
atonie	nom
atour	nom
atout	nom
atroce	adjectif
atrocement	adverbe
atrocité	nom
atrophier	verbe
atrophié	adjectif
atropine	nom
attabler	verbe
attablé	adjectif
attachant	adjectif
attache	nom
attachement	nom
attacher	verbe
attaché	adjectif
attaquant	nom
attaque	nom
attaquer	verbe
attarder	verbe
attardé	adjectif
atteindre	verbe
atteint	adjectif
atteinte	nom
attelage	nom
atteler	verbe
attelle	nom
attenant	adjectif
attendant	adjectif
attendre	verbe
attendrir	verbe
attendrissant	adjectif
attendrissement	nom
attendu	adjectif
attentat	nom
attente	nom
attenter	verbe
attentif	adjectif
attention	nom
attentionné	adjectif
attentisme	nom
attentivement	adverbe
atterrir	verbe
atterrissage	nom
atterré	adjectif
attestation	nom
attester	verbe
attifer	verbe
attirail	nom
attirance	nom
attirant	adjectif
attirer	verbe
attiser	verbe
attitré	adjectif
attitude	nom
attouchement	nom
attraction	nom
attrait	nom
attrape	nom
attraper	verbe
attrapeur	nom
attrayant	adjectif
attribuer	verbe
attribut	nom
attribution	nom
attriquer	verbe
attrister	verbe
attristé	adjectif
attroupement	nom
attrouper	verbe
atténuer	verbe
atténué	adjectif
atypique	adjectif
aubain	nom
aubaine	nom
aube	nom
auberge	nom
aubergine	nom
aubergiste	nom
auburn	adjectif
aubépine	nom
aucunement	adverbe
audace	nom
audacieux	adjectif
audible	adjectif
audience	nom
audimat	nom
audio	adjectif
audiovisuel	adjectif
audit	nom
auditeur	nom
auditif	adjectif
audition	nom
auditionner	verbe
auditoire	nom
auditorium	nom
auge	nom
augmentation	nom
augmenter	verbe
augure	nom
augurer	verbe
auguste	adjectif
augustin	nom
aulne	nom
aumône	nom
aumônier	nom
aune	nom
auparavant	adverbe
auprès	adverbe
aura	nom
auriculaire	nom
aurochs	nom
aurore	nom
auréole	nom
auréoler	verbe
auscultation	nom
ausculter	verbe
aussi	adverbe
aussitôt	adverbe
austral	adjectif
australien	adjectif
austère	adjectif
austérité	nom
autant	adverbe
autel	nom
auteur	nom
authenticité	nom
authentifier	verbe
authentique	adjectif
authentiquement	adverbe
autiste	adjectif
auto	nom
autobiographie	nom
autobiographique	adjectif
autobus	nom
autocar	nom
autochtone	adjectif
autocollant	nom
autocritique	nom
autodafé	nom
autodestruction	nom
autodidacte	adjectif
autodéfense	nom
autodétruire	verbe
autographe	nom
automate	nom
automatique	adjectif
automatiquement	adverbe
automatisme	nom
automnal	adjectif
automne	nom
automobile	adjectif
automobiliste	nom
autonome	adjectif
autonomie	nom
autoportrait	nom
autopsie	nom
autoradio	nom
autorisation	nom
autoriser	verbe
autorisé	adjectif
autoritaire	adjectif
autorité	nom
autoroute	nom
autour	adverbe
autre	adjectif
autrefois	adverbe
autrement	adverbe
autrichien	adjectif
autruche	nom
auvent	nom
auvergnat	adjectif
auvergne	nom
auverpin	nom
auxiliaire	adjectif
avachi	adjectif
avachir	verbe
aval	nom
avalanche	nom
avaler	verbe
avaleur	nom
avance	nom
avancement	nom
avancer	verbe
avancé	adjectif
avancée	nom
avanie	nom
avant	adjectif
avantage	nom
avantager	verbe
avantageusement	adverbe
avantageux	adjectif
avare	adjectif
avarice	nom
avarie	nom
avarié	adjectif
avatar	nom
avenant	adjectif
avenir	nom
aventure	nom
aventurer	verbe
aventureux	adjectif
aventurier	adjectif
avenu	adjectif
avenue	adjectif
averse	nom
aversion	nom
averti	adjectif
avertir	verbe
avertissement	nom
avertisseur	nom
aveu	nom
aveuglant	adjectif
aveugle	adjectif
aveuglement	nom
aveugler	verbe
aveuglément	adverbe
aviateur	nom
aviation	nom
avide	adjectif
avidement	adverbe
avidité	nom
avilir	verbe
avilissant	adjectif
aviné	adjectif
avion	nom
aviron	nom
aviser	verbe
aviso	nom
avisé	adjectif
aviver	verbe
avocat	nom
avoine	nom
avoir	nom
avoisinant	adjectif
avoisiner	verbe
avortement	nom
avorter	verbe
avorteur	nom
avorton	nom
avorté	adjectif
avouable	adjectif
avouer	verbe
avoué	adjectif
avril	nom
avènement	nom
avérer	verbe
axer	verbe
axiome	nom
axis	nom
ayatollah	nom
azalée	nom
azimut	nom
azote	nom
aztèque	adjectif
azulejo	nom
azur	adjectif
azuré	adjectif
aération	nom
aérer	verbe
aérien	adjectif
aérobic	nom
aérodrome	nom
aérodynamique	adjectif
aérogare	nom
aéroglisseur	nom
aéronautique	nom
aéroplane	nom
aéroport	nom
aéroporté	adjectif
aérosol	nom
aéré	adjectif
aîné	adjectif
aïd	nom
aïeul	nom
baba	nom
babil	nom
babillage	nom
babiller	verbe
babine	nom
babiole	nom
babouche	nom
babouchka	nom
babouin	nom
baby	nom
baccalauréat	nom
baccara	nom
bacchanale	nom
bacchante	nom
bachelier	nom
bachot	nom
bacille	nom
back	nom
backgammon	nom
bacon	nom
bactérie	nom
bactériologique	adjectif
badaud	nom
bader	verbe
badge	nom
badigeon	nom
badigeonner	verbe
badin	adjectif
badinage	nom
badine	nom
badiner	verbe
baffe	nom
baffer	verbe
baffle	nom
bafouer	verbe
bafouille	nom
bafouiller	verbe
bafoué	adjectif
bagage	nom
bagarre	nom
bagarrer	verbe
bagarreur	adjectif
bagatelle	nom
bagnard	nom
bagne	nom
bagnole	nom
bagout	nom
bague	nom
baguenauder	verbe
baguer	verbe
baguette	nom
bagué	adjectif
baht	nom
bahut	nom
baie	adjectif
baignade	nom
baigner	verbe
baigneur	nom
baignoire	nom
bail	nom
baille	nom
bailler	verbe
bailleur	nom
bain	nom
baise	nom
baisemain	nom
baiser	nom
baiseur	nom
baisse	nom
baisser	verbe
bajoue	nom
bakchich	nom
bakélite	nom
balade	nom
balader	verbe
baladeur	adjectif
baladin	nom
balafre	nom
balafrer	verbe
balafré	adjectif
balai	nom
balance	nom
balancement	nom
balancer	verbe
balancier	nom
balancé	adjectif
balançoire	nom
balayage	nom
balayer	verbe
balayette	nom
balayeur	nom
balbutiant	adjectif
balbutiement	nom
balbutier	verbe
balcon	nom
balconnet	nom
baldaquin	nom
bale	nom
baleine	nom
baleinier	nom
balise	nom
baliser	verbe
balistique	adjectif
baliveau	nom
baliverne	nom
balkanique	adjectif
ballade	nom
ballant	adjectif
ballast	nom
balle	nom
baller	verbe
ballerine	nom
ballet	nom
ballon	nom
ballonner	verbe
ballonné	adjectif
ballot	adjectif
ballotter	verbe
ballotté	adjectif
balluchon	nom
balnéaire	adjectif
balourd	adjectif
balourdise	nom
balsamine	nom
balte	adjectif
balthazar	nom
balto	adverbe
baluchon	nom
balustrade	nom
balustre	nom
balzacien	adjectif
balèze	adjectif
bambin	nom
bambou	nom
bamboula	nom
banal	adjectif
banalement	adverbe
banaliser	verbe
banalité	nom
banane	nom
bananer	verbe
bananier	nom
banc	nom
bancaire	adjectif
bancal	adjectif
bandage	nom
bandaison	nom
bandana	nom
bandant	adjectif
bande	nom
bandeau	nom
bandelette	nom
bander	verbe
banderille	nom
banderole	nom
bandit	nom
banditisme	nom
bandoulière	nom
bandé	adjectif
bang	nom
banjo	nom
banlieue	nom
banlieusard	adjectif
banner	verbe
banni	adjectif
bannir	verbe
bannissement	nom
bannière	nom
banque	nom
banqueroute	nom
banquet	nom
banquette	nom
banquier	nom
banquise	nom
banyuls	nom
baobab	nom
baptiser	verbe
baptismal	adjectif
baptiste	adjectif
baptême	nom
baquet	nom
baragouiner	verbe
baraque	nom
baraquement	nom
baraqué	adjectif
baratin	nom
baratiner	verbe
baratineur	nom
barbant	adjectif
barbaque	nom
barbare	adjectif
barbaresque	adjectif
barbarie	nom
barbe	nom
barbeau	nom
barbecue	nom
barbelé	adjectif
barber	verbe
barbiche	nom
barbichette	nom
barbichu	adjectif
barbier	nom
barbillon	nom
barbiturique	nom
barbon	nom
barboter	verbe
barbouillage	nom
barbouille	nom
barbouiller	verbe
barbouilleur	nom
barbouillé	adjectif
barbouze	nom
barbu	adjectif
barcasse	nom
barda	nom
barde	nom
barder	verbe
barge	adjectif
baril	nom
barillet	nom
bariolage	nom
bariolé	adjectif
barjo	adjectif
barjot	adjectif
barmaid	nom
barman	nom
baromètre	nom
baron	nom
baroque	adjectif
baroud	nom
baroudeur	nom
barouf	nom
barque	nom
barquette	nom
barracuda	nom
barrage	nom
barre	nom
barreau	nom
barrer	verbe
barrette	nom
barricade	nom
barricader	verbe
barrique	nom
barrissement	nom
barrière	nom
barré	adjectif
bartavelle	nom
baryton	nom
barème	nom
basalte	nom
basane	nom
basané	adjectif
basculant	adjectif
bascule	nom
basculer	verbe
base	nom
baseball	nom
baser	verbe
basilic	nom
basilique	adjectif
basique	adjectif
basket	nom
basque	adjectif
basse	nom
bassement	adverbe
bassesse	nom
basset	nom
bassin	nom
bassine	nom
bassiner	verbe
bassiste	nom
baste	nom
bastide	nom
bastille	nom
bastingage	nom
bastion	nom
baston	nom
bastonner	verbe
bastos	nom
bastringue	nom
basé	adjectif
bataclan	nom
bataille	nom
batailler	verbe
batailleur	adjectif
bataillon	nom
bateau	nom
bateleur	nom
batelier	nom
bath	adjectif
batifoler	verbe
batiste	nom
batracien	nom
battant	adjectif
batte	nom
battement	nom
batterie	nom
batteur	nom
battoir	nom
battre	verbe
battu	adjectif
battue	nom
baudet	nom
baudrier	nom
baudruche	nom
bauge	nom
baume	nom
bavard	adjectif
bavardage	nom
bavarder	verbe
bavarois	adjectif
bavasser	verbe
bave	nom
baver	verbe
bavette	nom
baveux	adjectif
bavoir	nom
bavure	nom
bayer	verbe
bayou	nom
bazar	nom
bazarder	verbe
bazooka	nom
baïonnette	nom
beat	adjectif
beau	adjectif
beauceron	adjectif
beaucoup	adverbe
beauf	nom
beaujolais	nom
beauté	nom
becquer	verbe
becqueter	verbe
bectance	nom
becter	verbe
bedaine	nom
bedeau	nom
bedonnant	adjectif
beffroi	nom
beige	adjectif
beigne	nom
beignet	nom
belette	nom
belge	adjectif
bellement	adverbe
belligérant	adjectif
belliqueux	adjectif
bellâtre	nom
belon	nom
belote	nom
belvédère	nom
bengali	nom
benjamin	nom
benjoin	nom
benne	nom
benoît	adjectif
benoîtement	adverbe
benêt	adjectif
berbère	adjectif
bercail	nom
berceau	nom
bercement	nom
bercer	verbe
berceur	adjectif
berge	nom
berger	nom
bergerie	nom
berline	nom
berlingot	nom
berlinois	adjectif
berlue	nom
berlure	nom
berlurer	verbe
bermuda	nom
berne	nom
berner	verbe
bernique	nom
berrichon	adjectif
berthe	nom
berzingue	nom
besace	nom
besogne	nom
besogner	verbe
besogneux	adjectif
besoin	nom
best	nom
bestiaire	nom
bestial	adjectif
bestialité	nom
bestiau	nom
bestiole	nom
bette	nom
betterave	nom
beuglant	nom
beuglement	nom
beugler	verbe
beuh	adverbe
beur	nom
beurre	adjectif
beurrer	verbe
beurré	adjectif
beuverie	nom
biais	adjectif
biaiser	verbe
bibelot	nom
biberon	nom
biberonner	verbe
bibi	nom
bibiche	nom
bibine	nom
bible	nom
bibliographie	nom
bibliophile	nom
bibliothèque	nom
bibliothécaire	nom
biblique	adjectif
bicarbonate	nom
biceps	nom
biche	nom
bicher	verbe
bichon	nom
bichonner	verbe
bicolore	adjectif
bicoque	nom
bicorne	nom
bicot	nom
bicyclette	nom
bicéphale	adjectif
bidasse	nom
bide	nom
bidet	nom
bidoche	nom
bidon	adjectif
bidonner	verbe
bidonville	nom
bidule	nom
bief	nom
bielle	nom
bien	adjectif
bienfaisance	nom
bienfaisant	adjectif
bienfait	nom
bienfaiteur	nom
bienheureux	adjectif
bienséance	nom
bienséant	adjectif
bientôt	adverbe
bienveillance	nom
bienveillant	adjectif
bienvenu	adjectif
bienvenue	nom
biffe	nom
biffer	verbe
biffeton	nom
biffin	nom
bifide	adjectif
bifteck	nom
bifton	nom
bifurcation	nom
bifurquer	verbe
bigarrer	verbe
bigarrure	nom
bigarré	adjectif
bigler	verbe
bigleux	adjectif
bignole	nom
bigo	nom
bigophone	nom
bigophoner	verbe
bigorneau	nom
bigorner	verbe
bigot	nom
bigoudi	nom
bigre	nom
bigrement	adverbe
bijou	nom
bijouterie	nom
bijoutier	nom
bikini	nom
bilan	nom
bilatéral	adjectif
bilboquet	nom
bile	nom
biler	verbe
biliaire	adjectif
bilieux	adjectif
bilingue	adjectif
bill	nom
billard	nom
bille	nom
billet	nom
billevesée	nom
billot	nom
bimbeloterie	nom
binaire	adjectif
biner	verbe
binette	nom
bingo	nom
biniou	nom
binoclard	adjectif
binocle	nom
biochimie	nom
biographe	nom
biographie	nom
biographique	adjectif
biologie	nom
biologique	adjectif
biologiste	nom
biopsie	nom
biper	verbe
biplan	nom
bipède	adjectif
bique	nom
biquet	nom
biquette	nom
biribi	nom
biroute	nom
biscornu	adjectif
biscotte	nom
biscuit	nom
biscuiterie	nom
bise	adjectif
biseau	nom
bisexuel	adjectif
bison	nom
bisou	nom
bisque	nom
bistouri	nom
bistre	adjectif
bistro	nom
bistrot	nom
bite	nom
bitos	nom
bitte	nom
bitume	nom
biture	nom
bivouac	nom
bivouaquer	verbe
bizarre	adjectif
bizarrement	adverbe
bizarrerie	nom
bizness	nom
bizut	nom
bizutage	nom
bière	nom
blabla	nom
blablabla	nom
black	adjectif
blafard	adjectif
blague	nom
blaguer	verbe
blagueur	adjectif
blair	nom
blaireau	nom
blairer	verbe
blanc	adjectif
blanche	nom
blanchecaille	nom
blanchet	nom
blancheur	nom
blanchi	adjectif
blanchiment	nom
blanchir	verbe
blanchissant	adjectif
blanchisserie	nom
blanchisseur	nom
blanchon	nom
blanchâtre	adjectif
blanquette	nom
blase	nom
blaser	verbe
blason	nom
blasphème	nom
blasphémateur	nom
blasphématoire	adjectif
blasphémer	verbe
blasé	adjectif
blatte	nom
blaze	nom
blazer	nom
bled	nom
blessant	adjectif
blesser	verbe
blessure	nom
blessé	adjectif
blet	adjectif
bleu	adjectif
bleuet	nom
bleui	adjectif
bleuir	verbe
bleuté	adjectif
bleuâtre	adjectif
blindage	nom
blinder	verbe
blindé	adjectif
blini	nom
blizzard	nom
bloc	nom
blocage	nom
block	nom
blockhaus	nom
blocus	nom
blond	adjectif
blondasse	adjectif
blondeur	nom
blondinet	adjectif
blondir	verbe
bloquer	verbe
bloqué	adjectif
blot	nom
blotti	adjectif
blottir	verbe
blouse	nom
blouser	verbe
blouson	nom
blues	nom
bluette	nom
bluff	nom
bluffer	verbe
blâme	nom
blâmer	verbe
blé	nom
blême	adjectif
blêmir	verbe
bobard	nom
bobine	nom
bobo	nom
bobonne	nom
bobosse	nom
bobsleigh	nom
bocage	nom
bocal	nom
boche	adjectif
bock	nom
bodega	nom
bodhi	nom
bodo	nom
body	nom
boeuf	adjectif
boghei	nom
bohème	adjectif
bohémien	adjectif
bohême	nom
boire	nom
bois	nom
boiserie	nom
boisseau	nom
boisson	nom
boisé	adjectif
boiter	verbe
boiterie	nom
boiteux	adjectif
boitiller	verbe
bolchevik	nom
bolchevique	adjectif
bolchevisme	nom
bolet	nom
bolide	nom
boléro	nom
bombance	nom
bombarde	nom
bombardement	nom
bombarder	verbe
bombardier	nom
bombardé	adjectif
bombe	nom
bomber	verbe
bombé	adjectif
bonasse	adjectif
bonbon	nom
bonbonne	nom
bonbonnière	nom
bond	nom
bonde	nom
bonder	verbe
bondieuserie	nom
bondir	verbe
bondissant	adjectif
bondissement	nom
bondé	adjectif
bonheur	nom
bonhomie	nom
bonhomme	adjectif
boni	nom
boniche	nom
boniment	nom
bonir	verbe
bonjour	nom
bonnard	adjectif
bonne	nom
bonnement	adverbe
bonnet	nom
bonneteau	nom
bonneterie	nom
bonniche	nom
bonnir	verbe
bonsoir	nom
bonté	nom
bonus	nom
bonze	nom
book	nom
bookmaker	nom
boom	nom
boomer	nom
boomerang	nom
booster	nom
boqueteau	nom
borborygme	nom
bord	nom
bordeaux	adjectif
bordel	nom
bordelais	adjectif
border	verbe
bordereau	nom
bordj	nom
bordure	nom
bordé	adjectif
bordée	adjectif
bordélique	adjectif
borgne	adjectif
borie	nom
bornage	nom
borne	nom
borner	verbe
borné	adjectif
bortsch	nom
boréal	adjectif
bosco	nom
bosniaque	adjectif
bosquet	nom
boss	nom
bosse	nom
bosseler	verbe
bosselé	adjectif
bosser	verbe
bosseur	nom
bossu	adjectif
bossué	adjectif
botanique	adjectif
botaniste	nom
botte	nom
botter	verbe
bottier	nom
bottillon	nom
bottin	nom
bottine	nom
botté	adjectif
boubou	nom
bouc	nom
boucan	nom
boucaner	verbe
bouche	nom
boucher	nom
boucherie	nom
bouchon	nom
bouchonner	verbe
bouché	adjectif
bouchée	nom
bouclage	nom
boucle	nom
boucler	verbe
bouclette	nom
bouclier	nom
bouclé	adjectif
bouddha	nom
bouddhisme	nom
bouddhiste	adjectif
bouder	verbe
bouderie	nom
boudeur	adjectif
boudin	nom
boudiné	adjectif
boudoir	nom
boue	nom
boueux	adjectif
bouffant	adjectif
bouffarde	nom
bouffe	adjectif
bouffer	verbe
bouffeur	nom
bouffi	adjectif
bouffon	adjectif
bouffonner	verbe
bouffonnerie	nom
bouffée	nom
bougainvillée	nom
bouge	nom
bougeoir	nom
bougeotte	nom
bouger	verbe
bougie	nom
bougnat	nom
bougnoule	nom
bougon	adjectif
bougonner	verbe
bougre	nom
bougrement	adverbe
bouillabaisse	nom
bouillant	adjectif
bouillasse	nom
bouille	nom
bouilli	adjectif
bouillie	nom
bouillir	verbe
bouilloire	nom
bouillon	nom
bouillonnant	adjectif
bouillonnement	nom
bouillonner	verbe
bouillotte	nom
boulanger	nom
boulangerie	nom
boule	nom
bouleau	nom
bouledogue	nom
bouler	verbe
boulet	nom
boulette	nom
boulevard	nom
bouleversant	adjectif
bouleversement	nom
bouleverser	verbe
bouleversé	adjectif
boulier	nom
boulimie	nom
bouliste	nom
boulon	nom
boulonner	verbe
boulot	adjectif
boum	nom
bouquet	nom
bouquin	nom
bouquiner	verbe
bouquiniste	nom
bourbeux	adjectif
bourbier	nom
bourbon	nom
bourbonien	adjectif
bourde	nom
bourdon	nom
bourdonnant	adjectif
bourdonnement	nom
bourdonner	verbe
bourg	nom
bourgade	nom
bourge	nom
bourgeois	adjectif
bourgeoisement	adverbe
bourgeoisie	nom
bourgeon	nom
bourgeonner	verbe
bourgeron	nom
bourgmestre	nom
bourgogne	nom
bourguignon	adjectif
bourlinguer	verbe
bourrade	nom
bourrasque	nom
bourre	nom
bourreau	nom
bourrelet	nom
bourrelier	nom
bourrer	verbe
bourriche	nom
bourricot	nom
bourrin	nom
bourrique	nom
bourru	adjectif
bourré	adjectif
bourse	nom
boursier	adjectif
boursoufler	verbe
boursouflure	nom
boursouflé	adjectif
bousbir	nom
bousculade	nom
bousculer	verbe
bouse	nom
bouseux	nom
bousiller	verbe
bousillé	adjectif
boussole	nom
boustifaille	nom
bout	nom
boutade	nom
boutanche	nom
bouteille	nom
bouteillon	nom
bouter	verbe
bouthéon	nom
boutique	nom
boutiquier	adjectif
boutoir	nom
bouton	nom
boutonner	verbe
boutonneux	adjectif
boutonnière	nom
boutonné	adjectif
boutre	nom
bouvier	nom
bouée	nom
bovidé	nom
bovin	adjectif
bowling	nom
boxe	nom
boxer	nom
boxeur	nom
boxon	nom
boyard	nom
boyau	nom
boycott	nom
boycotter	verbe
boîte	nom
boîtier	nom
bracelet	nom
braconnage	nom
braconner	verbe
braconnier	nom
brader	verbe
braguette	nom
braillard	adjectif
braille	nom
braillement	nom
brailler	verbe
braiment	nom
braire	verbe
braise	nom
brame	nom
bramer	verbe
brancard	nom
brancardier	nom
branchage	nom
branche	nom
branchement	nom
brancher	verbe
branchette	nom
branchie	nom
branché	adjectif
brandillon	nom
brandir	verbe
brandon	nom
brandy	nom
branlant	adjectif
branle	nom
branler	verbe
branlette	nom
branleur	nom
branlée	nom
branque	adjectif
braquage	nom
braque	adjectif
braquemart	nom
braquer	verbe
braqueur	nom
bras	nom
brasero	nom
brasier	nom
brasiller	verbe
brassage	nom
brassard	nom
brasse	nom
brasser	verbe
brasserie	nom
brasseur	nom
brassière	nom
brassée	nom
bravade	nom
brave	adjectif
bravement	adverbe
braver	verbe
bravo	nom
bravoure	nom
braye	nom
break	nom
breakfast	nom
brebis	nom
bredouille	adjectif
bredouillement	nom
bredouiller	verbe
bref	adjectif
brelan	nom
breloque	nom
bressan	adjectif
bretelle	nom
breton	adjectif
bretzel	nom
breuvage	nom
brevet	nom
breveté	adjectif
bribe	nom
bricheton	nom
brick	nom
bricolage	nom
bricole	nom
bricoler	verbe
bricoleur	adjectif
bride	nom
brider	verbe
bridge	nom
bridger	verbe
bridé	adjectif
brie	nom
briefer	verbe
briefing	nom
briffer	verbe
brigade	nom
brigadier	nom
brigand	nom
brigandage	nom
briguer	verbe
brillamment	adverbe
brillance	nom
brillant	adjectif
brillantine	nom
briller	verbe
brimade	nom
brimer	verbe
brin	nom
brindille	nom
bringue	nom
bringuebaler	verbe
brio	nom
brioche	nom
brique	adjectif
briquer	verbe
briquet	nom
briquette	nom
bris	nom
brisant	adjectif
brise	nom
briser	verbe
briseur	nom
bristol	nom
brisure	nom
brisé	adjectif
brisée	nom
britannique	adjectif
british	adjectif
brièvement	adverbe
brièveté	nom
broc	nom
brocante	nom
brocanteur	nom
brocard	nom
brocart	nom
brochant	adjectif
broche	nom
brocher	verbe
brochet	nom
brochette	nom
brochure	nom
broché	adjectif
brocoli	nom
brodequin	nom
broder	verbe
broderie	nom
brodé	adjectif
bromure	nom
bronche	nom
broncher	verbe
bronchite	nom
bronzage	nom
bronze	adjectif
bronzer	verbe
bronzé	adjectif
broque	nom
broquille	nom
brosse	nom
brosser	verbe
brou	nom
brouet	nom
brouette	nom
brouhaha	nom
brouillage	nom
brouillard	adjectif
brouille	nom
brouiller	verbe
brouilleur	nom
brouillon	adjectif
brouillé	adjectif
broussaille	nom
broussailleux	adjectif
brousse	nom
brout	nom
brouter	verbe
broutille	nom
broyer	verbe
broyeur	adjectif
broyé	adjectif
bruine	nom
bruiner	verbe
bruire	verbe
bruissant	adjectif
bruissement	nom
bruit	nom
bruitage	nom
brume	nom
brumeux	adjectif
brun	adjectif
brunch	nom
brune	nom
brunette	nom
bruni	adjectif
brunir	verbe
brunâtre	adjectif
brushing	nom
brusque	adjectif
brusquement	adverbe
brusquer	verbe
brusquerie	nom
brut	adjectif
brutal	adjectif
brutalement	adverbe
brutaliser	verbe
brutalité	nom
brute	nom
bruxellois	adjectif
bruyamment	adverbe
bruyant	adjectif
bruyère	nom
brèche	nom
brème	nom
brève	nom
bréchet	nom
brésilien	adjectif
bréviaire	nom
brûlant	adjectif
brûler	verbe
brûlot	nom
brûlure	nom
brûlé	adjectif
buanderie	nom
buccal	adjectif
bucolique	adjectif
budget	nom
budgétaire	adjectif
buffet	nom
buffle	nom
buffleterie	nom
building	nom
buis	nom
buisson	nom
bulbe	nom
bulgare	adjectif
bull	nom
bulldozer	nom
bulle	nom
bulletin	nom
bungalow	nom
bunker	nom
buraliste	nom
bure	nom
bureau	nom
bureaucrate	nom
bureaucratie	nom
bureaucratique	adjectif
burette	nom
burger	nom
burin	nom
buriner	verbe
buriné	adjectif
burlesque	adjectif
burlingue	nom
burne	nom
burnous	nom
busard	nom
buse	nom
business	nom
businessman	nom
busqué	adjectif
buste	nom
butane	nom
buter	verbe
butin	nom
butiner	verbe
butoir	nom
butor	nom
butte	nom
butter	verbe
buté	adjectif
butée	nom
buvable	adjectif
buvard	adjectif
buvette	nom
buveur	nom
buée	nom
byzantin	adjectif
bâbord	nom
bâche	nom
bâché	adjectif
bâcler	verbe
bâfrer	verbe
bâillant	adjectif
bâillement	nom
bâiller	verbe
bâillon	nom
bâillonner	verbe
bât	nom
bâtard	adjectif
bâtardise	nom
bâti	adjectif
bâtiment	nom
bâtir	verbe
bâtisse	nom
bâtisseur	nom
bâton	nom
bâtonnet	nom
bâtonnier	nom
bègue	adjectif
béance	nom
béant	adjectif
béat	adjectif
béatement	adverbe
béatifier	verbe
béatitude	nom
bébé	nom
bébête	adjectif
bécane	nom
bécasse	nom
bécoter	verbe
bédouin	nom
béer	verbe
bégaiement	nom
bégayant	adjectif
bégayer	verbe
bégueule	adjectif
béguin	nom
bélier	nom
bémol	nom
bénard	nom
bénef	nom
bénin	adjectif
bénir	verbe
bénisseur	adjectif
bénit	adjectif
bénitier	nom
bénédictin	adjectif
bénédiction	nom
bénéfice	nom
bénéficiaire	adjectif
bénéficier	verbe
bénéfique	adjectif
bénévolat	nom
bénévole	adjectif
bénévolement	adverbe
béquille	nom
béret	nom
bétail	nom
bétel	nom
béton	nom
bétonné	adjectif
bévue	nom
bêche	nom
bêcher	verbe
bêcheur	adjectif
bêlement	nom
bêler	verbe
bêta	adjectif
bête	adjectif
bêtement	adverbe
bêtifier	verbe
bêtise	nom
bûche	nom
bûcher	nom
bûcheron	nom
bûchette	nom
bûcheur	nom
cabale	nom
cabalistique	adjectif
caban	nom
cabane	nom
cabanon	nom
cabaret	nom
cabaretier	nom
cabas	nom
cabine	nom
cabinet	nom
caboche	nom
cabochon	nom
cabosser	verbe
cabot	nom
caboteur	nom
cabotin	nom
caboulot	nom
cabrer	verbe
cabri	nom
cabriole	nom
cabriolet	nom
cabèche	nom
caca	adjectif
cacahouète	nom
cacahuète	nom
cacao	nom
cachalot	nom
cache	nom
cachemire	nom
cacher	verbe
cachet	nom
cacheter	verbe
cacheton	nom
cachette	nom
cachot	nom
cachotterie	nom
cachottier	nom
cachou	nom
caché	adjectif
cacochyme	adjectif
cacophonie	nom
cactus	nom
cadastral	adjectif
cadastre	nom
cadavre	nom
cadavérique	adjectif
caddie	nom
caddy	nom
cadeau	nom
cadenas	nom
cadenasser	verbe
cadence	nom
cadencer	verbe
cadencé	adjectif
cadet	adjectif
cadi	nom
cador	nom
cadrage	nom
cadran	nom
cadre	nom
cadrer	verbe
caduc	adjectif
caduque	adjectif
cafard	adjectif
cafeteria	nom
cafetier	nom
cafetière	nom
cafouillage	nom
caftan	nom
cafter	verbe
cafteur	nom
café	adjectif
caféine	nom
cafétéria	nom
cagade	nom
cage	nom
cageot	nom
cagette	nom
cagibi	nom
cagna	nom
cagneux	adjectif
cagnotte	nom
cagoulard	nom
cagoule	nom
caguer	verbe
cahier	nom
cahot	nom
cahotant	adjectif
cahoter	verbe
cahoteux	adjectif
cahute	nom
caillasse	nom
caille	nom
cailler	verbe
caillot	nom
caillou	nom
caillouteux	adjectif
cailloutis	nom
caillé	adjectif
caisse	nom
caissette	nom
caissier	nom
caisson	nom
cajoler	verbe
cajolerie	nom
cajoleur	adjectif
cake	nom
calamar	nom
calamiteux	adjectif
calamité	nom
calandre	nom
calbombe	nom
calcaire	adjectif
calcif	nom
calciner	verbe
calciné	adjectif
calcium	nom
calcul	nom
calculatrice	nom
calculer	verbe
cale	nom
calebasse	nom
calembour	nom
calembredaine	nom
calendos	nom
calendrier	nom
calepin	nom
caler	verbe
caleçon	nom
calfeutrer	verbe
calibre	nom
calibrer	verbe
calice	nom
calicot	nom
calife	nom
californien	adjectif
califourchon	adverbe
caller	verbe
calleux	adjectif
calligraphie	nom
calligraphier	verbe
calmant	adjectif
calmar	nom
calme	adjectif
calmement	adverbe
calmer	verbe
calomnie	nom
calomnier	verbe
calorie	nom
calorifère	nom
calot	nom
calotte	nom
calque	nom
calquer	verbe
calter	verbe
calva	nom
calvados	nom
calvaire	nom
calvitie	nom
calèche	nom
calé	adjectif
camail	nom
camarade	nom
camaraderie	nom
cambouis	nom
cambrer	verbe
cambriolage	nom
cambrioler	verbe
cambrioleur	nom
cambrousse	nom
cambrure	nom
cambré	adjectif
cambuse	nom
came	nom
camelot	nom
camelote	nom
camembert	nom
camer	verbe
cameraman	nom
camion	nom
camionnette	nom
camionneur	nom
camisole	nom
camomille	nom
camouflage	nom
camoufler	verbe
camouflet	nom
camp	nom
campagnard	adjectif
campagne	nom
campanile	nom
campement	nom
camper	verbe
campeur	nom
camphre	nom
camping	nom
campo	nom
campus	nom
camus	adjectif
camé	adjectif
camée	nom
camélia	nom
caméléon	nom
caméra	nom
caméraman	nom
camériste	nom
caméscope	nom
canada	nom
canadien	adjectif
canadienne	adjectif
canaille	adjectif
canal	nom
canalisation	nom
canaliser	verbe
canapé	nom
canard	nom
canarder	verbe
canari	adjectif
canasson	nom
canasta	nom
cancan	nom
cancaner	verbe
cancer	nom
cancre	nom
cancrelat	nom
cancéreux	adjectif
candeur	nom
candidat	nom
candidature	nom
candide	adjectif
candélabre	nom
canebière	nom
caner	verbe
caneton	nom
canette	nom
canevas	nom
caniche	nom
caniculaire	adjectif
canicule	nom
canif	nom
canin	adjectif
canine	adjectif
caniveau	nom
canna	nom
cannabis	nom
canne	nom
cannelle	nom
cannelloni	nom
cannelure	nom
canner	verbe
cannette	nom
cannibale	adjectif
cannibalisme	nom
canné	adjectif
canon	adjectif
canonique	adjectif
canoniser	verbe
canonnade	nom
canonner	verbe
canonnier	nom
canonnière	nom
canot	nom
canotier	nom
canoë	nom
cantabile	nom
cantate	nom
cantatrice	nom
cantine	nom
cantinier	nom
cantique	nom
canton	nom
cantonade	nom
cantonnement	nom
cantonner	verbe
cantonnier	nom
canular	nom
canyon	nom
caoua	nom
caoutchouc	nom
caoutchouteux	adjectif
caoutchouté	adjectif
capable	adjectif
capacité	nom
caparaçon	nom
cape	nom
capeline	nom
capharnaüm	nom
capillaire	adjectif
capilotade	nom
capitaine	nom
capital	adjectif
capitale	nom
capitalisme	nom
capitaliste	adjectif
capitan	nom
capiteux	adjectif
capiton	nom
capitonner	verbe
capitonné	adjectif
capitulation	nom
capituler	verbe
capo	nom
caporal	nom
capot	nom
capote	nom
capoter	verbe
cappuccino	nom
caprice	nom
capricieusement	adverbe
capricieux	adjectif
capsule	nom
capter	verbe
capteur	nom
captif	adjectif
captivant	adjectif
captiver	verbe
captivité	nom
capture	nom
capturer	verbe
capuche	nom
capuchon	nom
capucin	nom
capucine	nom
caque	nom
caquet	nom
caquetage	nom
caqueter	verbe
carabine	nom
carabinier	nom
carabiné	adjectif
carabosse	nom
caraco	nom
caracoler	verbe
caractère	nom
caractériel	adjectif
caractériser	verbe
caractéristique	adjectif
caractérisé	adjectif
carafe	nom
carafon	nom
caramboler	verbe
caramel	adjectif
carapace	nom
carapater	verbe
carat	nom
caravane	nom
caravanier	nom
caravansérail	nom
caravelle	nom
carbone	nom
carbonique	adjectif
carboniser	verbe
carburant	adjectif
carburateur	nom
carbure	nom
carburer	verbe
carcan	nom
carcasse	nom
carcéral	adjectif
carder	verbe
cardeur	nom
cardiaque	adjectif
cardigan	nom
cardinal	adjectif
cardiologie	nom
cardiologue	nom
cardon	nom
care	nom
carence	nom
caressant	adjectif
caresse	nom
caresser	verbe
cargaison	nom
cargo	nom
cari	nom
cariatide	nom
caribou	nom
caricatural	adjectif
caricature	nom
caricaturiste	nom
carie	nom
carien	adjectif
carillon	nom
carillonner	verbe
caritatif	adjectif
carlin	nom
carlingue	nom
carliste	adjectif
carmagnole	nom
carme	nom
carmer	verbe
carmin	nom
carminé	adjectif
carmélite	nom
carnage	nom
carnassier	adjectif
carnation	nom
carnaval	nom
carne	nom
carnet	nom
carnivore	adjectif
carotide	nom
carotte	adjectif
carouble	nom
carpe	nom
carpette	nom
carquois	nom
carreau	nom
carrefour	nom
carrelage	nom
carreler	verbe
carrelet	nom
carrer	verbe
carrier	nom
carriole	nom
carrière	nom
carrossable	adjectif
carrosse	nom
carrosserie	nom
carrousel	nom
carrure	nom
carry	nom
carré	adjectif
carrée	nom
carrément	adverbe
cartable	nom
carte	nom
cartel	nom
carter	nom
cartilage	nom
cartographe	nom
cartomancien	nom
carton	nom
cartonnage	nom
cartonner	verbe
cartoon	nom
cartouche	nom
cartouchière	nom
cartésien	adjectif
carène	nom
carême	nom
casa	nom
casanier	adjectif
casaque	nom
casbah	nom
cascade	nom
cascader	verbe
cascadeur	nom
case	nom
casemate	nom
caser	verbe
caserne	nom
casernement	nom
cash	adverbe
casher	adjectif
casier	nom
casino	nom
casoar	nom
casque	nom
casquer	verbe
casquette	nom
casqué	adjectif
cassage	nom
cassant	adjectif
cassation	nom
casse	nom
casser	verbe
casserole	nom
cassette	nom
casseur	nom
cassine	nom
cassis	nom
cassolette	nom
cassoulet	nom
cassure	nom
cassé	adjectif
castagne	nom
castagner	verbe
castagnette	nom
caste	nom
castel	nom
castillan	adjectif
casting	nom
castor	nom
castration	nom
castrer	verbe
cata	nom
cataclysme	nom
catacombe	nom
catafalque	nom
catalan	adjectif
catalepsie	nom
catalogue	nom
cataloguer	verbe
catalyseur	nom
cataplasme	nom
catapulte	nom
catapulter	verbe
cataracte	nom
catastrophe	nom
catastropher	verbe
catastrophique	adjectif
catch	nom
catcher	verbe
catcheur	nom
cathare	nom
catho	nom
catholicisme	nom
catholique	adjectif
cathédrale	adjectif
cathéter	nom
cati	nom
catin	nom
cato	nom
catogan	nom
catéchisme	nom
catégorie	nom
catégorique	adjectif
catégoriquement	adverbe
caucasien	adjectif
cauchemar	nom
cauri	nom
causant	adjectif
cause	nom
causer	verbe
causerie	nom
causette	nom
causeur	nom
causse	nom
caustique	adjectif
cauteleux	adjectif
caution	nom
cautionner	verbe
cautère	nom
cautériser	verbe
cavalcade	nom
cavalcader	verbe
cavale	nom
cavaler	verbe
cavalerie	nom
cavalier	adjectif
cave	adjectif
caveau	nom
caverne	nom
caverneux	adjectif
cavette	nom
caviar	nom
cavité	nom
caïd	nom
caïman	nom
caïque	nom
ceindre	verbe
ceint	adjectif
ceinture	nom
ceinturer	verbe
ceinturon	nom
celer	verbe
cella	nom
cellier	nom
cellophane	nom
cellulaire	adjectif
cellule	nom
cellulite	nom
celluloïd	nom
celte	adjectif
celtique	adjectif
cendre	nom
cendreux	adjectif
cendrier	nom
cendré	adjectif
censeur	nom
censure	nom
censurer	verbe
censé	adjectif
cent	nom
centaine	nom
centaure	nom
centenaire	adjectif
centile	nom
centime	nom
centimètre	nom
centième	adjectif
central	adjectif
centrale	nom
centraliser	verbe
centre	nom
centrer	verbe
centrifuge	adjectif
centuple	nom
centurie	nom
centurion	nom
cependant	adverbe
cerceau	nom
cercle	nom
cercler	verbe
cercueil	nom
cerf	nom
cerfeuil	nom
cerise	adjectif
cerisier	nom
cerne	nom
cerner	verbe
cerné	adjectif
certain	adjectif
certainement	adverbe
certes	adverbe
certif	nom
certificat	nom
certifier	verbe
certifié	adjectif
certitude	nom
cerveau	nom
cervelet	nom
cervelle	nom
cervical	adjectif
cessant	adjectif
cessation	nom
cesse	nom
cesser	verbe
chacal	nom
chafouin	adjectif
chagatte	nom
chagrin	adjectif
chagriner	verbe
chahut	nom
chahuter	verbe
chai	nom
chair	adjectif
chaire	nom
chaise	nom
chaland	nom
chalet	nom
chaleur	nom
chaleureusement	adverbe
chaleureux	adjectif
challenge	nom
challenger	nom
chalon	nom
chaloupe	nom
chalouper	verbe
chaloupé	adjectif
chalumeau	nom
chalutier	nom
chamade	nom
chamailler	verbe
chamaillerie	nom
chaman	nom
chamarré	adjectif
chambardement	nom
chambellan	nom
chambertin	nom
chambouler	verbe
chambranle	nom
chambre	nom
chambrer	verbe
chambrette	nom
chambrière	nom
chambrée	nom
chameau	nom
chamois	nom
champ	nom
champagne	adjectif
champenois	adjectif
champignon	nom
champion	nom
championnat	nom
champêtre	adjectif
chance	nom
chancelant	adjectif
chanceler	verbe
chancelier	nom
chancellerie	nom
chanceux	adjectif
chancre	nom
chandail	nom
chandeleur	nom
chandelier	nom
chandelle	nom
chanfrein	nom
change	nom
changeant	adjectif
changement	nom
changer	verbe
changeur	nom
changé	adjectif
chanoine	nom
chanoinesse	nom
chanson	nom
chansonnette	nom
chansonnier	nom
chanstiquer	verbe
chant	nom
chantage	nom
chantant	adjectif
chanter	verbe
chanteur	nom
chantier	nom
chantilly	nom
chantonnement	nom
chantonner	verbe
chantourner	verbe
chantre	nom
chanvre	nom
chaos	nom
chaotique	adjectif
chaouch	nom
chaparder	verbe
chapardeur	nom
chape	nom
chapeau	nom
chapeauter	verbe
chapeauté	adjectif
chapelain	nom
chapelet	nom
chapelier	nom
chapelle	nom
chapelure	nom
chaperon	nom
chaperonner	verbe
chapiteau	nom
chapitre	nom
chapitrer	verbe
chapka	nom
chapon	nom
char	nom
charabia	nom
charade	nom
charbon	nom
charbonner	verbe
charbonneux	adjectif
charbonnier	adjectif
charcuter	verbe
charcuterie	nom
charcutier	nom
chardon	nom
charge	nom
chargement	nom
charger	verbe
chargeur	nom
chargé	adjectif
chariot	nom
charismatique	adjectif
charisme	nom
charitable	adjectif
charité	nom
charivari	nom
charlatan	nom
charlotte	nom
charmant	adjectif
charme	nom
charmer	verbe
charmeur	adjectif
charmille	nom
charmé	adjectif
charnel	adjectif
charnellement	adverbe
charnier	nom
charnière	nom
charnu	adjectif
charognard	nom
charogne	nom
charpente	nom
charpentier	nom
charpie	nom
charre	nom
charretier	nom
charreton	nom
charrette	nom
charretée	nom
charrier	verbe
charroi	nom
charrue	nom
charte	nom
charter	nom
chartreux	nom
charybde	nom
chas	nom
chasse	nom
chasser	verbe
chasseur	nom
chassieux	adjectif
chassé	adjectif
chaste	adjectif
chastement	adverbe
chasteté	nom
chasuble	nom
chat	nom
chatière	nom
chatoiement	nom
chaton	nom
chatouille	nom
chatouillement	nom
chatouiller	verbe
chatouilleux	adjectif
chatoyant	adjectif
chatoyer	verbe
chatterie	nom
chaud	adjectif
chaudement	adverbe
chaudière	nom
chaudron	nom
chauffage	nom
chauffant	adjectif
chauffard	nom
chauffe	nom
chauffer	verbe
chaufferette	nom
chaufferie	nom
chauffeur	nom
chauler	verbe
chaume	nom
chaumière	nom
chausser	verbe
chaussette	nom
chausseur	nom
chausson	nom
chaussure	nom
chaussé	adjectif
chaussée	nom
chauve	adjectif
chauvin	adjectif
chauvinisme	nom
chaux	nom
chavirer	verbe
chaîne	nom
chaînette	nom
chaînon	nom
cheap	adjectif
cheddar	nom
cheeseburger	nom
chef	nom
cheftaine	nom
cheik	nom
chemin	nom
chemineau	nom
cheminement	nom
cheminer	verbe
cheminot	nom
cheminée	nom
chemise	nom
chemisette	nom
chemisier	nom
chenal	nom
chenapan	nom
chenet	nom
chenil	nom
chenille	nom
chenu	adjectif
cheptel	nom
cher	adjectif
chercher	verbe
chercheur	adjectif
chergui	nom
cheval	nom
chevaleresque	adjectif
chevalerie	nom
chevalet	nom
chevalier	nom
chevalin	adjectif
chevalière	nom
chevauchant	adjectif
chevaucher	verbe
chevauchée	nom
chevelu	adjectif
chevelure	nom
chevesne	nom
chevet	nom
cheveu	nom
cheville	nom
chevreau	nom
chevrette	nom
chevreuil	nom
chevron	nom
chevronné	adjectif
chevroter	verbe
chevrotine	nom
chialer	verbe
chiant	adjectif
chianti	nom
chiard	nom
chiasse	nom
chibre	nom
chic	adjectif
chica	nom
chicane	nom
chicaner	verbe
chiche	adjectif
chichement	adverbe
chichi	nom
chicorer	verbe
chicorée	nom
chicot	nom
chien	nom
chiendent	nom
chienlit	nom
chiennerie	nom
chier	verbe
chierie	nom
chieur	nom
chiffe	nom
chiffon	nom
chiffonner	verbe
chiffonnier	nom
chiffonné	adjectif
chiffre	nom
chiffrer	verbe
chiffré	adjectif
chignon	nom
chili	nom
chilien	adjectif
chimie	nom
chimiothérapie	nom
chimique	adjectif
chimiquement	adverbe
chimiste	nom
chimpanzé	nom
chimère	nom
chimérique	adjectif
chine	nom
chiner	verbe
chinetoque	nom
chinois	adjectif
chinoiserie	nom
chiot	nom
chiotte	nom
chip	nom
chiper	verbe
chipie	nom
chipoter	verbe
chique	nom
chiquenaude	nom
chiquer	verbe
chiqué	nom
chiropracteur	nom
chirurgical	adjectif
chirurgie	nom
chirurgien	nom
chiure	nom
chiée	nom
chleuh	nom
chlore	nom
chloroforme	nom
chlorophylle	nom
chnoque	nom
choc	adjectif
chochotte	adjectif
chocolat	adjectif
chocolaté	adjectif
choeur	nom
choir	verbe
choisi	adjectif
choisir	verbe
choix	nom
cholestérol	nom
choléra	nom
chope	nom
choper	verbe
chopine	nom
chopper	verbe
choquant	adjectif
choquer	verbe
choqué	adjectif
choral	nom
chorale	nom
choriste	nom
chorizo	nom
chorus	nom
chorégraphe	nom
chorégraphie	nom
chose	nom
chou	nom
chouan	nom
choucard	adjectif
chouchou	nom
chouchouter	verbe
choucroute	nom
chouette	adjectif
chouia	nom
chouraver	verbe
chouraveur	nom
chourer	verbe
chouïa	nom
choyer	verbe
choyé	adjectif
christ	nom
christianisme	nom
chromatique	adjectif
chrome	nom
chromo	nom
chromosome	nom
chronique	adjectif
chroniqueur	nom
chrono	nom
chronologie	nom
chronologique	adjectif
chronomètre	nom
chronométrer	verbe
chrysalide	nom
chrysanthème	nom
chrétien	adjectif
chrétienté	nom
chuchotant	adjectif
chuchotement	nom
chuchoter	verbe
chuchotis	nom
chuintant	adjectif
chuintement	nom
chuinter	verbe
chute	nom
chuter	verbe
châle	nom
châsse	nom
châssis	nom
châtaigne	nom
châtaigneraie	nom
châtaignier	nom
châtain	adjectif
château	nom
châtelain	nom
châtier	verbe
châtiment	nom
châtrer	verbe
châtré	adjectif
chèche	nom
chèque	nom
chèrement	adverbe
chèvre	nom
chèvrefeuille	nom
chéchia	nom
chéneau	nom
chéquier	nom
chéri	adjectif
chérif	nom
chérir	verbe
chérubin	nom
chétif	adjectif
chênaie	nom
chêne	nom
chômage	nom
chômer	verbe
chômeur	nom
cibiche	nom
cible	nom
cibler	verbe
ciboire	nom
ciboulette	nom
ciboulot	nom
cicatrice	nom
cicatriser	verbe
cicero	nom
cicindèle	nom
cidre	nom
ciel	nom
cierge	nom
cigale	nom
cigare	nom
cigarette	nom
cigarillo	nom
cigler	verbe
cigogne	nom
ciguë	nom
cillement	nom
ciller	verbe
cime	nom
ciment	nom
cimenter	verbe
cimenterie	nom
cimeterre	nom
cimetière	nom
cimier	nom
cinglant	adjectif
cingler	verbe
cinglé	adjectif
cinoche	nom
cinquantaine	nom
cinquante	nom
cinquantième	adjectif
cinquième	adjectif
cintre	nom
cintrer	verbe
cintré	adjectif
cinzano	nom
ciné	nom
cinéaste	nom
cinéma	nom
cinémathèque	nom
cinématographe	nom
cirage	nom
circoncire	verbe
circoncis	adjectif
circoncision	nom
circonflexe	adjectif
circonférence	nom
circonscription	nom
circonscrire	verbe
circonspect	adjectif
circonspection	nom
circonstance	nom
circonvenir	verbe
circonvolution	nom
circuit	nom
circulaire	adjectif
circulation	nom
circulatoire	adjectif
circuler	verbe
cire	nom
cirer	verbe
cireur	nom
cireux	adjectif
cirque	nom
cirrhose	nom
ciré	adjectif
cisaille	nom
cisailler	verbe
ciseau	nom
ciseler	verbe
ciselé	adjectif
citadelle	nom
citadin	adjectif
citation	nom
citer	verbe
citerne	nom
cithare	nom
citoyen	nom
citoyenneté	nom
citron	adjectif
citronnade	nom
citronnelle	nom
citronnier	nom
citrouille	nom
city	nom
cité	adjectif
civet	nom
civette	nom
civil	adjectif
civilement	adverbe
civilisation	nom
civiliser	verbe
civilisé	adjectif
civilité	nom
civique	adjectif
civisme	nom
civière	nom
clafoutis	nom
claie	nom
clair	adjectif
claire	nom
clairement	adverbe
clairière	nom
clairon	nom
claironnant	adjectif
claironner	verbe
clairsemé	adjectif
clairvoyance	nom
clairvoyant	adjectif
clamer	verbe
clameur	nom
clamp	nom
clamser	verbe
clan	nom
clandestin	adjectif
clandestinement	adverbe
clandestinité	nom
clandé	nom
clap	nom
claper	verbe
clapet	nom
clapier	nom
clapotant	adjectif
clapotement	nom
clapoter	verbe
clapotis	nom
clappement	nom
claquant	adjectif
claque	nom
claquement	nom
claquemurer	verbe
claquer	verbe
claquette	nom
clarifier	verbe
clarine	nom
clarinette	nom
clarté	nom
clash	nom
class	adjectif
classe	nom
classement	nom
classer	verbe
classeur	nom
classification	nom
classifier	verbe
classique	adjectif
classé	adjectif
claude	nom
claudicant	adjectif
claudication	nom
claudiquer	verbe
clause	nom
claustration	nom
claustrophobe	adjectif
clavecin	nom
clavicule	nom
clavier	nom
clean	adjectif
clebs	nom
clef	nom
clepsydre	nom
clerc	nom
clergyman	nom
clergé	nom
clic	nom
clicher	verbe
cliché	adjectif
client	nom
clientèle	nom
clignement	nom
cligner	verbe
clignotant	adjectif
clignotement	nom
clignoter	verbe
climat	nom
climatique	adjectif
climatisation	nom
climatiseur	nom
clin	nom
clinique	adjectif
cliniquement	adverbe
clinquant	adjectif
clip	nom
clipper	nom
clique	nom
cliquer	verbe
cliquetant	adjectif
cliqueter	verbe
cliquetis	nom
clitoris	nom
clivage	nom
cloaque	nom
clochard	nom
cloche	adjectif
clocher	nom
clocheton	nom
clochette	nom
clodo	nom
cloison	nom
cloisonnement	nom
cloisonner	verbe
cloisonné	adjectif
clonage	nom
clone	nom
cloner	verbe
clope	nom
cloper	verbe
clopiner	verbe
cloporte	nom
cloque	nom
cloquer	verbe
clore	verbe
clos	adjectif
closerie	nom
clou	nom
clouer	verbe
cloutier	nom
clouté	adjectif
cloué	adjectif
clown	nom
cloître	nom
cloîtrer	verbe
cloîtré	adjectif
club	nom
clé	nom
clébard	nom
clématite	nom
clémence	nom
clément	adjectif
clérical	adjectif
clôture	nom
clôturer	verbe
coach	nom
coaguler	verbe
coalition	nom
coasser	verbe
cobalt	nom
cobaye	nom
cobra	nom
coca	nom
cocagne	nom
cocarde	nom
cocasse	adjectif
cocaïne	nom
coccinelle	nom
coccyx	nom
coche	nom
cocher	nom
cochon	adjectif
cochonnerie	nom
cochonnet	nom
cocker	nom
cockpit	nom
cocktail	nom
coco	nom
cocon	nom
cocorico	nom
cocotier	nom
cocotte	nom
cocu	adjectif
code	nom
coder	verbe
codex	nom
codifier	verbe
codé	adjectif
coefficient	nom
coeur	nom
coexister	verbe
coffio	nom
coffrage	nom
coffre	nom
coffrer	verbe
coffret	nom
cogitation	nom
cogiter	verbe
cognac	nom
cognassier	nom
cogne	nom
cogner	verbe
cognée	nom
cohabitation	nom
cohabiter	verbe
cohorte	nom
cohue	nom
cohérence	nom
cohérent	adjectif
cohésion	nom
coiffe	nom
coiffer	verbe
coiffeur	nom
coiffure	nom
coiffé	adjectif
coin	nom
coincer	verbe
coincé	adjectif
coing	nom
coinstot	nom
coke	nom
cola	nom
cold	adjectif
colibri	nom
colifichet	nom
colimaçon	nom
colin	nom
colique	adjectif
colis	nom
collabo	nom
collaborateur	nom
collaboration	nom
collaborer	verbe
collage	nom
collagène	nom
collant	adjectif
collation	nom
collatéral	adjectif
colle	nom
collecte	nom
collecter	verbe
collecteur	nom
collectif	adjectif
collection	nom
collectionner	verbe
collectionneur	nom
collectivement	adverbe
collectivité	nom
coller	verbe
collerette	nom
collet	nom
colleter	verbe
collier	nom
collignon	nom
collimateur	nom
colline	nom
collision	nom
colloque	nom
colloquer	verbe
collusion	nom
collyre	nom
collège	nom
collègue	nom
collégien	nom
colmater	verbe
colo	nom
colocataire	nom
colombe	nom
colombelle	nom
colombien	adjectif
colombier	nom
colombin	nom
colon	nom
colonel	nom
colonial	adjectif
colonialisme	nom
colonie	nom
colonisation	nom
coloniser	verbe
colonnade	nom
colonne	nom
colonnette	nom
coloration	nom
colorer	verbe
colorier	verbe
coloris	nom
coloré	adjectif
colossal	adjectif
colosse	nom
colporter	verbe
colporteur	nom
colt	nom
coltiner	verbe
columbarium	nom
colvert	nom
colza	nom
colère	nom
coléoptère	nom
coléreux	adjectif
colérique	adjectif
coma	nom
comac	adjectif
comateux	adjectif
combat	nom
combatif	adjectif
combattant	adjectif
combattre	verbe
combe	nom
combi	nom
combien	adverbe
combinaison	nom
combinard	nom
combine	nom
combiner	verbe
combiné	adjectif
comble	adjectif
combler	verbe
comblé	adjectif
combustible	nom
combustion	nom
comestible	adjectif
comique	adjectif
comiquement	adverbe
comité	nom
commandant	adjectif
commande	nom
commandement	nom
commander	verbe
commandeur	nom
commanditaire	nom
commanditer	verbe
commando	nom
commandé	adjectif
comme	adverbe
commencement	nom
commencer	verbe
commensal	nom
comment	adverbe
commentaire	nom
commentateur	nom
commenter	verbe
commençant	adjectif
commerce	nom
commercer	verbe
commercial	adjectif
commerçant	adjectif
commettre	verbe
comminatoire	adjectif
commis	nom
commissaire	nom
commissariat	nom
commission	nom
commissionnaire	nom
commissure	nom
commisération	nom
commode	adjectif
commodité	nom
commodore	nom
commodément	adverbe
commotion	nom
commuer	verbe
commun	adjectif
communal	adjectif
communard	nom
communautaire	adjectif
communauté	nom
commune	nom
communiant	nom
communicatif	adjectif
communication	nom
communier	verbe
communion	nom
communiquer	verbe
communiqué	nom
communisme	nom
communiste	adjectif
communément	adverbe
commutateur	nom
commère	nom
commémoratif	adjectif
commémoration	nom
commémorer	verbe
commérage	nom
compact	adjectif
compagnie	nom
compagnon	nom
compagnonnage	nom
comparable	adjectif
comparaison	nom
comparatif	adjectif
comparaître	verbe
comparer	verbe
comparse	nom
compartiment	nom
compas	nom
compassion	nom
compassé	adjectif
compatible	adjectif
compatir	verbe
compatissant	adjectif
compatriote	nom
compensation	nom
compenser	verbe
compensé	adjectif
compiler	verbe
complainte	nom
complaire	verbe
complaisamment	adverbe
complaisance	nom
complaisant	adjectif
complet	adjectif
complexe	adjectif
complexer	verbe
complexion	nom
complexité	nom
complication	nom
complice	adjectif
complicité	nom
compliment	nom
complimenter	verbe
compliquer	verbe
compliqué	adjectif
complot	nom
comploter	verbe
complètement	adverbe
complément	nom
complémentaire	adjectif
compléter	verbe
compo	nom
componction	nom
comportement	nom
comportemental	adjectif
comporter	verbe
composant	adjectif
composer	verbe
composeur	nom
composite	adjectif
compositeur	nom
composition	nom
composteur	nom
composé	adjectif
compote	nom
compotier	nom
comprendre	verbe
compresse	nom
compresser	verbe
compresseur	adjectif
compression	nom
compressé	adjectif
comprimer	verbe
comprimé	adjectif
compris	adjectif
compromettant	adjectif
compromettre	verbe
compromis	nom
compromission	nom
compréhensible	adjectif
compréhensif	adjectif
compréhension	nom
comptabiliser	verbe
comptabilité	nom
comptable	adjectif
comptant	adjectif
compte	nom
compter	verbe
compteur	nom
comptine	nom
comptoir	nom
compulser	verbe
compulsif	adjectif
compère	nom
compétence	nom
compétent	adjectif
compétitif	adjectif
compétition	nom
comte	nom
comté	nom
comète	nom
comédie	nom
comédien	adjectif
concasser	verbe
concasseur	nom
concave	adjectif
concentration	nom
concentrer	verbe
concentrique	adjectif
concentré	adjectif
concept	nom
concepteur	adjectif
conception	nom
concerner	verbe
concert	nom
concerter	verbe
concertiste	nom
concerto	nom
concerté	adjectif
concession	nom
concessionnaire	nom
concevable	adjectif
concevoir	verbe
conchier	verbe
concierge	nom
conciergerie	nom
concile	nom
conciliabule	nom
conciliant	adjectif
conciliation	nom
concilier	verbe
concis	adjectif
concision	nom
concitoyen	nom
concluant	adjectif
conclure	verbe
conclusion	nom
concocter	verbe
concombre	nom
concordance	nom
concorde	nom
concorder	verbe
concourir	verbe
concours	nom
concret	adjectif
concrètement	adverbe
concrétion	nom
concrétiser	verbe
concubin	nom
concubinage	nom
concupiscence	nom
concupiscent	adjectif
concurrence	nom
concurrencer	verbe
concurrent	adjectif
concéder	verbe
condamnable	adjectif
condamnation	nom
condamner	verbe
condamné	adjectif
condensateur	nom
condensation	nom
condenser	verbe
condensé	adjectif
condescendance	nom
condescendant	adjectif
condescendre	verbe
condiment	nom
condisciple	nom
condition	nom
conditionnel	nom
conditionnement	nom
conditionner	verbe
conditionné	adjectif
condo	nom
condoléance	nom
condor	nom
condottiere	nom
conducteur	adjectif
conduire	verbe
conduit	nom
conduite	nom
condé	nom
confection	nom
confectionner	verbe
confesse	nom
confesser	verbe
confesseur	nom
confession	nom
confessionnal	nom
confetti	nom
confiance	nom
confiant	adjectif
confidence	nom
confident	nom
confidentialité	nom
confidentiel	adjectif
confier	verbe
configuration	nom
confinement	nom
confiner	verbe
confiné	adjectif
confire	verbe
confirmation	nom
confirmer	verbe
confirmé	adjectif
confiscation	nom
confiserie	nom
confiseur	nom
confisquer	verbe
confisqué	adjectif
confit	adjectif
confiture	nom
conflictuel	adjectif
conflit	nom
confluent	nom
confluer	verbe
confondant	adjectif
confondre	verbe
confondu	adjectif
conforme	adjectif
conformer	verbe
conformisme	nom
conformiste	adjectif
conformité	nom
conformément	adverbe
confort	nom
confortable	adjectif
confortablement	adverbe
conforter	verbe
confrontation	nom
confronter	verbe
confrère	nom
confrérie	nom
confus	adjectif
confusion	nom
confusément	adverbe
confédération	nom
confédéré	adjectif
conférence	nom
conférencier	nom
conférer	verbe
congeler	verbe
congelé	adjectif
congestion	nom
congestionné	adjectif
conglomérat	nom
congratuler	verbe
congrès	nom
congrégation	nom
congère	nom
congé	nom
congédier	verbe
congélateur	nom
congénital	adjectif
congénère	nom
conifère	nom
conique	adjectif
conjecture	nom
conjoint	adjectif
conjointement	adverbe
conjonction	nom
conjonctivite	nom
conjoncture	nom
conjugaison	nom
conjugal	adjectif
conjuguer	verbe
conjuration	nom
conjurer	verbe
conjuré	adjectif
connaissance	nom
connaisseur	adjectif
connard	adjectif
connasse	adjectif
connaître	verbe
connecter	verbe
connement	adverbe
connerie	nom
connexion	nom
connivence	nom
connotation	nom
connu	adjectif
connétable	nom
conque	nom
conquis	adjectif
conquistador	nom
conquérant	adjectif
conquérir	verbe
conquête	nom
consacrer	verbe
consacré	adjectif
consanguin	adjectif
consciemment	adverbe
conscience	nom
consciencieux	adjectif
conscient	adjectif
conscrit	nom
conseil	nom
conseiller	nom
consensus	nom
consentant	adjectif
consentement	nom
consentir	verbe
conservateur	adjectif
conservation	nom
conservatisme	nom
conservatoire	nom
conserve	nom
conserver	verbe
conserverie	nom
conservé	adjectif
considérable	adjectif
considération	nom
considérer	verbe
consigne	nom
consigner	verbe
consigné	adjectif
consistance	nom
consistant	adjectif
consister	verbe
consoeur	nom
consolant	adjectif
consolateur	adjectif
consolation	nom
console	nom
consoler	verbe
consolider	verbe
consommable	adjectif
consommateur	nom
consommation	nom
consommer	verbe
consommé	adjectif
consonance	nom
consonne	nom
consortium	nom
conspirateur	nom
conspiration	nom
conspirer	verbe
conspuer	verbe
constamment	adverbe
constance	nom
constant	adjectif
constante	nom
constat	nom
constatation	nom
constater	verbe
constellation	nom
constellé	adjectif
consternant	adjectif
consternation	nom
consterné	adjectif
constipation	nom
constipé	adjectif
constituant	adjectif
constituer	verbe
constitution	nom
constitutionnel	adjectif
constitué	adjectif
constriction	nom
constructeur	adjectif
constructif	adjectif
construction	nom
construire	verbe
consubstantiel	adjectif
consul	nom
consulaire	adjectif
consulat	nom
consultant	adjectif
consultatif	adjectif
consultation	nom
consulter	verbe
consumer	verbe
consécration	nom
consécutif	adjectif
conséquence	nom
conséquent	adjectif
contact	nom
contacter	verbe
contagieux	adjectif
contagion	nom
container	nom
contamination	nom
contaminer	verbe
conte	nom
contemplatif	adjectif
contemplation	nom
contempler	verbe
contemporain	adjectif
contenance	nom
contenant	nom
conteneur	nom
contenir	verbe
content	adjectif
contentement	nom
contenter	verbe
contenu	adjectif
conter	verbe
contestable	adjectif
contestataire	nom
contestation	nom
conteste	nom
contester	verbe
conteur	nom
contexte	nom
contigu	adjectif
continence	nom
continent	nom
continental	adjectif
contingence	nom
contingent	nom
continu	adjectif
continuation	nom
continue	adjectif
continuel	adjectif
continuellement	adverbe
continuer	verbe
continuité	nom
continuum	nom
continûment	adverbe
contondant	adjectif
contorsion	nom
contorsionner	verbe
contour	nom
contourner	verbe
contourné	adjectif
contraceptif	adjectif
contraception	nom
contracter	verbe
contraction	nom
contractuel	nom
contracté	adjectif
contradiction	nom
contradictoire	adjectif
contraignant	adjectif
contraindre	verbe
contraint	adjectif
contrainte	nom
contraire	adjectif
contrairement	adverbe
contrariant	adjectif
contrarier	verbe
contrarié	adjectif
contrariété	nom
contraste	nom
contraster	verbe
contrat	nom
contravention	nom
contre	nom
contrebalancer	verbe
contrebande	nom
contrebandier	nom
contrebas	adverbe
contrecarrer	verbe
contrecoeur	nom
contrecoup	nom
contredanse	nom
contredire	verbe
contrefaire	verbe
contrefait	adjectif
contrefaçon	nom
contrefort	nom
contrefoutre	verbe
contremaître	nom
contrepartie	nom
contreplaqué	nom
contrepoids	nom
contrepoint	nom
contrer	verbe
contrescarpe	nom
contresens	nom
contresigner	verbe
contretemps	nom
contrevenant	nom
contrevenir	verbe
contrevent	nom
contribuable	nom
contribuer	verbe
contribution	nom
contrit	adjectif
contrition	nom
control	adjectif
controverse	nom
controversé	adjectif
contrée	nom
contrôle	nom
contrôler	verbe
contrôleur	nom
contumace	nom
contusion	nom
convaincant	adjectif
convaincre	verbe
convaincu	adjectif
convalescence	nom
convalescent	adjectif
convenable	adjectif
convenablement	adverbe
convenance	nom
convenir	verbe
convention	nom
conventionnel	adjectif
conventuel	adjectif
convenu	adjectif
convergence	nom
convergent	adjectif
converger	verbe
convers	adjectif
conversation	nom
converse	nom
converser	verbe
conversion	nom
converti	adjectif
convertir	verbe
convexe	adjectif
conviction	nom
convier	verbe
convive	nom
convivial	adjectif
convocation	nom
convoi	nom
convoiter	verbe
convoitise	nom
convoler	verbe
convoquer	verbe
convoyer	verbe
convoyeur	nom
convulser	verbe
convulsif	adjectif
convulsion	nom
convulsivement	adverbe
convulsé	adjectif
conçu	adjectif
cookie	nom
cool	adjectif
coopératif	adjectif
coopération	nom
coopérative	nom
coopérer	verbe
coordinateur	nom
coordination	nom
coordonner	verbe
coordonnée	nom
copain	nom
copeau	nom
copie	nom
copier	verbe
copieusement	adverbe
copieux	adjectif
copilote	nom
copiste	nom
copropriété	nom
copuler	verbe
coque	nom
coquelicot	nom
coqueluche	nom
coquet	adjectif
coquetier	nom
coquette	nom
coquetterie	nom
coquillage	nom
coquillard	nom
coquille	nom
coquin	adjectif
corail	adjectif
coran	nom
corbeau	nom
corbeille	nom
corbillard	nom
cordage	nom
corde	nom
cordeau	nom
cordelette	nom
cordelier	nom
cordial	adjectif
cordialement	adverbe
cordialité	nom
cordon	nom
cordonnet	nom
cordonnier	nom
cordée	nom
coriace	adjectif
corinthien	adjectif
cormoran	nom
cornard	nom
corne	nom
corneille	nom
cornemuse	nom
corner	verbe
cornet	nom
cornette	nom
corniaud	nom
corniche	nom
cornichon	nom
cornu	adjectif
cornue	nom
corné	adjectif
cornée	nom
cornélien	adjectif
corollaire	nom
corolle	nom
coron	nom
corona	nom
coroner	nom
corporation	nom
corporel	adjectif
corps	nom
corpulence	nom
corpulent	adjectif
corpus	nom
corral	nom
correct	adjectif
correctement	adverbe
correcteur	nom
correction	nom
correctionnel	adjectif
correspondance	nom
correspondant	adjectif
correspondre	verbe
corrida	nom
corridor	nom
corriger	verbe
corrigé	adjectif
corroborer	verbe
corroder	verbe
corrompre	verbe
corrompu	adjectif
corrosif	adjectif
corruption	nom
corsage	nom
corsaire	nom
corse	adjectif
corselet	nom
corser	verbe
corset	nom
corseter	verbe
corso	nom
corsé	adjectif
cortex	nom
cortisone	nom
cortège	nom
corvette	nom
corvée	nom
coryza	nom
coréen	adjectif
cosaque	nom
cosmique	adjectif
cosmo	adverbe
cosmonaute	nom
cosmopolite	adjectif
cosmos	nom
cosmétique	nom
cosse	nom
cossu	adjectif
costard	nom
costaud	adjectif
costume	nom
costumer	verbe
costumé	adjectif
cosy	nom
cote	nom
coteau	nom
coter	verbe
coterie	nom
cotillon	nom
cotisation	nom
cotiser	verbe
coton	nom
cotonnade	nom
cotonneux	adjectif
cotre	nom
cottage	nom
cotte	nom
coté	adjectif
couac	nom
couard	adjectif
couardise	nom
couchage	nom
couchant	adjectif
couche	nom
coucher	nom
coucherie	nom
couchette	nom
couché	adjectif
coucou	nom
coude	nom
coudoyer	verbe
coudre	verbe
coudrier	nom
coudé	adjectif
coudée	nom
couenne	nom
couette	nom
couffin	nom
couguar	nom
couic	nom
couille	nom
couillon	adjectif
couillonnade	nom
couillonner	verbe
couillu	adjectif
couinement	nom
couiner	verbe
coulant	adjectif
coule	nom
couler	verbe
couleur	nom
couleuvre	nom
coulis	adjectif
coulissant	adjectif
coulisse	nom
coulisser	verbe
couloir	nom
coulé	adjectif
coulée	nom
country	adjectif
coup	nom
coupable	adjectif
coupant	adjectif
coupe	nom
coupelle	nom
couper	verbe
couperet	nom
couperose	nom
couperosé	adjectif
coupeur	nom
couple	nom
coupler	verbe
couplet	nom
coupole	nom
coupon	nom
coupure	nom
coupé	adjectif
coupée	nom
cour	nom
courage	nom
courageusement	adverbe
courageux	adjectif
couramment	adverbe
courant	adjectif
courbatu	adjectif
courbature	nom
courbe	adjectif
courber	verbe
courbette	nom
courbure	nom
courbé	adjectif
courette	nom
coureur	nom
courge	nom
courgette	nom
courir	verbe
couronne	nom
couronnement	nom
couronner	verbe
couronné	adjectif
courre	verbe
courrier	nom
courroie	nom
courroucer	verbe
courroux	nom
course	nom
courser	verbe
coursier	nom
coursive	nom
court	adjectif
courtaud	adjectif
courtepointe	nom
courtier	nom
courtine	nom
courtisan	nom
courtiser	verbe
courtois	adjectif
courtoisement	adverbe
courtoisie	nom
couru	adjectif
couscous	nom
cousette	nom
cousin	nom
cousinage	nom
coussin	nom
coussinet	nom
cousu	adjectif
couteau	nom
coutelas	nom
coutil	nom
coutume	nom
coutumier	adjectif
couture	nom
couturier	nom
couturé	adjectif
couvent	nom
couver	verbe
couvercle	nom
couvert	adjectif
couverture	nom
couveuse	nom
couvrant	adjectif
couvreur	nom
couvrir	verbe
couvée	nom
coyote	nom
coéquipier	nom
coïncidence	nom
coïncider	verbe
coït	nom
coût	nom
coûter	verbe
coûteux	adjectif
crabe	nom
crac	nom
crachat	nom
crachement	nom
cracher	verbe
cracheur	nom
crachin	nom
crachoir	nom
crachoter	verbe
craché	adjectif
crack	nom
cracker	nom
cracra	adjectif
crade	adjectif
cradingue	adjectif
crado	adjectif
craie	nom
craignos	adjectif
craindre	verbe
crainte	nom
craintif	adjectif
craintivement	adverbe
cramer	verbe
cramoisi	adjectif
crampe	nom
crampon	nom
cramponner	verbe
cran	nom
crane	nom
craonnais	adjectif
crapaud	nom
crapule	adjectif
crapuleux	adjectif
craquant	adjectif
craque	nom
craqueler	verbe
craquelin	nom
craquelure	nom
craquelé	adjectif
craquement	nom
craquer	verbe
crash	nom
crasher	verbe
crasse	nom
crasseux	adjectif
cratère	nom
cravache	nom
cravacher	verbe
cravate	nom
cravater	verbe
crawl	nom
crayeux	adjectif
crayon	nom
crayonner	verbe
credo	nom
creek	nom
crescendo	adverbe
cresson	nom
creton	nom
creuser	verbe
creuset	nom
creux	adjectif
crevaison	nom
crevant	adjectif
crevard	nom
crevasse	nom
crevasser	verbe
crever	verbe
crevette	nom
crevure	nom
crevé	adjectif
criailler	verbe
criaillerie	nom
criant	adjectif
criard	adjectif
crible	nom
cribler	verbe
cric	nom
cricket	nom
cricri	nom
crier	verbe
crieur	nom
crime	nom
criminalité	nom
criminel	adjectif
crin	nom
crinière	nom
crique	nom
criquet	nom
crise	nom
crispation	nom
crisper	verbe
crissement	nom
crisser	verbe
cristal	nom
cristallin	adjectif
cristalliser	verbe
critique	adjectif
critiquer	verbe
critère	nom
criée	nom
croate	adjectif
croc	nom
crocher	verbe
crochet	nom
crocheter	verbe
crochu	adjectif
croco	nom
crocodile	nom
crocus	nom
croire	verbe
croisade	nom
croisement	nom
croiser	verbe
croisette	nom
croiseur	nom
croisillon	nom
croisière	nom
croissance	nom
croissant	adjectif
croisé	adjectif
croisée	nom
croix	nom
cromorne	nom
croquant	adjectif
croquer	verbe
croquet	nom
croquette	nom
croquis	nom
crosse	nom
crotale	nom
crotte	nom
crotter	verbe
crottin	nom
crotté	adjectif
crouillat	nom
croulant	adjectif
crouler	verbe
croup	nom
croupe	nom
croupi	adjectif
croupier	nom
croupion	nom
croupir	verbe
croupissant	adjectif
croustillant	adjectif
croyable	adjectif
croyance	nom
croyant	adjectif
croître	verbe
croûte	nom
croûter	verbe
croûteux	adjectif
croûton	nom
cruauté	nom
cruche	nom
cruchon	nom
crucial	adjectif
crucifier	verbe
crucifix	nom
crucifixion	nom
crucifié	adjectif
crudité	nom
crue	nom
cruel	adjectif
cruellement	adverbe
crustacé	adjectif
cruzeiro	nom
cryptage	nom
crypte	nom
crypter	verbe
crâne	adjectif
crânement	adverbe
crâner	verbe
crâneur	adjectif
crânien	adjectif
crèche	nom
crème	adjectif
crève	nom
créance	nom
créancier	nom
créateur	adjectif
créatif	adjectif
création	nom
créativité	nom
créature	nom
crécelle	nom
crécher	verbe
crédence	nom
crédibilité	nom
crédible	adjectif
crédit	nom
créditer	verbe
crédule	adjectif
crédulité	nom
créer	verbe
crémaillère	nom
crémation	nom
crématoire	adjectif
crématorium	nom
crémerie	nom
crémeux	adjectif
crémier	nom
créneau	nom
crénelé	adjectif
créole	adjectif
crépi	nom
crépir	verbe
crépitant	adjectif
crépitement	nom
crépiter	verbe
crépu	adjectif
crépusculaire	adjectif
crépuscule	nom
crétin	adjectif
crétois	adjectif
crêpe	nom
crêper	verbe
crête	nom
crûment	adverbe
cuadrilla	nom
cubain	adjectif
cube	nom
cubique	adjectif
cubisme	nom
cubiste	adjectif
cucul	adjectif
cueillette	nom
cueillir	verbe
cueva	nom
cuiller	nom
cuillerée	nom
cuillère	nom
cuir	nom
cuirasse	nom
cuirasser	verbe
cuirassier	nom
cuirassé	adjectif
cuire	verbe
cuisant	adjectif
cuisine	nom
cuisiner	verbe
cuisinier	nom
cuisiné	adjectif
cuissard	nom
cuisse	nom
cuisson	nom
cuissot	nom
cuistance	nom
cuistot	nom
cuistre	nom
cuit	adjectif
cuite	nom
cuivre	nom
cuivré	adjectif
culasse	nom
culbute	nom
culbuter	verbe
culinaire	adjectif
culminant	adjectif
culminer	verbe
culot	nom
culotte	nom
culotter	verbe
culotté	adjectif
culpabiliser	verbe
culpabilité	nom
culte	nom
cultivateur	nom
cultiver	verbe
cultivé	adjectif
culture	nom
culturel	adjectif
cumin	nom
cumuler	verbe
cumulus	nom
cupide	adjectif
cupidité	nom
curatif	adjectif
curaçao	nom
cure	nom
curer	verbe
cureton	nom
curieusement	adverbe
curieux	adjectif
curiosité	nom
curiste	nom
curry	nom
cursus	nom
curé	nom
curée	nom
cutter	nom
cuve	nom
cuver	verbe
cuvette	nom
cuvée	nom
cyanure	nom
cycle	nom
cyclisme	nom
cycliste	adjectif
cyclo	nom
cyclone	nom
cyclope	nom
cyclopéen	adjectif
cygne	nom
cylindre	nom
cylindrique	adjectif
cylindrée	nom
cymbale	nom
cynique	adjectif
cyniquement	adverbe
cynisme	nom
cyprin	nom
cyprès	nom
czar	nom
câble	nom
câbler	verbe
câlin	adjectif
câliner	verbe
câlinerie	nom
cèdre	nom
cèpe	nom
cécité	nom
céder	verbe
cégep	nom
céleri	nom
céleste	adjectif
célibat	nom
célibataire	adjectif
célimène	nom
célèbre	adjectif
célébrant	nom
célébration	nom
célébrer	verbe
célébrité	nom
célérité	nom
céramique	nom
céruléen	adjectif
céréale	nom
céréalier	adjectif
cérébral	adjectif
cérémonial	nom
cérémonie	nom
cérémonieux	adjectif
césar	nom
césarienne	nom
cézigue	nom
cône	nom
côte	nom
côtelette	nom
côtelé	adjectif
côtier	adjectif
côtoyer	verbe
côté	nom
dabe	nom
dabuche	nom
dace	adjectif
dactylo	nom
dactylographier	verbe
dactylographié	adjectif
dada	nom
dadais	nom
dague	nom
dahlia	nom
daigner	verbe
daim	nom
dais	nom
dallage	nom
dalle	nom
daller	verbe
dalmatique	nom
damas	nom
damassé	adjectif
dame	nom
damer	verbe
damier	nom
damnation	nom
damner	verbe
damné	adjectif
damoiseau	nom
damoiselle	nom
dancing	nom
dandinement	nom
dandiner	verbe
dandy	nom
danger	nom
dangereusement	adverbe
dangereux	adjectif
danois	adjectif
dansant	adjectif
danse	nom
danser	verbe
danseur	nom
dard	nom
darder	verbe
daron	nom
darse	nom
datcha	nom
date	nom
dater	verbe
datte	nom
dattier	nom
daube	nom
dauphin	nom
daurade	nom
davantage	adverbe
daya	nom
deal	nom
dealer	nom
debout	adverbe
dedans	adverbe
degré	nom
dehors	adverbe
delta	nom
delà	adverbe
demain	adverbe
demande	nom
demander	verbe
demandeur	nom
demeure	nom
demeurer	verbe
demeuré	adjectif
demi	adjectif
denier	nom
denrée	nom
dense	adjectif
densité	nom
dent	nom
dentaire	adjectif
dentelle	nom
dentellière	nom
dentelure	nom
dentelé	adjectif
dentier	nom
dentifrice	adjectif
dentiste	nom
dentition	nom
denture	nom
depuis	adverbe
derche	nom
derechef	adverbe
dermatologique	adjectif
derme	nom
dernier	adjectif
dernièrement	adverbe
derrick	nom
derrière	adverbe
derviche	nom
desceller	verbe
descendance	nom
descendant	adjectif
descendre	verbe
descente	nom
description	nom
design	nom
designer	nom
despote	nom
despotique	adjectif
despotisme	nom
dessaisir	verbe
dessaouler	verbe
dessein	nom
desseller	verbe
desserrer	verbe
dessert	nom
desserte	nom
desservir	verbe
dessiller	verbe
dessin	nom
dessinateur	nom
dessiner	verbe
dessiné	nom
dessouder	verbe
dessous	adverbe
dessoûler	verbe
dessus	adverbe
dessécher	verbe
destin	nom
destinataire	nom
destination	nom
destiner	verbe
destiné	adjectif
destinée	nom
destituer	verbe
destrier	nom
destroyer	nom
destructeur	adjectif
destruction	nom
dette	nom
deuil	nom
deuxième	adjectif
deuxièmement	adverbe
deuzio	adverbe
devancer	verbe
devant	adverbe
devanture	nom
devenir	nom
devin	nom
deviner	verbe
devinette	nom
devis	nom
devise	nom
deviser	verbe
devoir	nom
devon	nom
dextre	nom
dextérité	nom
deçà	adverbe
diable	nom
diablement	adverbe
diablerie	nom
diablesse	nom
diablotin	nom
diabolique	adjectif
diabolo	nom
diabète	nom
diabétique	adjectif
diacre	nom
diadème	nom
diagnostic	nom
diagnostique	adjectif
diagnostiquer	verbe
diagonale	nom
diagramme	nom
dialecte	nom
dialectique	adjectif
dialogue	nom
dialoguer	verbe
dialyse	nom
diam	nom
diamant	nom
diamantaire	nom
diamantin	adjectif
diamètre	nom
diamétralement	adverbe
diapason	nom
diaphane	adjectif
diaphragme	nom
diapo	nom
diapositive	nom
diarrhée	nom
diaspora	nom
diatribe	nom
dico	nom
dictateur	nom
dictature	nom
dicter	verbe
diction	nom
dictionnaire	nom
dicton	nom
dictée	nom
didactique	adjectif
diem	nom
diesel	nom
dieu	nom
diffamation	nom
diffamer	verbe
difficile	adjectif
difficilement	adverbe
difficulté	nom
difforme	adjectif
difformité	nom
diffus	adjectif
diffuser	verbe
diffusion	nom
différemment	adverbe
différence	nom
différencier	verbe
différend	nom
différent	adjectif
différer	verbe
différé	adjectif
digestif	adjectif
digestion	nom
digital	adjectif
digitale	nom
digitaline	nom
digne	adjectif
dignement	adverbe
dignitaire	nom
dignité	nom
digression	nom
digue	nom
digérer	verbe
dilapider	verbe
dilatation	nom
dilater	verbe
dilaté	adjectif
dilection	nom
dilemme	nom
dilettante	adjectif
diligence	nom
diligent	adjectif
diluer	verbe
diluvien	adjectif
dimanche	nom
dimension	nom
dimensionnel	adjectif
diminuer	verbe
diminutif	nom
diminution	nom
diminué	adjectif
dinar	nom
dinde	nom
dindon	nom
dine	nom
dingo	adjectif
dingue	adjectif
dinguer	verbe
dinguerie	nom
dinosaure	nom
diocèse	nom
dioxyde	nom
diphtérie	nom
diplodocus	nom
diplomate	adjectif
diplomatie	nom
diplomatique	adjectif
diplôme	nom
diplômer	verbe
diplômé	adjectif
dire	nom
direct	adjectif
directement	adverbe
directeur	adjectif
direction	nom
directionnel	adjectif
directive	nom
directoire	nom
directorial	adjectif
dirigeable	nom
dirigeant	adjectif
diriger	verbe
dirigé	adjectif
dirlo	nom
disant	adjectif
discernement	nom
discerner	verbe
disciple	nom
disciplinaire	adjectif
discipline	nom
discipliner	verbe
discipliné	adjectif
disco	adjectif
discontinu	adjectif
discontinuer	verbe
discontinuité	nom
discordance	nom
discordant	adjectif
discorde	nom
discothèque	nom
discourir	verbe
discours	nom
discret	adjectif
discrimination	nom
discrètement	adverbe
discrédit	nom
discréditer	verbe
discrétion	nom
disculper	verbe
discussion	nom
discutable	adjectif
discutailler	verbe
discuter	verbe
discuté	adjectif
disert	adjectif
disette	nom
diseur	nom
disgracier	verbe
disgracieux	adjectif
disgracié	adjectif
disgrâce	nom
disjoindre	verbe
disjoint	adjectif
disjoncter	verbe
disjoncteur	nom
diskette	nom
dislocation	nom
disloquer	verbe
disloqué	adjectif
disparaissant	adjectif
disparate	adjectif
disparaître	verbe
disparition	nom
disparu	adjectif
dispensaire	nom
dispensateur	nom
dispense	nom
dispenser	verbe
disperser	verbe
dispersion	nom
dispersé	adjectif
disponibilité	nom
disponible	adjectif
dispos	adjectif
disposer	verbe
dispositif	nom
disposition	nom
disposé	adjectif
disproportion	nom
disproportionné	adjectif
dispute	nom
disputer	verbe
disputé	adjectif
disquaire	nom
disqualifier	verbe
disque	nom
disquette	nom
dissection	nom
dissemblable	adjectif
dissension	nom
dissertation	nom
disserter	verbe
dissidence	nom
dissident	adjectif
dissimulation	nom
dissimuler	verbe
dissimulé	adjectif
dissipation	nom
dissiper	verbe
dissipé	adjectif
dissocier	verbe
dissolu	adjectif
dissolution	nom
dissolvant	adjectif
dissonance	nom
dissoudre	verbe
dissoute	adjectif
dissuader	verbe
dissymétrie	nom
disséminer	verbe
disséquer	verbe
distance	nom
distancer	verbe
distant	adjectif
distendre	verbe
distendu	adjectif
distiller	verbe
distillerie	nom
distinct	adjectif
distinctement	adverbe
distinctif	adjectif
distinction	nom
distinguer	verbe
distingué	adjectif
distordre	verbe
distorsion	nom
distraction	nom
distraire	verbe
distrait	adjectif
distraitement	adverbe
distrayant	adjectif
distribuer	verbe
distributeur	nom
distribution	nom
distribué	adjectif
district	nom
diurne	adjectif
diva	nom
divagation	nom
divaguer	verbe
divan	nom
divergence	nom
divergent	adjectif
diverger	verbe
divers	adjectif
diversement	adverbe
diversifier	verbe
diversion	nom
diversité	nom
divertir	verbe
divertissant	adjectif
divertissement	nom
dividende	nom
divin	adjectif
divination	nom
divinement	adverbe
divinité	nom
diviser	verbe
division	nom
divisionnaire	adjectif
divisé	adjectif
divorce	nom
divorcer	verbe
divorcé	adjectif
divulgation	nom
divulguer	verbe
dixie	nom
dixit	adjectif
dixième	adjectif
dizaine	nom
diète	nom
diététicien	nom
diététique	adjectif
djebel	nom
djellaba	nom
djinn	nom
doberman	nom
docile	adjectif
docilement	adverbe
docilité	nom
dock	nom
docker	nom
docte	adjectif
doctement	adverbe
docteur	nom
doctoral	adjectif
doctorat	nom
doctrine	nom
document	nom
documentaire	adjectif
documentation	nom
documenter	verbe
dodeliner	verbe
dodo	nom
dodu	adjectif
doge	nom
dogmatique	adjectif
dogme	nom
dogue	nom
doigt	nom
doigté	nom
dojo	nom
dolce	adverbe
dolent	adjectif
dollar	nom
dolman	nom
dolmen	nom
doléance	nom
domaine	nom
domesticité	nom
domestique	adjectif
domestiquer	verbe
domicile	nom
domicilier	verbe
domicilié	adjectif
dominant	adjectif
dominante	nom
dominateur	adjectif
domination	nom
dominer	verbe
dominicain	adjectif
dominical	adjectif
dominion	nom
domino	nom
dommage	nom
dompter	verbe
dompteur	nom
dona	nom
donateur	nom
donation	nom
donjon	nom
donjuanisme	nom
donnant	adjectif
donne	nom
donner	verbe
donneur	adjectif
donné	adjectif
donnée	nom
donzelle	nom
dopamine	nom
dope	nom
doper	verbe
dorade	nom
dorer	verbe
dorloter	verbe
dormant	adjectif
dormeur	adjectif
dormir	verbe
dorsal	adjectif
dortoir	nom
dorure	nom
doryphore	nom
doré	adjectif
dorée	nom
dorénavant	adverbe
dosage	nom
dose	nom
doser	verbe
dossard	nom
dossier	nom
doter	verbe
doté	adjectif
douane	nom
douanier	adjectif
douar	nom
double	adjectif
doublement	adverbe
doubler	verbe
doublure	nom
doublé	adjectif
doucement	adverbe
doucereux	adjectif
doucet	adjectif
douceur	nom
douceâtre	adjectif
douche	nom
doucher	verbe
doudou	nom
doudoune	nom
douelle	nom
douer	verbe
douille	nom
douiller	verbe
douillet	adjectif
douillettement	adverbe
douleur	nom
douloureusement	adverbe
douloureux	adjectif
douro	nom
doute	nom
douter	verbe
douteux	adjectif
douve	nom
doux	adjectif
douzaine	nom
douzième	adjectif
doué	adjectif
down	adjectif
doyen	nom
drachme	nom
draconien	adjectif
drag	nom
dragon	nom
drague	nom
draguer	verbe
dragueur	nom
dragée	nom
drain	nom
drainage	nom
drainer	verbe
dramatique	adjectif
dramatiser	verbe
dramaturge	nom
drame	nom
drap	nom
drapeau	nom
draper	verbe
draperie	nom
drapé	adjectif
drastique	adjectif
dressage	nom
dresser	verbe
dresseur	nom
dressé	adjectif
dribble	nom
dribbler	verbe
drifter	nom
drille	nom
drink	nom
drisse	nom
drive	nom
driver	verbe
drogue	nom
droguer	verbe
droguerie	nom
droguet	nom
droguiste	nom
drogué	adjectif
droit	adjectif
droite	nom
droitier	adjectif
droiture	nom
drolatique	adjectif
dromadaire	nom
drone	nom
drop	nom
drugstore	nom
druide	nom
druidique	adjectif
druidisme	nom
druze	adjectif
drôle	adjectif
drôlement	adverbe
drôlerie	nom
dualité	nom
dubitatif	adjectif
ducal	adjectif
ducat	nom
duce	nom
ducon	nom
duel	nom
dune	nom
dunette	nom
dupe	adjectif
duper	verbe
duperie	nom
duplex	nom
duplicité	nom
durable	adjectif
durablement	adverbe
duraille	adjectif
durci	adjectif
durcir	verbe
durcissement	nom
dure	nom
durement	adverbe
durer	verbe
dureté	nom
durian	nom
durillon	nom
durite	nom
durée	nom
duvet	nom
duveteux	adjectif
duègne	nom
dynamique	adjectif
dynamisme	nom
dynamite	nom
dynamiter	verbe
dynamo	nom
dynastie	nom
dysenterie	nom
dèche	nom
déambulation	nom
déambuler	verbe
débagouler	verbe
déballage	nom
déballer	verbe
déballonner	verbe
débandade	nom
débander	verbe
débarbouiller	verbe
débarcadère	nom
débardeur	nom
débarquement	nom
débarquer	verbe
débarqué	adjectif
débarras	nom
débarrasser	verbe
débat	nom
débattre	verbe
débauche	nom
débaucher	verbe
débauché	adjectif
débecter	verbe
débile	adjectif
débilité	nom
débine	nom
débiner	verbe
débit	nom
débiter	verbe
débiteur	nom
déblai	nom
déblaiement	nom
déblayer	verbe
débloquer	verbe
déboire	nom
déboiser	verbe
débonder	verbe
débonnaire	adjectif
débordant	adjectif
débordement	nom
déborder	verbe
déboucher	verbe
débouché	nom
déboucler	verbe
débouler	verbe
déboulonner	verbe
débourrer	verbe
débourser	verbe
déboussoler	verbe
déboutonner	verbe
déboîter	verbe
débraguetter	verbe
débraillé	adjectif
débrancher	verbe
débrayer	verbe
débrider	verbe
débridé	adjectif
débriefing	nom
débris	nom
débrouillard	adjectif
débrouiller	verbe
débroussailler	verbe
débusquer	verbe
début	nom
débutant	adjectif
débuter	verbe
débâcle	nom
déca	nom
décacheter	verbe
décade	nom
décadence	nom
décadent	adjectif
décalage	nom
décalcomanie	nom
décaler	verbe
décalquer	verbe
décalé	adjectif
décamper	verbe
décaniller	verbe
décanter	verbe
décaper	verbe
décapitation	nom
décapiter	verbe
décapotable	adjectif
décapsuler	verbe
décarcasser	verbe
décarrade	nom
décarrer	verbe
décati	adjectif
déceler	verbe
décembre	nom
décemment	adverbe
décence	nom
décennie	nom
décent	adjectif
déception	nom
décerner	verbe
décevant	adjectif
décevoir	verbe
déchanter	verbe
décharge	nom
déchargement	nom
décharger	verbe
décharner	verbe
décharné	adjectif
déchausser	verbe
déchaussé	adjectif
déchaînement	nom
déchaîner	verbe
déchaîné	adjectif
déchet	nom
déchiffrement	nom
déchiffrer	verbe
déchiqueter	verbe
déchiqueté	adjectif
déchirant	adjectif
déchirement	nom
déchirer	verbe
déchirure	nom
déchiré	adjectif
déchoir	verbe
déchu	adjectif
déchéance	nom
décibel	nom
décider	verbe
décidé	adjectif
décidément	adverbe
décimer	verbe
décimètre	nom
décisif	adjectif
décision	nom
déclamation	nom
déclamatoire	adjectif
déclamer	verbe
déclaration	nom
déclarer	verbe
déclaré	adjectif
déclasser	verbe
déclassé	nom
déclenchement	nom
déclencher	verbe
déclencheur	nom
déclic	nom
déclin	nom
déclinant	adjectif
décliner	verbe
déclivité	nom
déclouer	verbe
déco	adjectif
décocher	verbe
décoction	nom
décoder	verbe
décoiffer	verbe
décoincer	verbe
décollage	nom
décoller	verbe
décolleter	verbe
décolleté	adjectif
décoloration	nom
décolorer	verbe
décoloré	adjectif
décolérer	verbe
décommander	verbe
décomposer	verbe
décomposition	nom
décomposé	adjectif
décompresser	verbe
décompression	nom
décompte	nom
déconcentrer	verbe
déconcertant	adjectif
déconcerter	verbe
déconcerté	adjectif
déconfit	adjectif
déconfiture	nom
décongeler	verbe
déconnage	nom
déconnecter	verbe
déconner	verbe
déconseiller	verbe
déconsidérer	verbe
décontamination	nom
décontenancer	verbe
décontenancé	adjectif
décontracter	verbe
décontraction	nom
décontracté	adjectif
déconvenue	nom
décor	nom
décorateur	nom
décoratif	adjectif
décoration	nom
décorer	verbe
décortiquer	verbe
décorum	nom
décoré	adjectif
découcher	verbe
découdre	verbe
découler	verbe
découpage	nom
découpe	nom
découper	verbe
découpure	nom
découpé	adjectif
décourageant	adjectif
découragement	nom
décourager	verbe
découragé	adjectif
décousu	adjectif
découvert	adjectif
découverte	nom
découvreur	nom
découvrir	verbe
décrasser	verbe
décret	nom
décrier	verbe
décrire	verbe
décrisper	verbe
décrit	adjectif
décrié	adjectif
décrochage	nom
décrocher	verbe
décroiser	verbe
décroissant	adjectif
décrotter	verbe
décroître	verbe
décrypter	verbe
décrépit	adjectif
décrépitude	nom
décréter	verbe
déculotter	verbe
décupler	verbe
décuplé	adjectif
décès	nom
décéder	verbe
décédé	adjectif
dédaigner	verbe
dédaigneusement	adverbe
dédaigneux	adjectif
dédain	nom
dédale	nom
dédicace	nom
dédicacer	verbe
dédicacé	adjectif
dédier	verbe
dédire	verbe
dédommagement	nom
dédommager	verbe
dédouaner	verbe
dédoublement	nom
dédoubler	verbe
déductible	adjectif
déduction	nom
déduire	verbe
déesse	nom
défaillance	nom
défaillant	adjectif
défaillir	verbe
défaire	verbe
défait	adjectif
défaite	nom
défaitisme	nom
défaitiste	adjectif
défarguer	verbe
défaut	nom
défavorable	adjectif
défavorisé	adjectif
défection	nom
défectueux	adjectif
défendeur	nom
défendre	verbe
défendu	adjectif
défense	nom
défenseur	nom
défensif	adjectif
défensive	nom
déferlement	nom
déferler	verbe
défi	nom
défiance	nom
défibrillateur	nom
déficience	nom
déficient	adjectif
déficit	nom
défier	verbe
défigurer	verbe
défiguré	adjectif
défilement	nom
défiler	verbe
défilé	nom
défini	adjectif
définir	verbe
définitif	adjectif
définition	nom
définitivement	adverbe
déflagration	nom
déflorer	verbe
défonce	nom
défoncer	verbe
défoncé	adjectif
déformant	adjectif
déformation	nom
déformer	verbe
déformé	adjectif
défouler	verbe
défourailler	verbe
défrayer	verbe
défraîchi	adjectif
défraîchir	verbe
défricher	verbe
défriser	verbe
défroisser	verbe
défroque	nom
défroqué	adjectif
défunt	adjectif
défécation	nom
déféquer	verbe
déférence	nom
déférent	adjectif
dégagement	nom
dégager	verbe
dégagé	adjectif
dégaine	nom
dégainer	verbe
dégarni	adjectif
dégarnir	verbe
dégauchir	verbe
dégel	nom
dégeler	verbe
dégelée	nom
dégingandé	adjectif
déglinguer	verbe
déglingué	adjectif
déglutir	verbe
déglutition	nom
dégobiller	verbe
dégoiser	verbe
dégommer	verbe
dégonfler	verbe
dégonflé	adjectif
dégorger	verbe
dégoter	verbe
dégotter	verbe
dégoulinant	adjectif
dégouliner	verbe
dégoupiller	verbe
dégourdi	adjectif
dégourdir	verbe
dégoutter	verbe
dégoût	nom
dégoûtant	adjectif
dégoûter	verbe
dégoûté	adjectif
dégradant	adjectif
dégradation	nom
dégrader	verbe
dégradé	adjectif
dégrafer	verbe
dégringolade	nom
dégringoler	verbe
dégriser	verbe
dégrossi	adjectif
déguerpir	verbe
dégueu	adjectif
dégueulasse	adjectif
dégueulasser	verbe
dégueulasserie	nom
dégueuler	verbe
dégueulis	nom
déguisement	nom
déguiser	verbe
déguisé	adjectif
dégustation	nom
déguster	verbe
dégât	nom
dégénérer	verbe
dégénéré	adjectif
déhanchement	nom
déhancher	verbe
déhanché	adjectif
déhotter	verbe
déjanter	verbe
déjanté	adjectif
déjection	nom
déjeuner	nom
déjouer	verbe
déjà	adverbe
délabrement	nom
délabrer	verbe
délabré	adjectif
délacer	verbe
délai	nom
délaissement	nom
délaisser	verbe
délaissé	adjectif
délasser	verbe
délateur	nom
délation	nom
délaver	verbe
délavé	adjectif
délayer	verbe
délectable	adjectif
délectation	nom
délecter	verbe
délester	verbe
délibération	nom
délibérer	verbe
délibéré	adjectif
délibérément	adverbe
délicat	adjectif
délicatement	adverbe
délicatesse	nom
délice	nom
délicieusement	adverbe
délicieux	adjectif
délier	verbe
délimiter	verbe
délinquance	nom
délinquant	adjectif
délirant	adjectif
délire	nom
délirer	verbe
délit	nom
délivrance	nom
délivrer	verbe
délié	adjectif
déloger	verbe
déloquer	verbe
déloyal	adjectif
déluge	nom
déluré	adjectif
délégation	nom
déléguer	verbe
délégué	adjectif
délétère	adjectif
démagogie	nom
démagogue	nom
démangeaison	nom
démanger	verbe
démanteler	verbe
démantibuler	verbe
démaquiller	verbe
démarcation	nom
démarche	nom
démarcheur	nom
démarquer	verbe
démarrage	nom
démarrer	verbe
démarreur	nom
démasquer	verbe
démembrer	verbe
démence	nom
démener	verbe
dément	adjectif
démenti	adjectif
démentiel	adjectif
démentir	verbe
démerder	verbe
démesure	nom
démesuré	adjectif
démesurément	adverbe
démettre	verbe
déminage	nom
démineur	nom
démission	nom
démissionner	verbe
démiurge	nom
démobilisation	nom
démobiliser	verbe
démobilisé	nom
démocrate	adjectif
démocratie	nom
démocratique	adjectif
démoder	verbe
démodé	adjectif
démographie	nom
démographique	adjectif
démolir	verbe
démolisseur	nom
démolition	nom
démon	nom
démoniaque	adjectif
démonstrateur	nom
démonstratif	adjectif
démonstration	nom
démontable	adjectif
démonter	verbe
démontrer	verbe
démonté	adjectif
démoralisant	adjectif
démoralisation	nom
démoraliser	verbe
démordre	verbe
démultiplier	verbe
démuni	adjectif
démunir	verbe
démâter	verbe
déménagement	nom
déménager	verbe
déménageur	nom
démériter	verbe
démêler	verbe
dénaturer	verbe
dénaturé	adjectif
déni	nom
dénicher	verbe
dénicheur	nom
dénier	verbe
dénigrement	nom
dénigrer	verbe
dénivellation	nom
dénombrer	verbe
dénomination	nom
dénommer	verbe
dénommé	adjectif
dénoncer	verbe
dénonciateur	nom
dénonciation	nom
dénoter	verbe
dénouement	nom
dénouer	verbe
dénuder	verbe
dénudé	adjectif
dénuement	nom
dénégation	nom
déodorant	nom
dépannage	nom
dépanner	verbe
dépanneur	nom
dépareiller	verbe
dépareillé	adjectif
déparer	verbe
départ	nom
départager	verbe
département	nom
départemental	adjectif
départementale	nom
départir	verbe
dépassement	nom
dépasser	verbe
dépassé	adjectif
dépaysement	nom
dépayser	verbe
dépecer	verbe
dépeindre	verbe
dépenaillé	adjectif
dépendance	nom
dépendant	adjectif
dépendre	verbe
dépense	nom
dépenser	verbe
dépensier	adjectif
dépeupler	verbe
dépeuplé	adjectif
dépiauter	verbe
dépistage	nom
dépister	verbe
dépit	nom
dépiter	verbe
dépité	adjectif
déplacement	nom
déplacer	verbe
déplacé	adjectif
déplaire	verbe
déplaisant	adjectif
déplaisir	nom
dépliant	nom
déplier	verbe
déplisser	verbe
déploiement	nom
déplorable	adjectif
déplorer	verbe
déployer	verbe
déployé	adjectif
déplumé	adjectif
dépoitraillé	adjectif
dépoli	adjectif
déportation	nom
déporter	verbe
déporté	adjectif
dépose	nom
déposer	verbe
dépositaire	nom
déposition	nom
dépossession	nom
déposséder	verbe
dépotoir	nom
dépouille	nom
dépouillement	nom
dépouiller	verbe
dépouillé	adjectif
dépourvu	adjectif
dépoussiérer	verbe
dépravation	nom
dépravé	adjectif
déprendre	verbe
dépressif	adjectif
dépression	nom
déprimant	adjectif
déprime	nom
déprimer	verbe
déprimé	adjectif
déprécier	verbe
dépuceler	verbe
député	nom
dépérir	verbe
dépêche	nom
dépêcher	verbe
dépêtrer	verbe
dépôt	nom
déracinement	nom
déraciner	verbe
déraciné	adjectif
déraillement	nom
dérailler	verbe
dérailleur	nom
déraison	nom
déraisonnable	adjectif
déraisonner	verbe
dérangeant	adjectif
dérangement	nom
déranger	verbe
dérangé	adjectif
dérapage	nom
déraper	verbe
dératé	nom
dérider	verbe
dérision	nom
dérisoire	adjectif
dérisoirement	adverbe
dérivatif	nom
dérivation	nom
dérive	nom
dériver	verbe
dérivé	adjectif
dérobade	nom
dérober	verbe
dérobé	adjectif
déroger	verbe
dérouiller	verbe
dérouillée	nom
déroulement	nom
dérouler	verbe
déroutant	adjectif
déroute	nom
dérouter	verbe
dérèglement	nom
dérégler	verbe
déréglé	adjectif
déréliction	nom
désabuser	verbe
désabusé	adjectif
désaccord	nom
désaccorder	verbe
désactiver	verbe
désaffecter	verbe
désaffection	nom
désaffecté	adjectif
désagréable	adjectif
désagrégation	nom
désagréger	verbe
désagrément	nom
désaltérer	verbe
désamorcer	verbe
désaper	verbe
désappointement	nom
désappointer	verbe
désapprendre	verbe
désapprobateur	adjectif
désapprobation	nom
désapprouver	verbe
désarmant	adjectif
désarmement	nom
désarmer	verbe
désarmé	adjectif
désarroi	nom
désarticuler	verbe
désarçonner	verbe
désarçonné	adjectif
désastre	nom
désastreux	adjectif
désavantage	nom
désaveu	nom
désavouer	verbe
désaxé	adjectif
désemparer	verbe
désemparé	adjectif
désenchantement	nom
désenchanter	verbe
désenchanté	adjectif
désert	adjectif
déserter	verbe
déserteur	nom
désertion	nom
désertique	adjectif
déserté	adjectif
désespoir	nom
désespérance	nom
désespérant	adjectif
désespérer	verbe
désespéré	adjectif
désespérément	adverbe
déshabillage	nom
déshabiller	verbe
déshabillé	adjectif
désherber	verbe
déshonneur	nom
déshonorant	adjectif
déshonorer	verbe
déshydratation	nom
déshydrater	verbe
déshydraté	adjectif
déshériter	verbe
déshérité	adjectif
désignation	nom
désigner	verbe
désigné	adjectif
désillusion	nom
désincarner	verbe
désincarné	adjectif
désinfectant	nom
désinfecter	verbe
désinfection	nom
désintoxication	nom
désintoxiquer	verbe
désintégration	nom
désintégrer	verbe
désintéresser	verbe
désintéressé	adjectif
désintérêt	nom
désinvolte	adjectif
désinvolture	nom
désir	nom
désirable	adjectif
désirer	verbe
désireux	adjectif
désiré	adjectif
désister	verbe
désobligeant	adjectif
désobliger	verbe
désobéir	verbe
désobéissance	nom
désoeuvrement	nom
désoeuvré	adjectif
désolant	adjectif
désolation	nom
désoler	verbe
désolidariser	verbe
désolé	adjectif
désopilant	adjectif
désordonné	adjectif
désordre	nom
désorganiser	verbe
désorienter	verbe
désorienté	adjectif
désormais	adverbe
désosser	verbe
déstabiliser	verbe
désuet	adjectif
désuni	adjectif
désunir	verbe
déséquilibre	nom
déséquilibrer	verbe
déséquilibré	adjectif
détachant	nom
détachement	nom
détacher	verbe
détaché	adjectif
détail	nom
détailler	verbe
détaillé	adjectif
détaler	verbe
détecter	verbe
détecteur	adjectif
détection	nom
détective	nom
déteindre	verbe
dételer	verbe
détendre	verbe
détendu	adjectif
détenir	verbe
détente	nom
détenteur	adjectif
détention	nom
détenu	adjectif
détergent	nom
déterminant	adjectif
détermination	nom
déterminer	verbe
déterminé	adjectif
déterrer	verbe
déterré	adjectif
détestable	adjectif
détestation	nom
détester	verbe
détesté	adjectif
détonateur	nom
détonation	nom
détonner	verbe
détour	nom
détournement	nom
détourner	verbe
détourné	adjectif
détracteur	nom
détraquer	verbe
détraqué	adjectif
détremper	verbe
détresse	nom
détriment	nom
détritus	nom
détroit	nom
détromper	verbe
détroncher	verbe
détruire	verbe
détrôner	verbe
détérioration	nom
détériorer	verbe
dévaler	verbe
dévaliser	verbe
dévaloriser	verbe
dévaluation	nom
dévaluer	verbe
dévastateur	adjectif
dévastation	nom
dévaster	verbe
dévasté	adjectif
déveine	nom
développement	nom
développer	verbe
développé	adjectif
dévergonder	verbe
dévergondé	adjectif
déverrouiller	verbe
déverser	verbe
déversoir	nom
déviation	nom
dévider	verbe
dévier	verbe
dévisager	verbe
dévisser	verbe
dévoiler	verbe
dévolu	adjectif
dévorant	adjectif
dévorer	verbe
dévoreur	nom
dévot	adjectif
dévotion	nom
dévouement	nom
dévouer	verbe
dévoué	adjectif
dévoyer	verbe
dévoyé	adjectif
dévêtir	verbe
déçu	adjectif
dîme	nom
dîner	nom
dînette	nom
dîneur	nom
dôme	nom
dûment	adverbe
ecchymose	nom
ecclésiastique	adjectif
ecstasy	nom
ectoplasme	nom
eczéma	nom
edelweiss	nom
effacement	nom
effacer	verbe
effacé	adjectif
effarant	adjectif
effarement	nom
effarer	verbe
effaroucher	verbe
effarouché	adjectif
effaré	adjectif
effectif	adjectif
effectivement	adverbe
effectuer	verbe
effendi	nom
effervescence	nom
effervescent	adjectif
effet	nom
effeuiller	verbe
efficace	adjectif
efficacement	adverbe
efficacité	nom
effigie	nom
effiler	verbe
effilocher	verbe
effilé	adjectif
efflanqué	adjectif
effleurement	nom
effleurer	verbe
effluve	nom
effondrement	nom
effondrer	verbe
effondré	adjectif
efforcer	verbe
effort	nom
effraction	nom
effrayant	adjectif
effrayer	verbe
effrayé	adjectif
effriter	verbe
effroi	nom
effronterie	nom
effronté	adjectif
effrontément	adverbe
effroyable	adjectif
effroyablement	adverbe
effréné	adjectif
effusion	nom
efféminé	adjectif
elfe	nom
ellipse	nom
elliptique	adjectif
emballage	nom
emballement	nom
emballer	verbe
emballeur	nom
emballé	adjectif
embarcadère	nom
embarcation	nom
embardée	nom
embargo	nom
embarquement	nom
embarquer	verbe
embarras	nom
embarrassant	adjectif
embarrasser	verbe
embarrassé	adjectif
embauche	nom
embaucher	verbe
embaumant	adjectif
embaumement	nom
embaumer	verbe
embaumeur	nom
embellie	nom
embellir	verbe
emblème	nom
emblématique	adjectif
embobiner	verbe
embolie	nom
embonpoint	nom
emboucher	verbe
embouchure	nom
embouché	adjectif
embourber	verbe
embout	nom
embouteillage	nom
emboutir	verbe
emboîter	verbe
embranchement	nom
embrasement	nom
embraser	verbe
embrassade	nom
embrasse	nom
embrassement	nom
embrasser	verbe
embrassé	adjectif
embrasure	nom
embrasé	adjectif
embrayage	nom
embrayer	verbe
embringuer	verbe
embrocher	verbe
embrouille	nom
embrouiller	verbe
embrouillé	adjectif
embroussaillé	adjectif
embrumer	verbe
embrumé	adjectif
embrun	nom
embryon	nom
embuer	verbe
embuscade	nom
embusquer	verbe
embusqué	adjectif
embué	adjectif
embêtant	adjectif
embêtement	nom
embêter	verbe
embêté	adjectif
embûche	nom
emmagasiner	verbe
emmailloter	verbe
emmancher	verbe
emmanchure	nom
emmener	verbe
emmerdant	adjectif
emmerde	nom
emmerdement	nom
emmerder	verbe
emmerdeur	nom
emmitoufler	verbe
emmitouflé	adjectif
emmurer	verbe
emmuré	adjectif
emménagement	nom
emménager	verbe
emmêler	verbe
emmêlé	adjectif
empaffé	nom
empailler	verbe
empaillé	adjectif
empaler	verbe
empanaché	adjectif
empaqueter	verbe
empaqueté	adjectif
emparer	verbe
empathie	nom
empeigne	nom
empereur	nom
empester	verbe
empesé	adjectif
emphase	nom
emphatique	adjectif
empierré	adjectif
empiffrer	verbe
empilement	nom
empiler	verbe
empire	nom
empirer	verbe
empirique	adjectif
empiétement	nom
empiéter	verbe
emplacement	nom
emplafonner	verbe
emplette	nom
empli	adjectif
emplir	verbe
emploi	nom
employer	verbe
employeur	nom
employé	adjectif
emplumé	adjectif
emplâtre	nom
emplâtrer	verbe
empocher	verbe
empoignade	nom
empoigner	verbe
empoisonnement	nom
empoisonner	verbe
empoisonneur	nom
emportement	nom
emporter	verbe
emporté	adjectif
empoté	adjectif
empourprer	verbe
empoussiéré	adjectif
empreint	adjectif
empreinte	nom
empressement	nom
empresser	verbe
empressé	adjectif
emprise	nom
emprisonnement	nom
emprisonner	verbe
emprisonné	adjectif
emprunt	nom
emprunter	verbe
emprunté	adjectif
empuantir	verbe
empyrée	nom
empâtement	nom
empâter	verbe
empâté	adjectif
empêchement	nom
empêcher	verbe
empêcheur	nom
empêché	adjectif
empêtrer	verbe
empêtré	adjectif
encablure	nom
encadrant	adjectif
encadrement	nom
encadrer	verbe
encadré	nom
encager	verbe
encaissement	nom
encaisser	verbe
encaisseur	nom
encaissé	adjectif
encanailler	verbe
encapuchonné	adjectif
encarter	verbe
encastrer	verbe
encastré	adjectif
encaustique	nom
enceinte	adjectif
encens	nom
encenser	verbe
encensoir	nom
encerclement	nom
encercler	verbe
enchantement	nom
enchanter	verbe
enchanteur	adjectif
enchanté	adjectif
enchaînement	nom
enchaîner	verbe
enchaîné	adjectif
enchevêtrement	nom
enchevêtré	adjectif
enchâsser	verbe
enchère	nom
enchérir	verbe
enclave	nom
enclencher	verbe
enclenché	adjectif
enclin	adjectif
enclore	verbe
enclos	nom
enclume	nom
encoche	nom
encoder	verbe
encoignure	nom
encolure	nom
encombrant	adjectif
encombre	nom
encombrement	nom
encombrer	verbe
encombré	adjectif
encorbellement	nom
encore	adverbe
encourageant	adjectif
encouragement	nom
encourager	verbe
encourir	verbe
encrasser	verbe
encre	nom
encrer	verbe
encrier	nom
encroûter	verbe
enculer	verbe
enculeur	nom
enculé	adjectif
encyclopédie	nom
encyclopédique	adjectif
encéphalogramme	nom
endetter	verbe
endeuiller	verbe
endeuillé	adjectif
endiablé	adjectif
endiamanté	adjectif
endiguer	verbe
endimancher	verbe
endimanché	adjectif
endive	nom
endolori	adjectif
endolorir	verbe
endommager	verbe
endommagé	adjectif
endormi	adjectif
endormir	verbe
endorphine	nom
endosse	nom
endosser	verbe
endroit	nom
enduire	verbe
enduit	nom
endurance	nom
endurci	adjectif
endurcir	verbe
endurcissement	nom
endurer	verbe
endémique	adjectif
enfance	nom
enfant	nom
enfantement	nom
enfanter	verbe
enfantillage	nom
enfantin	adjectif
enfariné	adjectif
enfer	nom
enfermement	nom
enfermer	verbe
enfermé	adjectif
enferrer	verbe
enfilade	nom
enfiler	verbe
enfin	adverbe
enfiévré	adjectif
enflammer	verbe
enflammé	adjectif
enfler	verbe
enflure	nom
enflé	adjectif
enfoiré	adjectif
enfoncement	nom
enfoncer	verbe
enfoncé	adjectif
enfoui	adjectif
enfouiller	verbe
enfouir	verbe
enfourcher	verbe
enfourner	verbe
enfreindre	verbe
enfuir	verbe
enfumer	verbe
enfumé	adjectif
engageant	adjectif
engagement	nom
engager	verbe
engagé	adjectif
engeance	nom
engelure	nom
engendrer	verbe
engin	nom
englober	verbe
engloutir	verbe
engloutissement	nom
engluer	verbe
englué	adjectif
engorger	verbe
engouement	nom
engouffrer	verbe
engourdi	adjectif
engourdir	verbe
engourdissement	nom
engrais	nom
engraisser	verbe
engranger	verbe
engrenage	nom
engrosser	verbe
engueulade	nom
engueuler	verbe
enguirlander	verbe
enhardir	verbe
enivrant	adjectif
enivrement	nom
enivrer	verbe
enjamber	verbe
enjambée	nom
enjeu	nom
enjoindre	verbe
enjoliver	verbe
enjoliveur	nom
enjouement	nom
enjoué	adjectif
enjôler	verbe
enjôleur	adjectif
enlacement	nom
enlacer	verbe
enlaidir	verbe
enlever	verbe
enlevé	adjectif
enlisement	nom
enliser	verbe
enluminer	verbe
enluminure	nom
enlèvement	nom
enneiger	verbe
enneigé	adjectif
ennemi	adjectif
ennoblir	verbe
ennui	nom
ennuyant	adjectif
ennuyer	verbe
ennuyeux	adjectif
ennuyé	adjectif
enorgueillir	verbe
enquiller	verbe
enquiquiner	verbe
enquérir	verbe
enquête	nom
enquêter	verbe
enquêteur	nom
enraciner	verbe
enraciné	adjectif
enrager	verbe
enragé	adjectif
enrayer	verbe
enregistrement	nom
enregistrer	verbe
enregistreur	adjectif
enrhumer	verbe
enrhumé	adjectif
enrichi	adjectif
enrichir	verbe
enrichissant	adjectif
enrichissement	nom
enrober	verbe
enrobé	adjectif
enrouer	verbe
enroulement	nom
enrouler	verbe
enroué	adjectif
enrubanner	verbe
enrubanné	adjectif
enrôler	verbe
enrôlé	nom
ensabler	verbe
ensablé	adjectif
ensanglanter	verbe
ensanglanté	adjectif
enseignant	adjectif
enseigne	nom
enseignement	nom
enseigner	verbe
ensemble	adverbe
ensemencer	verbe
enserrer	verbe
enseveli	adjectif
ensevelir	verbe
ensevelissement	nom
ensoleiller	verbe
ensoleillé	adjectif
ensommeiller	verbe
ensommeillé	adjectif
ensorceler	verbe
ensorcelé	adjectif
ensuite	adverbe
ensuivre	verbe
entacher	verbe
entaille	nom
entailler	verbe
entaillé	adjectif
entamer	verbe
entassement	nom
entasser	verbe
entendant	nom
entendement	nom
entendre	verbe
entendu	adjectif
entente	nom
enterrement	nom
enterrer	verbe
enterré	adjectif
enthousiasme	nom
enthousiasmer	verbe
enthousiaste	adjectif
enticher	verbe
entier	adjectif
entité	nom
entièrement	adverbe
entomologiste	nom
entonner	verbe
entonnoir	nom
entorse	nom
entortiller	verbe
entour	nom
entourage	nom
entourer	verbe
entourloupe	nom
entouré	adjectif
entracte	nom
entraide	nom
entraider	verbe
entrain	nom
entrant	adjectif
entrave	nom
entraver	verbe
entravé	adjectif
entraînant	adjectif
entraînement	nom
entraîner	verbe
entraîneur	nom
entraîné	adjectif
entrebâillement	nom
entrebâiller	verbe
entrebâillé	adjectif
entrechat	nom
entrechoquer	verbe
entrecouper	verbe
entrecoupé	adjectif
entrecroisement	nom
entrecroiser	verbe
entrecuisse	nom
entrecôte	nom
entrefilet	nom
entrejambe	nom
entrelacer	verbe
entrelacs	nom
entrelacé	adjectif
entremets	nom
entremetteur	nom
entremettre	verbe
entremise	nom
entrepont	nom
entreposer	verbe
entreprenant	adjectif
entreprendre	verbe
entrepreneur	nom
entreprise	nom
entrepôt	nom
entrer	verbe
entresol	nom
entretenir	verbe
entretenu	adjectif
entretien	nom
entretuer	verbe
entrevoir	verbe
entrevue	nom
entrouvert	adjectif
entrouvrir	verbe
entrée	nom
entuber	verbe
enturbanner	verbe
enturbanné	adjectif
enténébrer	verbe
entériner	verbe
entêtant	adjectif
entêtement	nom
entêter	verbe
entêté	adjectif
envahi	adjectif
envahir	verbe
envahissant	adjectif
envahissement	nom
envahisseur	nom
enveloppant	adjectif
enveloppe	nom
enveloppement	nom
envelopper	verbe
enveloppé	adjectif
envenimer	verbe
envergure	nom
envers	nom
enviable	adjectif
envie	nom
envier	verbe
envieux	adjectif
environ	adverbe
environnant	adjectif
environnement	nom
environner	verbe
envisageable	adjectif
envisager	verbe
envisagé	adjectif
envoi	nom
envol	nom
envoler	verbe
envolée	nom
envoyer	verbe
envoyé	nom
envoûtant	adjectif
envoûtement	nom
envoûter	verbe
envoûté	adjectif
enzyme	nom
ergot	nom
ergoter	verbe
ermitage	nom
ermite	nom
errance	nom
errant	adjectif
erratique	adjectif
erre	nom
errer	verbe
erreur	nom
erroné	adjectif
ersatz	nom
esbigner	verbe
escabeau	nom
escadre	nom
escadrille	nom
escadron	nom
escalade	nom
escalader	verbe
escalator	nom
escale	nom
escalier	nom
escalope	nom
escamoter	verbe
escapade	nom
escarbille	nom
escargot	nom
escarmouche	nom
escarpement	nom
escarpin	nom
escarpé	adjectif
escient	nom
esclaffer	verbe
esclandre	nom
esclavage	nom
esclavagiste	nom
esclave	adjectif
escogriffe	nom
escompte	nom
escompter	verbe
escorte	nom
escorter	verbe
escorteur	nom
escouade	nom
escrime	nom
escrimer	verbe
escroc	nom
escroquer	verbe
escroquerie	nom
escudo	nom
esgourde	nom
esgourder	verbe
espace	nom
espacer	verbe
espacé	adjectif
espada	nom
espadon	nom
espadrille	nom
espagnol	adjectif
espagnolette	nom
espalier	nom
espingo	nom
espingouin	nom
espion	nom
espionnage	nom
espionner	verbe
espiègle	adjectif
espièglerie	nom
esplanade	nom
espoir	nom
esprit	nom
espèce	nom
espérance	nom
espérer	verbe
esquif	nom
esquille	nom
esquimau	adjectif
esquinter	verbe
esquinté	adjectif
esquisse	nom
esquisser	verbe
esquive	nom
esquiver	verbe
essai	nom
essaim	nom
essayage	nom
essayer	verbe
esse	nom
essence	nom
essentiel	adjectif
essentiellement	adverbe
esseulé	adjectif
essor	nom
essorer	verbe
essoufflement	nom
essouffler	verbe
essoufflé	adjectif
essuyer	verbe
estacade	nom
estafette	nom
estafilade	nom
estaminet	nom
estampe	nom
este	nom
esthète	nom
esthéticien	nom
esthétique	adjectif
esthétisme	nom
estimable	adjectif
estimation	nom
estime	nom
estimer	verbe
estival	adjectif
estivant	nom
estomac	nom
estomaquer	verbe
estomper	verbe
estompé	adjectif
estourbir	verbe
estrade	nom
estragon	nom
estropier	verbe
estropié	adjectif
estuaire	nom
estudiantin	adjectif
ethnique	adjectif
eucalyptus	nom
eucharistie	nom
eunuque	nom
euphorie	nom
euphorique	adjectif
euphémisme	nom
euro	nom
européen	adjectif
euskera	nom
euthanasie	nom
exacerber	verbe
exacerbé	adjectif
exact	adjectif
exactement	adverbe
exaction	nom
exactitude	nom
exagération	nom
exagérer	verbe
exagéré	adjectif
exagérément	adverbe
exaltant	adjectif
exaltation	nom
exalter	verbe
exalté	adjectif
exam	nom
examen	nom
examinateur	nom
examiner	verbe
exaspérant	adjectif
exaspération	nom
exaspérer	verbe
exaucer	verbe
excavation	nom
excellence	nom
excellent	adjectif
exceller	verbe
excentricité	nom
excentrique	adjectif
excepter	verbe
exception	nom
exceptionnel	adjectif
excepté	adjectif
excessif	adjectif
excessivement	adverbe
excision	nom
excitant	adjectif
excitation	nom
exciter	verbe
excité	adjectif
exclamation	nom
exclamer	verbe
exclu	adjectif
exclure	verbe
exclusif	adjectif
exclusion	nom
exclusivement	adverbe
exclusivité	nom
excommunication	nom
excommunier	verbe
excommunié	adjectif
excroissance	nom
excrément	nom
excursion	nom
excusable	adjectif
excuse	nom
excuser	verbe
excès	nom
excédent	nom
excéder	verbe
exemplaire	adjectif
exemple	nom
exempt	adjectif
exempter	verbe
exemption	nom
exercer	verbe
exercice	nom
exercé	adjectif
exergue	nom
exhalaison	nom
exhaler	verbe
exhaustif	adjectif
exhiber	verbe
exhibition	nom
exhibitionnisme	nom
exhibitionniste	nom
exhortation	nom
exhorter	verbe
exhumer	verbe
exigeant	adjectif
exigence	nom
exiger	verbe
exigu	adjectif
exiguïté	nom
exil	nom
exiler	verbe
exilé	adjectif
existant	adjectif
existence	nom
existentialisme	nom
existentiel	adjectif
exister	verbe
exode	nom
exorbitant	adjectif
exorbiter	verbe
exorbité	adjectif
exorciser	verbe
exorcisme	nom
exorciste	nom
exorde	nom
exotique	adjectif
exotisme	nom
expansif	adjectif
expansion	nom
expatrier	verbe
expectative	nom
expert	adjectif
expertise	nom
expiation	nom
expiatoire	adjectif
expier	verbe
expiration	nom
expirer	verbe
explicable	adjectif
explicatif	adjectif
explication	nom
explicite	adjectif
explicitement	adverbe
expliciter	verbe
expliquer	verbe
exploit	nom
exploitation	nom
exploiter	verbe
exploiteur	nom
exploité	adjectif
explorateur	adjectif
exploration	nom
explorer	verbe
exploser	verbe
explosif	adjectif
explosion	nom
expo	nom
export	nom
exportation	nom
exporter	verbe
exposer	verbe
exposition	nom
exposé	adjectif
express	adjectif
expressif	adjectif
expression	nom
expressionniste	adjectif
expressément	adverbe
exprimer	verbe
exprès	adjectif
expulser	verbe
expulsion	nom
expulsé	adjectif
expurger	verbe
expédient	nom
expédier	verbe
expéditeur	nom
expéditif	adjectif
expédition	nom
expéditionnaire	adjectif
expérience	nom
expérimental	adjectif
expérimentation	nom
expérimenter	verbe
expérimenté	adjectif
exquis	adjectif
exsangue	adjectif
extase	nom
extasier	verbe
extasié	adjectif
extatique	adjectif
extensible	adjectif
extension	nom
exterminateur	adjectif
extermination	nom
exterminer	verbe
externe	adjectif
extincteur	nom
extinction	nom
extirper	verbe
extorquer	verbe
extorsion	nom
extra	adjectif
extraction	nom
extrader	verbe
extradition	nom
extraire	verbe
extrait	adjectif
extraordinaire	adjectif
extrasensoriel	adjectif
extraterrestre	adjectif
extravagance	nom
extravagant	adjectif
extrémiste	adjectif
extrémité	nom
extrême	adjectif
extrêmement	adverbe
exténuant	adjectif
exténuer	verbe
exténué	adjectif
extérieur	adjectif
extérieurement	adverbe
extérioriser	verbe
exubérance	nom
exubérant	adjectif
exultant	adjectif
exultation	nom
exulter	verbe
exutoire	nom
exécrable	adjectif
exécration	nom
exécrer	verbe
exécutant	nom
exécuter	verbe
exécuteur	nom
exécutif	adjectif
exécution	nom
exégèse	nom
exégète	nom
fable	nom
fabricant	nom
fabrication	nom
fabrique	nom
fabriquer	verbe
fabuleusement	adverbe
fabuleux	adjectif
face	nom
facette	nom
facho	nom
facial	adjectif
facile	adjectif
facilement	adverbe
faciliter	verbe
facilité	nom
faciès	nom
faconde	nom
facteur	nom
factice	adjectif
faction	nom
factionnaire	nom
factotum	nom
facture	nom
facturer	verbe
faculté	nom
facétie	nom
facétieux	adjectif
fada	adjectif
fadaise	nom
fadasse	adjectif
fade	adjectif
fader	verbe
fadeur	nom
fado	nom
fafiot	nom
fagot	nom
fagoter	verbe
fagoté	adjectif
faiblard	adjectif
faible	adjectif
faiblement	adverbe
faiblesse	nom
faiblir	verbe
faille	nom
faillir	verbe
faillite	nom
faim	nom
faine	nom
fainéant	adjectif
faire	verbe
faisable	adjectif
faisan	nom
faisandé	adjectif
faisceau	nom
faiseur	nom
fait	adjectif
faix	nom
fakir	nom
falaise	nom
falbala	nom
fallacieux	adjectif
falloir	verbe
falot	adjectif
falsifier	verbe
falzar	nom
fameux	adjectif
familial	adjectif
familiariser	verbe
familiarité	nom
familier	adjectif
familièrement	adverbe
famille	nom
famine	nom
famé	adjectif
famélique	adjectif
fana	nom
fanal	nom
fanatique	adjectif
fanatiser	verbe
fanatisme	nom
fane	nom
faner	verbe
fanfan	nom
fanfare	nom
fanfaron	adjectif
fanfaronnade	nom
fanfaronner	verbe
fanfreluche	nom
fange	nom
fangeux	adjectif
fanion	nom
fanny	adjectif
fanon	nom
fantaisie	nom
fantaisiste	adjectif
fantasia	nom
fantasmagorie	nom
fantasme	nom
fantasmer	verbe
fantasque	adjectif
fantassin	nom
fantastique	adjectif
fantoche	nom
fantomatique	adjectif
fantôme	nom
fané	adjectif
faon	nom
farad	nom
faramineux	adjectif
farandole	nom
faraud	adjectif
farce	nom
farceur	adjectif
farci	adjectif
farcir	verbe
fard	nom
fardeau	nom
farder	verbe
farfelu	adjectif
farfouiller	verbe
faribole	nom
farine	nom
farineux	adjectif
farouche	adjectif
farouchement	adverbe
fascicule	nom
fascinant	adjectif
fascination	nom
fascine	nom
fasciner	verbe
fascisme	nom
fasciste	adjectif
faste	adjectif
fastidieux	adjectif
fastoche	adjectif
fastueux	adjectif
fatal	adjectif
fatalement	adverbe
fatalisme	nom
fataliste	adjectif
fatalité	nom
fatidique	adjectif
fatigant	adjectif
fatigue	nom
fatiguer	verbe
fatigué	adjectif
fatma	nom
fatras	nom
fatuité	nom
faubourg	nom
faubourien	adjectif
fauche	nom
faucher	verbe
faucheur	nom
faucheux	nom
fauché	adjectif
faucille	nom
faucon	nom
faufiler	verbe
faune	nom
faussaire	nom
faussement	adverbe
fausser	verbe
fausset	nom
fausseté	nom
faute	nom
fauter	verbe
fauteuil	nom
fauteur	nom
fautif	adjectif
fauve	adjectif
fauvette	nom
faux	adjectif
favela	nom
faveur	nom
favorable	adjectif
favorablement	adverbe
favori	adjectif
favoriser	verbe
favorite	nom
faxer	verbe
fayot	nom
fayoter	verbe
façade	nom
façon	nom
façonner	verbe
faîte	nom
faïence	nom
feeling	nom
feignant	adjectif
feignasse	nom
feindre	verbe
feint	adjectif
feinte	nom
feinter	verbe
feldwebel	nom
fellaga	nom
fellation	nom
felouque	nom
femelle	adjectif
femme	nom
femmelette	nom
fendiller	verbe
fendillé	adjectif
fendre	verbe
fendu	adjectif
fenouil	nom
fente	nom
fenêtre	nom
fermage	nom
ferme	adjectif
fermement	adverbe
ferment	nom
fermentation	nom
fermenter	verbe
fermenté	adjectif
fermer	verbe
fermeture	nom
fermeté	nom
fermier	adjectif
fermoir	nom
fermé	adjectif
ferraille	nom
ferraillement	nom
ferrailler	verbe
ferrailleur	nom
ferrer	verbe
ferreux	adjectif
ferronnerie	nom
ferronnier	nom
ferroviaire	adjectif
ferrugineux	adjectif
ferrure	nom
ferry	nom
ferré	adjectif
fertile	adjectif
fertiliser	verbe
fertilité	nom
fervent	adjectif
ferveur	nom
fesse	nom
fesser	verbe
fessier	nom
fessu	adjectif
fessée	nom
festif	adjectif
festin	nom
festival	nom
festivité	nom
feston	nom
festonner	verbe
festoyer	verbe
feuillage	nom
feuille	nom
feuillet	nom
feuilleter	verbe
feuilleton	nom
feuillette	nom
feuilleté	adjectif
feuillu	adjectif
feuillée	nom
feulement	nom
feuler	verbe
feutre	nom
feutrer	verbe
feutrine	nom
feutré	adjectif
fiable	adjectif
fiacre	nom
fiancer	verbe
fiancé	nom
fiasco	nom
fibre	nom
fibreux	adjectif
fibrillation	nom
fibrille	nom
fibrome	nom
ficeler	verbe
ficelle	nom
ficelé	adjectif
fiche	nom
ficher	verbe
fichier	nom
fichu	adjectif
fictif	adjectif
fiction	nom
fiduciaire	adjectif
fidèle	adjectif
fidèlement	adverbe
fidélité	nom
fief	nom
fieffé	adjectif
fiel	nom
fielleux	adjectif
fiente	nom
fier	adjectif
fierté	nom
fiesta	nom
fifi	nom
fifille	nom
fifre	nom
fifrelin	nom
figaro	nom
figer	verbe
fignoler	verbe
figue	nom
figuier	nom
figurant	nom
figuratif	adjectif
figuration	nom
figure	nom
figurer	verbe
figurine	nom
figuré	adjectif
figé	adjectif
filament	nom
filandreux	adjectif
filant	adjectif
filature	nom
file	nom
filer	verbe
filet	nom
filial	adjectif
filiale	nom
filiation	nom
filiforme	adjectif
filigrane	nom
filin	nom
filioque	adjectif
filière	nom
fille	nom
fillette	nom
filleul	nom
film	nom
filmer	verbe
filon	nom
filou	nom
filouter	verbe
fils	nom
filtre	nom
filtrer	verbe
filé	adjectif
final	adjectif
finale	nom
finalement	adverbe
finaliser	verbe
finaliste	nom
finance	nom
financement	nom
financer	verbe
financier	adjectif
financièrement	adverbe
finaud	adjectif
fine	nom
finement	adverbe
finesse	nom
finette	nom
fini	adjectif
finir	verbe
finish	nom
finissant	adjectif
finition	nom
finlandais	adjectif
finnois	nom
fiole	nom
fion	nom
fioriture	nom
firmament	nom
firme	nom
fisc	nom
fiscal	adjectif
fissa	adverbe
fission	nom
fissure	nom
fissurer	verbe
fiston	nom
fixation	nom
fixe	adjectif
fixement	adverbe
fixer	verbe
fixité	nom
fixé	adjectif
fièrement	adverbe
fièvre	nom
fiévreusement	adverbe
fiévreux	adjectif
fjord	nom
flacon	nom
flag	nom
flagellation	nom
flageller	verbe
flageolant	adjectif
flageoler	verbe
flageolet	nom
flagornerie	nom
flagrant	adjectif
flair	nom
flairer	verbe
flamand	adjectif
flamant	nom
flambant	adjectif
flambe	nom
flambeau	nom
flamber	verbe
flambeur	nom
flamboiement	nom
flamboyant	adjectif
flamboyer	verbe
flambée	nom
flamenco	adjectif
flamme	nom
flammèche	nom
flan	nom
flanc	nom
flancher	verbe
flanelle	nom
flanquer	verbe
flapi	adjectif
flaque	nom
flash	nom
flasher	verbe
flasque	adjectif
flat	adjectif
flatter	verbe
flatterie	nom
flatteur	adjectif
flegmatique	adjectif
flegme	nom
flemmard	nom
flemme	nom
fleur	nom
fleurer	verbe
fleuret	nom
fleurette	nom
fleuri	adjectif
fleurir	verbe
fleuriste	nom
fleuron	nom
fleuve	nom
flexible	adjectif
flexion	nom
flibustier	nom
flic	nom
flicaille	nom
flicard	adjectif
flingue	nom
flinguer	verbe
flingueur	nom
flip	nom
flipper	nom
flippé	nom
flirt	nom
flirter	verbe
flocon	nom
floconneux	adjectif
flonflon	nom
flop	nom
flopée	nom
floraison	nom
floral	adjectif
flore	nom
florentin	adjectif
florin	nom
florissant	adjectif
florès	adverbe
flot	nom
flottaison	nom
flottant	adjectif
flotte	nom
flottement	nom
flotter	verbe
flotteur	nom
flottille	nom
flou	adjectif
flouer	verbe
fluctuation	nom
fluctuer	verbe
fluet	adjectif
fluide	adjectif
fluidité	nom
fluo	adjectif
fluorescent	adjectif
flush	nom
fluvial	adjectif
flux	nom
flâner	verbe
flânerie	nom
flâneur	adjectif
flèche	nom
fléau	nom
flécher	verbe
fléchette	nom
fléchir	verbe
fléchissement	nom
fléché	adjectif
flétrir	verbe
flétrissure	nom
flûte	nom
flûté	adjectif
focal	adjectif
focaliser	verbe
foetal	adjectif
foetus	nom
foie	nom
foin	nom
foire	nom
foirer	verbe
foireux	adjectif
foison	nom
foisonnant	adjectif
foisonnement	nom
foisonner	verbe
folichon	adjectif
folie	nom
folingue	adjectif
folio	nom
folk	nom
folklore	nom
folklorique	adjectif
follement	adverbe
follet	adjectif
folâtre	adjectif
folâtrer	verbe
fomenter	verbe
foncer	verbe
fonceur	nom
foncier	adjectif
foncièrement	adverbe
fonction	nom
fonctionnaire	nom
fonctionnel	adjectif
fonctionnement	nom
fonctionner	verbe
foncé	adjectif
fond	nom
fondamental	adjectif
fondamentalement	adverbe
fondant	adjectif
fondateur	adjectif
fondation	nom
fondement	nom
fonder	verbe
fonderie	nom
fondre	verbe
fondrière	nom
fonds	nom
fondu	adjectif
fondue	nom
fondé	adjectif
fontaine	nom
fonte	nom
foot	nom
football	nom
footballeur	nom
forage	nom
forain	adjectif
forban	nom
force	nom
forcement	nom
forcené	adjectif
forceps	nom
forcer	verbe
forcing	nom
forcir	verbe
forcé	adjectif
forcément	adverbe
forer	verbe
forestier	adjectif
foret	nom
foreur	nom
forfait	nom
forfaiture	nom
forfanterie	nom
forge	nom
forger	verbe
forgeron	nom
formaliser	verbe
formalité	nom
format	nom
formation	nom
forme	nom
formel	adjectif
formellement	adverbe
former	verbe
formica	nom
formidable	adjectif
formidablement	adverbe
formol	nom
formulaire	nom
formulation	nom
formule	nom
formuler	verbe
formulé	adjectif
formé	adjectif
fornicateur	nom
fornication	nom
forniquer	verbe
fort	adjectif
fortement	adverbe
forteresse	nom
fortiche	adjectif
fortifiant	nom
fortification	nom
fortifier	verbe
fortifié	adjectif
fortin	nom
fortuit	adjectif
fortune	nom
fortuné	adjectif
forum	nom
forçat	nom
forêt	nom
fosse	nom
fossette	nom
fossile	adjectif
fossoyeur	nom
fossé	nom
fouaille	nom
fouailler	verbe
foudre	nom
foudroyant	adjectif
foudroyer	verbe
fouet	nom
fouettard	adjectif
fouetter	verbe
fouetté	nom
foufoune	nom
fougasse	nom
fougeraie	nom
fougue	nom
fougueux	adjectif
fougère	nom
fouille	nom
fouiller	verbe
fouillis	nom
fouine	nom
fouiner	verbe
fouineur	adjectif
fouir	verbe
foulard	nom
foule	nom
fouler	verbe
foulée	nom
four	nom
fourbe	adjectif
fourberie	nom
fourbi	nom
fourbir	verbe
fourbu	adjectif
fourche	nom
fourchette	nom
fourchu	adjectif
fourgon	nom
fourgonner	verbe
fourgonnette	nom
fourgue	nom
fourguer	verbe
fourmi	nom
fourmilier	nom
fourmillant	adjectif
fourmillement	nom
fourmiller	verbe
fournaise	nom
fourneau	nom
fourni	adjectif
fournil	nom
fourniment	nom
fournir	verbe
fournisseur	nom
fourniture	nom
fournée	nom
fourrage	nom
fourrager	verbe
fourreau	nom
fourrer	verbe
fourreur	nom
fourrier	nom
fourrière	nom
fourrure	nom
fourré	adjectif
fourvoyer	verbe
foutaise	nom
fouteur	nom
foutoir	nom
foutre	nom
foutrement	adverbe
foutu	adjectif
foyer	adjectif
frac	nom
fracas	nom
fracassant	adjectif
fracasser	verbe
fracassé	adjectif
fraction	nom
fractionner	verbe
fracture	nom
fracturer	verbe
fracturé	adjectif
fragile	adjectif
fragilité	nom
fragment	nom
fragmentaire	adjectif
fragmentation	nom
fragmenter	verbe
fragrance	nom
frais	adjectif
fraise	nom
fraiser	verbe
fraisier	nom
framboise	nom
franc	adjectif
franchement	adverbe
franchir	verbe
franchise	nom
franchissement	nom
franciscain	adjectif
franciser	verbe
francité	nom
franco	adverbe
francophone	adjectif
frange	nom
frangin	nom
franque	adjectif
franquette	nom
franquisme	nom
franquiste	adjectif
français	adjectif
frappant	adjectif
frappe	nom
frapper	verbe
frappeur	nom
frappé	adjectif
frasque	nom
fraternel	adjectif
fraternellement	adverbe
fraterniser	verbe
fraternité	nom
fratricide	adjectif
fraude	nom
fraudeur	nom
frauduleux	adjectif
frayer	verbe
frayeur	nom
fraîchement	adverbe
fraîcheur	nom
fraîchir	verbe
fredonner	verbe
freezer	nom
frein	nom
freinage	nom
freiner	verbe
frelaté	adjectif
frelon	nom
freluquet	nom
fresque	nom
fret	nom
fretin	nom
freudien	adjectif
friable	adjectif
friand	adjectif
friandise	nom
fric	nom
fricadelle	nom
fricassée	nom
friche	nom
frichti	nom
fricot	nom
fricoter	verbe
friction	nom
frictionner	verbe
frigidaire	nom
frigide	adjectif
frigo	nom
frigorifié	adjectif
frileusement	adverbe
frileux	adjectif
frimas	nom
frime	nom
frimer	verbe
frimeur	adjectif
frimousse	nom
fringale	nom
fringant	adjectif
fringue	nom
fringuer	verbe
fripe	nom
friper	verbe
fripier	nom
fripon	adjectif
fripouille	nom
fripé	adjectif
friqué	adjectif
frire	verbe
frisant	adjectif
frisbee	nom
frise	nom
friselis	nom
friser	verbe
frisette	nom
frison	nom
frisotter	verbe
frisotté	adjectif
frisquet	adjectif
frisson	nom
frissonnant	adjectif
frissonnement	nom
frissonner	verbe
frisé	adjectif
frite	adjectif
friture	nom
fritz	nom
frivole	adjectif
frivolité	nom
froc	nom
froid	adjectif
froidement	adverbe
froideur	nom
froidure	nom
froissement	nom
froisser	verbe
froissé	adjectif
fromage	nom
froment	nom
fronce	nom
froncement	nom
froncer	verbe
froncé	adjectif
frondaison	nom
fronde	nom
frondeur	adjectif
front	nom
frontal	adjectif
frontalier	adjectif
frontière	nom
fronton	nom
frottement	nom
frotter	verbe
frotteur	nom
froussard	nom
frousse	nom
fructifier	verbe
fructueux	adjectif
frugal	adjectif
fruit	nom
fruitier	adjectif
fruité	adjectif
fruste	adjectif
frustrant	adjectif
frustration	nom
frustrer	verbe
frustré	adjectif
frère	nom
frégate	nom
frémir	verbe
frémissant	adjectif
frémissement	nom
frénésie	nom
frénétique	adjectif
frénétiquement	adverbe
fréquemment	adverbe
fréquence	nom
fréquent	adjectif
fréquentable	adjectif
fréquentation	nom
fréquenter	verbe
fréquenté	adjectif
frérot	nom
fréter	verbe
frétillant	adjectif
frétiller	verbe
frêle	adjectif
frêne	nom
frôlement	nom
frôler	verbe
frôleur	adjectif
fuel	nom
fugace	adjectif
fugacement	adverbe
fugitif	adjectif
fugitivement	adverbe
fugue	nom
fuguer	verbe
fugueur	nom
fuir	verbe
fuite	nom
fulgurance	nom
fulgurant	adjectif
fulgurer	verbe
fuligineux	adjectif
full	nom
fulminant	adjectif
fulminer	verbe
fumant	adjectif
fumer	verbe
fumerie	nom
fumet	nom
fumeur	nom
fumeux	adjectif
fumier	nom
fumigation	nom
fumigène	adjectif
fumiste	nom
fumoir	nom
fumé	adjectif
fumée	nom
funambule	nom
funeste	adjectif
funiculaire	nom
funk	adjectif
funky	adjectif
funèbre	adjectif
funéraire	adjectif
funérarium	nom
furax	adjectif
furet	nom
fureter	verbe
fureteur	adjectif
fureur	nom
furibard	adjectif
furibond	adjectif
furie	nom
furieusement	adverbe
furieux	adjectif
furoncle	nom
furtif	adjectif
furtivement	adverbe
fusain	nom
fusant	adjectif
fuseau	nom
fuselage	nom
fuselé	adjectif
fuser	verbe
fusible	nom
fusil	nom
fusilier	nom
fusillade	nom
fusiller	verbe
fusillé	adjectif
fusion	nom
fusionner	verbe
fustiger	verbe
fusée	nom
futaie	nom
futaille	nom
futal	nom
futile	adjectif
futilité	nom
futur	adjectif
futuriste	adjectif
futé	adjectif
fuyant	adjectif
fuyard	nom
fâcher	verbe
fâcheusement	adverbe
fâcheux	adjectif
fâché	adjectif
fève	nom
fébrile	adjectif
fébrilement	adverbe
fébrilité	nom
fécal	adjectif
fécond	adjectif
fécondation	nom
féconder	verbe
fécondité	nom
fédéral	adjectif
fédération	nom
fée	nom
féerie	nom
féerique	adjectif
félicitation	nom
féliciter	verbe
félicité	nom
félin	adjectif
félon	nom
féminin	adjectif
féministe	adjectif
féminité	nom
fémoral	adjectif
fémur	nom
féodal	adjectif
féria	nom
férir	verbe
férié	adjectif
féroce	adjectif
férocement	adverbe
férocité	nom
féru	adjectif
férule	nom
fétiche	nom
fétichisme	nom
fétide	adjectif
fétu	nom
février	nom
fêler	verbe
fêlure	nom
fêlé	adjectif
fêtard	nom
fête	nom
fêter	verbe
fût	nom
führer	nom
gabardine	nom
gabarit	nom
gadget	nom
gadin	nom
gadjo	nom
gadoue	nom
gaffe	nom
gaffer	verbe
gaga	adjectif
gage	nom
gager	verbe
gageure	nom
gagnant	adjectif
gagner	verbe
gagneur	nom
gagné	adjectif
gaiement	adverbe
gaieté	nom
gail	nom
gaillard	adjectif
gaillardement	adverbe
gain	nom
gaine	nom
gainer	verbe
gala	nom
galactique	adjectif
galamment	adverbe
galant	adjectif
galanterie	nom
galantine	nom
galaxie	nom
galbe	nom
galbé	adjectif
gale	nom
galerie	nom
galet	nom
galetas	nom
galette	nom
galeux	adjectif
galion	nom
galiote	nom
galipette	nom
gallo	adjectif
gallois	adjectif
gallon	nom
galoche	nom
galon	nom
galonné	adjectif
galop	nom
galopade	nom
galopant	adjectif
galope	nom
galoper	verbe
galopin	nom
galtouse	nom
galure	nom
galvaniser	verbe
galvauder	verbe
galérer	verbe
galérien	nom
gambade	nom
gambader	verbe
gamberge	nom
gamberger	verbe
gambette	nom
gambiller	verbe
game	nom
gamelle	nom
gamin	adjectif
gaminerie	nom
gamma	nom
gamme	nom
gammée	adjectif
ganache	nom
gandin	nom
gandoura	nom
gang	nom
ganglion	nom
gangrener	verbe
gangrène	nom
gangster	nom
gangue	nom
ganse	nom
gant	nom
ganté	adjectif
gapette	nom
garage	nom
garagiste	nom
garant	adjectif
garanti	adjectif
garantie	nom
garantir	verbe
garce	nom
garde	nom
garder	verbe
garderie	nom
gardien	adjectif
gardon	nom
gardé	adjectif
gardénal	nom
gardénia	nom
gare	nom
garenne	nom
garer	verbe
gargariser	verbe
gargote	nom
gargouille	nom
gargouillement	nom
gargouiller	verbe
gargouillis	nom
garnement	nom
garni	adjectif
garnir	verbe
garnison	nom
garniture	nom
garrigue	nom
garrot	nom
garrotter	verbe
gars	nom
garçon	nom
garçonne	nom
garçonnet	nom
garçonnier	adjectif
garçonnière	nom
gascon	adjectif
gaspacho	nom
gaspard	nom
gaspillage	nom
gaspiller	verbe
gastrique	adjectif
gastro	nom
gastronome	nom
gastronomie	nom
gastronomique	adjectif
gauche	adjectif
gauchement	adverbe
gaucher	adjectif
gaucherie	nom
gauchir	verbe
gauchiste	adjectif
gaucho	nom
gaudriole	nom
gaufre	nom
gaufrette	nom
gaufré	adjectif
gaule	nom
gauleiter	nom
gauler	verbe
gaullisme	nom
gaulliste	adjectif
gaulois	adjectif
gausser	verbe
gavage	nom
gaver	verbe
gaze	nom
gazelle	nom
gazer	verbe
gazette	nom
gazeux	adjectif
gazier	nom
gazogène	nom
gazon	nom
gazouiller	verbe
gazouillis	nom
gaîté	nom
geai	nom
geignant	adjectif
geignard	adjectif
geignement	nom
geindre	nom
geisha	nom
geler	verbe
gelé	adjectif
gelée	nom
gemme	nom
gencive	nom
gendarme	nom
gendarmerie	nom
gendre	nom
genevois	adjectif
genièvre	nom
genou	nom
genre	nom
gent	nom
gentiane	nom
gentil	adjectif
gentilhomme	nom
gentillesse	nom
gentiment	adverbe
gentleman	nom
genèse	nom
genévrier	nom
genêt	nom
gerbe	nom
gerber	verbe
gercer	verbe
germain	adjectif
germanique	adjectif
germe	nom
germer	verbe
germination	nom
gestapo	nom
gestation	nom
geste	nom
gesticulant	adjectif
gesticulation	nom
gesticuler	verbe
gestion	nom
geyser	nom
geôle	nom
geôlier	nom
ghetto	nom
giaour	nom
gibecière	nom
giberne	nom
gibet	nom
gibier	nom
giboulée	nom
giboyeux	adjectif
gibus	nom
gicler	verbe
giclée	nom
gifle	nom
gifler	verbe
gigantesque	adjectif
gigogne	adjectif
gigolo	nom
gigolpince	nom
gigot	nom
gigoter	verbe
gigue	nom
gilet	nom
gingembre	nom
girafe	nom
girandole	nom
giration	nom
girl	nom
girofle	nom
giroflée	nom
girolle	nom
giron	nom
girond	adjectif
girondin	adjectif
girouette	nom
gisant	adjectif
gisement	nom
gisquette	nom
gitan	adjectif
giton	nom
givre	nom
givrer	verbe
givré	adjectif
glabre	adjectif
glace	nom
glacer	verbe
glaciaire	adjectif
glacial	adjectif
glacier	nom
glacis	nom
glacière	nom
glacé	adjectif
gladiateur	nom
glaglater	verbe
glaire	nom
glaireux	adjectif
glaise	nom
glaiseux	adjectif
glaive	nom
glamour	nom
gland	nom
glande	nom
glander	verbe
glandilleuse	adjectif
glandilleux	adjectif
glandouiller	verbe
glandu	nom
glandulaire	adjectif
glaner	verbe
glapir	verbe
glapissant	adjectif
glapissement	nom
glas	nom
glass	nom
glauque	adjectif
glaviot	nom
glavioter	verbe
glaçage	nom
glaçon	nom
glaïeul	nom
glissade	nom
glissant	adjectif
glisse	nom
glissement	nom
glisser	verbe
glissière	nom
global	adjectif
globalement	adverbe
globe	nom
globule	nom
globuleux	adjectif
gloire	nom
gloria	nom
glorieusement	adverbe
glorieux	adjectif
glorifier	verbe
gloriole	nom
glose	nom
gloser	verbe
glotte	nom
glouglou	nom
glouglouter	verbe
gloussant	adjectif
gloussement	nom
glousser	verbe
glouton	adjectif
gloutonnement	adverbe
gloutonnerie	nom
gluant	adjectif
glucide	nom
glucose	nom
glycine	nom
glycérine	nom
glèbe	nom
gniard	nom
gnocchi	nom
gnole	nom
gnome	nom
gnon	nom
gnouf	nom
gnôle	nom
goal	nom
gobelet	nom
gober	verbe
goberger	verbe
godasse	nom
godemiché	nom
goder	verbe
godet	nom
godiche	adjectif
godille	nom
godiller	verbe
godillot	nom
gogo	nom
goguenard	adjectif
goguette	nom
goinfre	nom
goinfrer	verbe
goitre	nom
gold	adjectif
golden	nom
goldo	nom
golf	nom
golfe	nom
golfeur	nom
gombo	nom
gomina	nom
gominer	verbe
gomme	nom
gommer	verbe
gommeux	nom
gommé	adjectif
gond	nom
gondole	nom
gondoler	verbe
gondolier	nom
gondolé	adjectif
gone	nom
gonflable	adjectif
gonflant	adjectif
gonfle	nom
gonflement	nom
gonfler	verbe
gonflé	adjectif
gong	nom
gonze	nom
gonzesse	nom
gore	adjectif
goret	nom
gorge	nom
gorgeon	nom
gorger	verbe
gorgée	nom
gorille	nom
gosier	nom
gospel	nom
gosse	nom
gothique	adjectif
gouache	nom
gouaille	nom
gouailleur	adjectif
goualante	nom
gouape	nom
goudron	nom
goudronner	verbe
goudronné	adjectif
gouffre	nom
gouge	nom
gougnafier	nom
gouine	nom
goujat	nom
goujon	nom
goulag	nom
goule	nom
goulet	nom
goulette	nom
goulot	nom
goulu	adjectif
goulée	nom
goulûment	adverbe
goumier	nom
goupille	nom
goupiller	verbe
goupillon	nom
gour	nom
gourance	nom
gourbi	nom
gourd	adjectif
gourde	adjectif
gourdin	nom
gourer	verbe
gourmand	adjectif
gourmander	verbe
gourmandise	nom
gourmet	nom
gourmette	nom
gourmé	adjectif
gourou	nom
gousse	nom
gousset	nom
goutte	nom
gouttelette	nom
goutter	verbe
gouttière	nom
gouvernail	nom
gouvernant	nom
gouvernante	nom
gouverne	nom
gouvernement	nom
gouvernemental	adjectif
gouverner	verbe
gouverneur	nom
goéland	nom
goélette	nom
goémon	nom
goût	nom
goûter	nom
grabat	nom
grabuge	nom
gracier	verbe
gracieusement	adverbe
gracieux	adjectif
gracile	adjectif
gradation	nom
grade	nom
gradin	nom
graduellement	adverbe
gradué	adjectif
gradé	adjectif
graffiti	nom
grailler	verbe
graillon	nom
grain	nom
graine	nom
graisse	nom
graisser	verbe
graisseux	adjectif
graissé	adjectif
graminée	nom
grammaire	nom
grammairien	nom
grammatical	adjectif
gramme	nom
gramophone	nom
grand	adjectif
grandement	adverbe
grandeur	nom
grandiloquence	nom
grandiloquent	adjectif
grandiose	adjectif
grandir	verbe
grandissant	adjectif
grange	nom
granit	nom
granitique	adjectif
granuleux	adjectif
graphie	nom
graphique	adjectif
grappa	nom
grappe	nom
grappiller	verbe
grappin	nom
gras	adjectif
grassement	adverbe
grasseyant	adjectif
grasseyer	verbe
grassouillet	adjectif
gratifiant	adjectif
gratification	nom
gratifier	verbe
gratin	nom
gratiner	verbe
gratis	adverbe
gratitude	nom
gratos	adverbe
gratte	nom
grattement	nom
gratter	verbe
grattoir	nom
gratuit	adjectif
gratuitement	adverbe
gratuité	nom
grave	adjectif
graveleux	adjectif
gravement	adverbe
graver	verbe
graveur	nom
gravier	nom
gravillon	nom
gravir	verbe
gravitation	nom
gravitationnel	adjectif
graviter	verbe
gravité	nom
gravosse	nom
gravure	nom
gravé	adjectif
grec	adjectif
gredin	nom
green	nom
greffe	adjectif
greffer	verbe
greffier	nom
grelot	nom
grelottant	adjectif
grelottement	nom
grelotter	verbe
greluche	nom
grenade	nom
grenadier	nom
grenadine	nom
grenat	adjectif
grenier	nom
grenouille	nom
grenu	adjectif
gretchen	nom
grever	verbe
gribouillage	nom
gribouiller	verbe
gribouillis	nom
grief	nom
griffe	nom
griffer	verbe
griffon	nom
griffonnage	nom
griffonner	verbe
griffu	adjectif
griffure	nom
griffé	adjectif
grignotement	nom
grignoter	verbe
grigri	nom
gril	nom
grill	nom
grillade	nom
grillage	nom
grillagé	adjectif
grille	nom
griller	verbe
grillon	nom
grillé	adjectif
grimace	nom
grimacer	verbe
grimaçant	adjectif
grimer	verbe
grimoire	nom
grimpant	adjectif
grimpe	nom
grimper	verbe
grimpette	nom
grimpeur	nom
grincement	nom
grincer	verbe
grincheux	adjectif
gringalet	nom
gringo	nom
gringue	nom
grinçant	adjectif
griot	nom
griotte	nom
grippe	nom
gripper	verbe
gris	adjectif
grisaille	nom
grisant	adjectif
grisbi	nom
griser	verbe
griserie	nom
grisonnant	adjectif
grisonner	verbe
grisou	nom
grisâtre	adjectif
grisé	adjectif
grive	nom
griveton	nom
grivois	adjectif
grizzli	nom
grizzly	nom
grièvement	adverbe
grog	nom
groggy	adjectif
grognard	nom
grognasse	nom
grogne	nom
grognement	nom
grogner	verbe
grognon	adjectif
groin	nom
grolle	nom
grommeler	verbe
grommellement	nom
grondant	adjectif
grondement	nom
gronder	verbe
grondeur	adjectif
grondin	nom
groom	nom
gros	adjectif
groseille	nom
groseillier	nom
grossesse	nom
grosseur	nom
grossi	adjectif
grossier	adjectif
grossir	verbe
grossissant	adjectif
grossissement	nom
grossiste	nom
grossium	nom
grossièrement	adverbe
grossièreté	nom
grotesque	adjectif
grotesquement	adverbe
grotte	nom
grouillant	adjectif
grouillement	nom
grouiller	verbe
grouillot	nom
groumer	verbe
group	nom
groupe	nom
groupement	nom
grouper	verbe
groupie	nom
groupuscule	nom
groupé	adjectif
grouse	nom
gruau	nom
grue	nom
grumeau	nom
grumeleux	adjectif
grutier	nom
gruyère	nom
grâce	nom
grège	adjectif
grès	nom
grève	nom
gré	nom
gréer	verbe
grégorien	adjectif
grésillant	adjectif
grésillement	nom
grésiller	verbe
gréviste	nom
grêle	adjectif
grêler	verbe
grêlon	nom
guenille	nom
guenon	nom
guerre	nom
guerrier	adjectif
guerroyer	verbe
guet	nom
guetter	verbe
guetteur	nom
gueulante	nom
gueulard	adjectif
gueule	nom
gueulement	nom
gueuler	verbe
gueuleton	nom
gueux	nom
gugusse	nom
guibolle	nom
guichet	nom
guidage	nom
guide	nom
guider	verbe
guidon	nom
guigne	nom
guigner	verbe
guignol	nom
guilde	nom
guillemet	nom
guilleret	adjectif
guillotine	nom
guillotiner	verbe
guimauve	nom
guimbarde	nom
guimpe	nom
guindal	nom
guinder	verbe
guindé	adjectif
guinguette	nom
guinée	nom
guipure	nom
guirlande	nom
guise	nom
guitare	nom
guitariste	nom
guitoune	nom
guppy	nom
gusto	adverbe
guttural	adjectif
guère	adverbe
gué	nom
guépard	nom
guéri	adjectif
guéridon	nom
guérilla	nom
guérillero	nom
guérir	verbe
guérison	nom
guérisseur	nom
guérite	nom
guêpe	nom
guêpier	nom
guêpière	nom
guêtre	nom
gymnase	nom
gymnaste	nom
gymnastique	nom
gynéco	nom
gynécologue	nom
gyrophare	nom
gyroscope	nom
gâche	nom
gâcher	verbe
gâchette	nom
gâchis	nom
gâteau	nom
gâter	verbe
gâterie	nom
gâteux	adjectif
gâtisme	nom
gâté	adjectif
gène	nom
géant	adjectif
géhenne	nom
gélatine	nom
gélatineux	adjectif
gélule	nom
gémellaire	adjectif
gémellité	nom
gémir	verbe
gémissant	adjectif
gémissement	nom
génial	adjectif
génie	nom
génisse	nom
génital	adjectif
géniteur	nom
génocide	nom
génois	nom
génome	nom
génuflexion	nom
généalogie	nom
généalogique	adjectif
général	adjectif
généralement	adverbe
généralisation	nom
généraliser	verbe
généralissime	nom
généraliste	nom
généralisé	adjectif
généralité	nom
générateur	adjectif
génération	nom
générer	verbe
généreusement	adverbe
généreux	adjectif
générique	adjectif
générosité	nom
généticien	nom
génétique	adjectif
génétiquement	adverbe
géo	nom
géographe	nom
géographie	nom
géographique	adjectif
géologie	nom
géologique	adjectif
géologue	nom
géomètre	nom
géométrie	nom
géométrique	adjectif
géorgien	adjectif
gérance	nom
géranium	nom
gérant	nom
gérer	verbe
gésier	nom
gésir	verbe
gênant	adjectif
gêne	nom
gêner	verbe
gêneur	nom
gêné	adjectif
gîte	nom
gîter	verbe
habile	adjectif
habilement	adverbe
habileté	nom
habilité	nom
habillement	nom
habiller	verbe
habilleur	nom
habillé	adjectif
habit	nom
habitable	adjectif
habitacle	nom
habitant	nom
habitat	nom
habitation	nom
habiter	verbe
habitude	nom
habituel	adjectif
habituellement	adverbe
habituer	verbe
habitué	adjectif
habité	adjectif
hache	nom
hacher	verbe
hachette	nom
hachoir	nom
hachure	nom
haché	adjectif
hacienda	nom
hacker	nom
haddock	nom
hadj	nom
hagard	adjectif
haie	nom
haillon	nom
haine	nom
haineusement	adverbe
haineux	adjectif
halage	nom
haleine	nom
haler	verbe
haletant	adjectif
haleter	verbe
hall	nom
hallali	nom
halle	nom
hallebarde	nom
hallebardier	nom
hallier	nom
hallucinant	adjectif
hallucination	nom
halluciner	verbe
hallucinogène	adjectif
halluciné	adjectif
halo	nom
halothane	nom
halte	nom
haltère	nom
halètement	nom
hamac	nom
hamburger	nom
hameau	nom
hameçon	nom
hammam	nom
hampe	nom
hamster	nom
hanche	nom
handball	nom
handicap	nom
handicaper	verbe
handicapé	adjectif
hangar	nom
hanneton	nom
hanter	verbe
hantise	nom
hanté	adjectif
happening	nom
happer	verbe
haque	nom
harangue	nom
haranguer	verbe
harassant	adjectif
harasser	verbe
harassé	adjectif
harcelant	adjectif
harceler	verbe
harcèlement	nom
hard	adjectif
harde	nom
hardi	adjectif
hardiesse	nom
hardiment	adverbe
harem	nom
hareng	nom
hargne	nom
hargneusement	adverbe
hargneux	adjectif
haricot	nom
haridelle	nom
harmonica	nom
harmonie	nom
harmonieusement	adverbe
harmonieux	adjectif
harmonique	adjectif
harmoniser	verbe
harmonium	nom
harnachement	nom
harnacher	verbe
harnaché	adjectif
harnais	nom
haro	nom
harpe	nom
harper	verbe
harpie	nom
harpon	nom
harponner	verbe
hasard	nom
hasarder	verbe
hasardeux	adjectif
hasch	nom
hauban	nom
haubert	nom
hausse	nom
haussement	nom
hausser	verbe
haut	adjectif
hautain	adjectif
hautbois	nom
haute	nom
hautement	adverbe
hautesse	nom
hauteur	nom
havane	adjectif
haver	verbe
havre	nom
havresac	nom
haï	adjectif
haïk	nom
haïr	verbe
haïssable	adjectif
haïtien	adjectif
heaume	nom
hebdo	nom
hebdomadaire	adjectif
hectare	nom
hellène	nom
hellénique	adjectif
helvétique	adjectif
hennir	verbe
hennissement	nom
henné	nom
herbage	nom
herbe	nom
herbeux	adjectif
herbier	nom
herboriser	verbe
herboriste	nom
herbu	adjectif
hercule	nom
herculéen	adjectif
hermine	nom
hermès	nom
hermétique	adjectif
hermétiquement	adverbe
hernie	nom
herpès	nom
herse	nom
heur	nom
heure	nom
heureusement	adverbe
heureux	adjectif
heurt	nom
heurter	verbe
heurtoir	nom
heurté	adjectif
hexagonal	adjectif
hexagone	nom
hiatus	nom
hibernation	nom
hiberner	verbe
hibiscus	nom
hibou	nom
hidalgo	nom
hideur	nom
hideux	adjectif
hier	adverbe
hilarant	adjectif
hilare	adjectif
hilarité	nom
hindou	adjectif
hippie	adjectif
hippique	adjectif
hippo	nom
hippocampe	nom
hippodrome	nom
hippopotame	nom
hirsute	adjectif
hispanique	adjectif
hispano	adverbe
hisser	verbe
histoire	nom
historien	nom
historique	adjectif
historiquement	adverbe
hitlérien	adjectif
hitlérisme	nom
hiver	nom
hivernage	nom
hivernal	adjectif
hiverner	verbe
hiérarchie	nom
hiérarchique	adjectif
hiératique	adjectif
hiératisme	nom
hiéroglyphe	nom
hobby	nom
hobereau	nom
hochement	nom
hocher	verbe
hochet	nom
hockey	nom
hockeyeur	nom
holding	nom
hollandais	adjectif
hollywoodien	adjectif
holocauste	nom
hologramme	nom
holographique	adjectif
holà	nom
homard	nom
hombre	nom
home	nom
homicide	adjectif
hommage	nom
hommasse	adjectif
homme	nom
homo	adjectif
homogène	adjectif
homophobe	adjectif
homosexualité	nom
homosexuel	adjectif
homélie	nom
homéopathie	nom
homérique	adjectif
hongrois	adjectif
hongroise	nom
honneur	nom
honni	adjectif
honnir	verbe
honnête	adjectif
honnêtement	adverbe
honnêteté	nom
honorabilité	nom
honorable	adjectif
honorablement	adverbe
honoraire	adjectif
honorer	verbe
honorifique	adjectif
honoré	adjectif
honte	nom
honteusement	adverbe
honteux	adjectif
hooligan	nom
hoquet	nom
hoqueter	verbe
horaire	adjectif
horde	nom
horion	nom
horizon	nom
horizontal	adjectif
horizontale	nom
horizontalement	adverbe
horloge	nom
horloger	nom
horlogerie	nom
hormonal	adjectif
hormone	nom
horoscope	nom
horreur	nom
horrible	adjectif
horriblement	adverbe
horrifiant	adjectif
horrifier	verbe
horrifié	adjectif
horripilant	adjectif
horripiler	verbe
hortensia	nom
horticulteur	nom
hosanna	nom
hospice	nom
hospitalier	adjectif
hospitalisation	nom
hospitaliser	verbe
hospitalité	nom
hospodar	nom
hostellerie	nom
hostie	nom
hostile	adjectif
hostilité	nom
hosto	nom
hotline	nom
hotte	nom
hotu	nom
houblon	nom
houille	nom
houle	nom
houlette	nom
houleux	adjectif
houppe	nom
houppelande	nom
houppette	nom
houri	nom
hourra	nom
hourrah	nom
hourvari	nom
house	nom
houseau	nom
houspiller	verbe
housse	nom
houx	nom
huard	nom
hublot	nom
huer	verbe
huerta	nom
huile	nom
huiler	verbe
huileux	adjectif
huilé	adjectif
huipil	nom
huis	nom
huissier	nom
huitaine	nom
huitième	adjectif
hulotte	nom
hululement	nom
hululer	verbe
humain	adjectif
humainement	adverbe
humaniser	verbe
humanisme	nom
humaniste	adjectif
humanitaire	adjectif
humanité	nom
humble	adjectif
humblement	adverbe
humecter	verbe
humer	verbe
humeur	nom
humide	adjectif
humidité	nom
humiliant	adjectif
humiliation	nom
humilier	verbe
humilité	nom
humilié	adjectif
humoriste	nom
humoristique	adjectif
humour	nom
humus	nom
huppé	adjectif
hure	nom
hurlant	adjectif
hurlement	nom
hurler	verbe
hurluberlu	nom
hurricane	nom
hussard	nom
hutte	nom
hutter	verbe
huée	nom
huître	nom
hybride	adjectif
hydrater	verbe
hydraulique	adjectif
hydravion	nom
hydrocarbure	nom
hydrogène	nom
hydromel	nom
hydrophile	adjectif
hygiène	nom
hygiénique	adjectif
hymen	nom
hymne	nom
hyper	adverbe
hyperboréen	adjectif
hyperespace	nom
hypertension	nom
hypertrophie	nom
hypnogène	adjectif
hypnose	nom
hypnotique	adjectif
hypnotiser	verbe
hypnotiseur	nom
hypocrisie	nom
hypocrite	adjectif
hypocritement	adverbe
hypogée	nom
hypokhâgne	nom
hypothermie	nom
hypothèque	nom
hypothèse	nom
hypothéquer	verbe
hypothétique	adjectif
hystérie	nom
hystérique	adjectif
hyène	nom
hâbleur	nom
hâle	nom
hâlé	adjectif
hâte	nom
hâter	verbe
hâtif	adjectif
hâtivement	adverbe
hâve	adjectif
hère	nom
hébergement	nom
héberger	verbe
hébraïque	adjectif
hébreu	adjectif
hébétude	nom
hébété	adjectif
hécatombe	nom
hégémonie	nom
héler	verbe
hélice	nom
hélicoptère	nom
hélium	nom
hématocrite	nom
hématome	nom
hémisphère	nom
hémoglobine	nom
hémoptysie	nom
hémorragie	nom
hémorroïde	nom
hépatique	adjectif
hépatite	nom
héraldique	adjectif
héraut	nom
hérisser	verbe
hérisson	nom
hérissé	adjectif
héritage	nom
hériter	verbe
héritier	nom
héro	nom
héron	nom
héros	nom
héroïque	adjectif
héroïquement	adverbe
héroïsme	nom
héréditaire	adjectif
hérédité	nom
hérésie	nom
hérétique	adjectif
hésitant	adjectif
hésitation	nom
hésiter	verbe
hétéro	adjectif
hétéroclite	adjectif
hétérosexuel	adjectif
hêtraie	nom
hêtre	nom
hôpital	nom
hôte	nom
hôtel	nom
hôtelier	adjectif
hôtellerie	nom
hôtesse	nom
ibis	nom
ibérique	adjectif
iceberg	nom
iconographie	nom
icône	nom
idem	adverbe
identifiable	adjectif
identification	nom
identifier	verbe
identique	adjectif
identiquement	adverbe
identité	nom
idiome	nom
idiot	adjectif
idiotement	adverbe
idiotie	nom
idoine	adjectif
idole	nom
idolâtre	adjectif
idolâtrer	verbe
idolâtrie	nom
idylle	nom
idyllique	adjectif
idéal	adjectif
idéalement	adverbe
idéaliser	verbe
idéalisme	nom
idéaliste	adjectif
idée	nom
idéogramme	nom
idéologie	nom
idéologique	adjectif
idéologue	nom
igloo	nom
ignare	adjectif
ignoble	adjectif
ignoblement	adverbe
ignominie	nom
ignominieux	adjectif
ignorance	nom
ignorant	adjectif
ignorer	verbe
ignoré	adjectif
iguane	nom
illettré	adjectif
illicite	adjectif
illico	adverbe
illimité	adjectif
illisible	adjectif
illogique	adjectif
illumination	nom
illuminer	verbe
illuminé	adjectif
illusion	nom
illusionner	verbe
illusionniste	nom
illusoire	adjectif
illustration	nom
illustre	adjectif
illustrer	verbe
illustrissime	adjectif
illustré	adjectif
illégal	adjectif
illégalement	adverbe
illégalité	nom
illégitime	adjectif
ilote	nom
image	nom
imager	verbe
imagerie	nom
imagier	nom
imaginable	adjectif
imaginaire	adjectif
imaginatif	adjectif
imagination	nom
imaginer	verbe
imagé	adjectif
imam	nom
imbattable	adjectif
imberbe	adjectif
imbiber	verbe
imbibé	adjectif
imbrication	nom
imbriquer	verbe
imbriqué	adjectif
imbroglio	nom
imbu	adjectif
imbuvable	adjectif
imbécile	adjectif
imbécillité	nom
imitateur	nom
imitation	nom
imiter	verbe
imité	adjectif
immaculation	nom
immaculé	adjectif
immanent	adjectif
immangeable	adjectif
immanquablement	adverbe
immatriculation	nom
immatriculer	verbe
immatriculé	adjectif
immature	adjectif
immatériel	adjectif
immense	adjectif
immensité	nom
immensément	adverbe
immerger	verbe
immergé	adjectif
immersion	nom
immeuble	adjectif
immigrant	nom
immigration	nom
immigrer	verbe
immigré	adjectif
imminence	nom
imminent	adjectif
immiscer	verbe
immixtion	nom
immobile	adjectif
immobilier	adjectif
immobiliser	verbe
immobilité	nom
immodéré	adjectif
immoler	verbe
immonde	adjectif
immondice	nom
immoral	adjectif
immoralité	nom
immortaliser	verbe
immortalité	nom
immortel	adjectif
immuable	adjectif
immuablement	adverbe
immuniser	verbe
immunitaire	adjectif
immunité	nom
immédiat	adjectif
immédiatement	adverbe
immémorial	adjectif
immérité	adjectif
impact	nom
impair	adjectif
impala	nom
impalpable	adjectif
imparable	adjectif
impardonnable	adjectif
imparfait	adjectif
imparfaitement	adverbe
impartial	adjectif
impartialité	nom
impartir	verbe
impasse	nom
impassibilité	nom
impassible	adjectif
impatiemment	adverbe
impatience	nom
impatient	adjectif
impatienter	verbe
impavide	adjectif
impayable	adjectif
impayé	adjectif
impec	adjectif
impeccable	adjectif
impeccablement	adverbe
impensable	adjectif
imper	nom
imperceptible	adjectif
imperfection	nom
imperméable	adjectif
impersonnel	adjectif
impertinence	nom
impertinent	adjectif
imperturbable	adjectif
impie	adjectif
impitoyable	adjectif
impitoyablement	adverbe
impiété	nom
implacable	adjectif
implant	nom
implantation	nom
implanter	verbe
implication	nom
implicite	adjectif
implicitement	adverbe
impliquer	verbe
implorant	adjectif
imploration	nom
implorer	verbe
impoli	adjectif
impolitesse	nom
impondérable	adjectif
impopulaire	adjectif
importance	nom
important	adjectif
importation	nom
importer	verbe
importun	adjectif
importuner	verbe
importé	adjectif
imposant	adjectif
imposer	verbe
imposition	nom
impossibilité	nom
impossible	adjectif
imposte	nom
imposteur	nom
imposture	nom
imposé	adjectif
impotent	adjectif
impraticable	adjectif
imprenable	adjectif
impresario	nom
impression	nom
impressionnable	adjectif
impressionnant	adjectif
impressionner	verbe
impressionniste	adjectif
imprimante	nom
imprimer	verbe
imprimerie	nom
imprimeur	nom
imprimé	nom
impro	nom
improbable	adjectif
improductif	adjectif
impromptu	adjectif
impropre	adjectif
improvisation	nom
improviser	verbe
improvisé	adjectif
imprudemment	adverbe
imprudence	nom
imprudent	adjectif
imprécation	nom
imprécis	adjectif
imprécision	nom
imprégnation	nom
imprégner	verbe
imprégné	adjectif
imprésario	nom
imprévisible	adjectif
imprévu	adjectif
impubère	adjectif
impudence	nom
impudent	adjectif
impudeur	nom
impudique	adjectif
impuissance	nom
impuissant	adjectif
impulsif	adjectif
impulsion	nom
impuni	adjectif
impunité	nom
impunément	adverbe
impur	adjectif
impureté	nom
imputable	adjectif
imputation	nom
imputer	verbe
impénitent	adjectif
impénétrable	adjectif
impératif	adjectif
impérativement	adverbe
impératrice	nom
impérial	adjectif
impériale	nom
impérialisme	nom
impérialiste	adjectif
impérieusement	adverbe
impérieux	adjectif
impérissable	adjectif
impétueux	adjectif
impétuosité	nom
impôt	nom
inacceptable	adjectif
inaccessible	adjectif
inaccoutumé	adjectif
inachevé	adjectif
inachèvement	nom
inactif	adjectif
inaction	nom
inactivité	nom
inadaptation	nom
inadapté	adjectif
inadmissible	adjectif
inadvertance	nom
inadéquat	adjectif
inaltérable	adjectif
inamovible	adjectif
inanimé	adjectif
inanition	nom
inanité	nom
inaperçu	adjectif
inapproprié	adjectif
inappréciable	adjectif
inapte	adjectif
inaptitude	nom
inarticulé	adjectif
inassouvi	adjectif
inattaquable	adjectif
inattendu	adjectif
inattentif	adjectif
inattention	nom
inaudible	adjectif
inaugural	adjectif
inauguration	nom
inaugurer	verbe
inavouable	adjectif
inavoué	adjectif
inca	adjectif
incalculable	adjectif
incandescence	nom
incandescent	adjectif
incantation	nom
incantatoire	adjectif
incapable	adjectif
incapacité	nom
incarcération	nom
incarcérer	verbe
incarnation	nom
incarner	verbe
incarné	adjectif
incartade	nom
incassable	adjectif
incendiaire	adjectif
incendie	nom
incendier	verbe
incendié	adjectif
incertain	adjectif
incertitude	nom
incessamment	adverbe
incessant	adjectif
inceste	nom
incestueux	adjectif
inchangé	adjectif
incidemment	adverbe
incidence	nom
incident	adjectif
incinérateur	nom
incinération	nom
incinérer	verbe
inciser	verbe
incisif	adjectif
incision	nom
incisive	nom
incitation	nom
inciter	verbe
inclinaison	nom
inclination	nom
incliner	verbe
incliné	adjectif
inclure	verbe
inclus	adjectif
incoercible	adjectif
incognito	adverbe
incohérence	nom
incohérent	adjectif
incolore	adjectif
incomber	verbe
incommensurable	adjectif
incommode	adjectif
incommoder	verbe
incommodité	nom
incommunicable	adjectif
incomparable	adjectif
incomparablement	adverbe
incompatibilité	nom
incompatible	adjectif
incomplet	adjectif
incompris	adjectif
incompréhension	nom
incompétence	nom
incompétent	adjectif
inconcevable	adjectif
inconciliable	adjectif
inconditionnel	adjectif
inconduite	nom
inconfort	nom
inconfortable	adjectif
incongru	adjectif
incongruité	nom
inconnu	adjectif
inconsciemment	adverbe
inconscience	nom
inconscient	adjectif
inconsidéré	adjectif
inconsistance	nom
inconsistant	adjectif
inconsolable	adjectif
inconstance	nom
inconstant	adjectif
inconséquence	nom
inconséquent	adjectif
incontestable	adjectif
incontesté	adjectif
incontinence	nom
incontinent	adjectif
incontournable	adjectif
incontrôlable	adjectif
incontrôlé	adjectif
inconvenance	nom
inconvenant	adjectif
inconvénient	nom
incorporation	nom
incorporer	verbe
incorrect	adjectif
incorrigible	adjectif
incorruptible	adjectif
increvable	adjectif
incriminer	verbe
incroyable	adjectif
incroyablement	adverbe
incroyant	nom
incrustation	nom
incruster	verbe
incrédule	adjectif
incrédulité	nom
incubation	nom
inculpation	nom
inculper	verbe
inculpé	nom
inculquer	verbe
inculte	adjectif
incurable	adjectif
incurie	nom
incursion	nom
incurver	verbe
incurvé	adjectif
inde	nom
indemne	adjectif
indemniser	verbe
indemnité	nom
indescriptible	adjectif
indestructible	adjectif
index	nom
indic	nom
indicateur	adjectif
indicatif	nom
indication	nom
indice	nom
indicible	adjectif
indien	adjectif
indifféremment	adverbe
indifférence	nom
indifférencié	adjectif
indifférent	adjectif
indigence	nom
indigent	adjectif
indigeste	adjectif
indigestion	nom
indignation	nom
indigne	adjectif
indignement	adverbe
indigner	verbe
indignité	nom
indigné	adjectif
indigo	adjectif
indigène	adjectif
indiquer	verbe
indiqué	adjectif
indirect	adjectif
indirectement	adverbe
indiscernable	adjectif
indiscipline	nom
indiscipliné	adjectif
indiscret	adjectif
indiscrétion	nom
indiscutable	adjectif
indiscutablement	adverbe
indispensable	adjectif
indisponible	adjectif
indisposer	verbe
indisposition	nom
indissoluble	adjectif
indissolublement	adverbe
indistinct	adjectif
indistinctement	adverbe
individu	nom
individualisme	nom
individualiste	adjectif
individualité	nom
individuel	adjectif
individuellement	adverbe
indivisible	adjectif
indo	adverbe
indochinois	adjectif
indocile	adjectif
indolemment	adverbe
indolence	nom
indolent	adjectif
indolore	adjectif
indomptable	adjectif
indu	adjectif
indubitable	adjectif
indubitablement	adverbe
induction	nom
induire	verbe
indulgence	nom
indulgent	adjectif
industrie	nom
industriel	adjectif
industrieux	adjectif
indécence	nom
indécent	adjectif
indéchiffrable	adjectif
indécis	adjectif
indécision	nom
indécrottable	adjectif
indéfectible	adjectif
indéfini	adjectif
indéfiniment	adverbe
indéfinissable	adjectif
indéfrisable	nom
indélicat	adjectif
indélicatesse	nom
indélébile	adjectif
indéniable	adjectif
indéniablement	adverbe
indépendamment	adverbe
indépendance	nom
indépendant	adjectif
indéracinable	adjectif
indésirable	adjectif
indétectable	adjectif
indéterminé	adjectif
indûment	adverbe
ineffable	adjectif
ineffaçable	adjectif
inefficace	adjectif
inefficacité	nom
inemployé	adjectif
inentamé	adjectif
inepte	adjectif
ineptie	nom
inerte	adjectif
inertie	nom
inespéré	adjectif
inestimable	adjectif
inexact	adjectif
inexactitude	nom
inexcusable	adjectif
inexistant	adjectif
inexistence	nom
inexorable	adjectif
inexorablement	adverbe
inexpiable	adjectif
inexplicable	adjectif
inexplicablement	adverbe
inexpliqué	adjectif
inexploré	adjectif
inexpressif	adjectif
inexprimable	adjectif
inexpérience	nom
inexpérimenté	adjectif
inextinguible	adjectif
inextricable	adjectif
inextricablement	adverbe
infaillibilité	nom
infaillible	adjectif
infailliblement	adverbe
infamant	adjectif
infamie	nom
infant	nom
infanterie	nom
infantile	adjectif
infantilisme	nom
infarctus	nom
infatigable	adjectif
infatigablement	adverbe
infect	adjectif
infecter	verbe
infectieux	adjectif
infection	nom
infecté	adjectif
infernal	adjectif
infester	verbe
infidèle	adjectif
infidélité	nom
infiltration	nom
infiltrer	verbe
infime	adjectif
infini	adjectif
infiniment	adverbe
infinité	nom
infinitésimal	adjectif
infirme	adjectif
infirmer	verbe
infirmerie	nom
infirmier	adjectif
infirmité	nom
inflammable	adjectif
inflammation	nom
inflation	nom
inflexible	adjectif
inflexion	nom
infliger	verbe
influence	nom
influencer	verbe
influent	adjectif
influençable	adjectif
influer	verbe
influx	nom
infléchir	verbe
info	nom
infondé	adjectif
informateur	nom
informaticien	nom
information	nom
informatique	adjectif
informe	adjectif
informel	adjectif
informer	verbe
informulé	adjectif
informé	adjectif
infortune	nom
infortuné	adjectif
infra	adverbe
infraction	nom
infranchissable	adjectif
infrarouge	adjectif
infrastructure	nom
infructueux	adjectif
infuser	verbe
infusion	nom
infâme	adjectif
inférieur	adjectif
infériorité	nom
ingrat	adjectif
ingratitude	nom
ingrédient	nom
ingurgiter	verbe
inguérissable	adjectif
ingénier	verbe
ingénierie	nom
ingénieur	nom
ingénieux	adjectif
ingéniosité	nom
ingénu	adjectif
ingénuité	nom
ingénument	adverbe
ingérence	nom
ingérer	verbe
inhabitable	adjectif
inhabituel	adjectif
inhabité	adjectif
inhalateur	nom
inhalation	nom
inhaler	verbe
inhiber	verbe
inhibiteur	nom
inhibition	nom
inhospitalier	adjectif
inhumain	adjectif
inhumanité	nom
inhumation	nom
inhumer	verbe
inhérent	adjectif
inimaginable	adjectif
inimitable	adjectif
inimitié	nom
inintelligible	adjectif
ininterrompu	adjectif
inintéressant	adjectif
iniquité	nom
initial	adjectif
initiale	nom
initialement	adverbe
initialisation	nom
initiateur	nom
initiation	nom
initiatique	adjectif
initiative	nom
initier	verbe
initié	adjectif
injecter	verbe
injecteur	nom
injection	nom
injecté	adjectif
injoignable	adjectif
injonction	nom
injure	nom
injurier	verbe
injurieux	adjectif
injuste	adjectif
injustement	adverbe
injustice	nom
injustifiable	adjectif
injustifié	adjectif
inlassable	adjectif
inlassablement	adverbe
innocemment	adverbe
innocence	nom
innocent	adjectif
innocenter	verbe
innombrable	adjectif
innommable	adjectif
innovation	nom
innover	verbe
inné	adjectif
inoccupé	adjectif
inoculer	verbe
inodore	adjectif
inoffensif	adjectif
inondation	nom
inonder	verbe
inondé	adjectif
inopiné	adjectif
inopinément	adverbe
inopportun	adjectif
inopérant	adjectif
inoubliable	adjectif
inouï	adjectif
inoxydable	adjectif
inqualifiable	adjectif
inquiet	adjectif
inquisiteur	adjectif
inquisition	nom
inquisitorial	adjectif
inquiétant	adjectif
inquiéter	verbe
inquiétude	nom
insaisissable	adjectif
insalubre	adjectif
insanité	nom
insatiable	adjectif
insatisfaction	nom
insatisfait	adjectif
inscription	nom
inscrire	verbe
inscrit	adjectif
insecte	nom
insecticide	nom
insensibilité	nom
insensible	adjectif
insensiblement	adverbe
insensé	adjectif
insertion	nom
insidieusement	adverbe
insidieux	adjectif
insigne	adjectif
insignifiance	nom
insignifiant	adjectif
insinuant	adjectif
insinuation	nom
insinuer	verbe
insipide	adjectif
insistance	nom
insistant	adjectif
insister	verbe
insolation	nom
insolemment	adverbe
insolence	nom
insolent	nom
insolite	adjectif
insoluble	adjectif
insomniaque	adjectif
insomnie	nom
insondable	adjectif
insonoriser	verbe
insouciance	nom
insouciant	adjectif
insoucieux	adjectif
insoumis	adjectif
insoumission	nom
insoupçonnable	adjectif
insoupçonné	adjectif
insoutenable	adjectif
inspecter	verbe
inspecteur	nom
inspection	nom
inspirateur	nom
inspiration	nom
inspirer	verbe
inspiré	adjectif
instabilité	nom
instable	adjectif
installation	nom
installer	verbe
instamment	adverbe
instance	nom
instant	adjectif
instantané	adjectif
instantanément	adverbe
instaurer	verbe
instigateur	nom
instigation	nom
instiller	verbe
instinct	nom
instinctif	adjectif
instinctivement	adverbe
instit	nom
instituer	verbe
institut	nom
instituteur	nom
institution	nom
institutionnel	adjectif
instructeur	adjectif
instructif	adjectif
instruction	nom
instruire	verbe
instruit	adjectif
instrument	nom
insu	nom
insubordination	nom
insuffisamment	adverbe
insuffisance	nom
insuffisant	adjectif
insuffler	verbe
insulaire	adjectif
insuline	nom
insultant	adjectif
insulte	nom
insulter	verbe
insupportable	adjectif
insurger	verbe
insurgé	nom
insurmontable	adjectif
insurpassable	adjectif
insurrection	nom
insécurité	nom
insémination	nom
inséminer	verbe
inséparable	adjectif
insérer	verbe
intact	adjectif
intangible	adjectif
intarissable	adjectif
intellect	nom
intellectuel	adjectif
intelligemment	adverbe
intelligence	nom
intelligent	adjectif
intelligentsia	nom
intelligible	adjectif
intello	nom
intempestif	adjectif
intemporel	adjectif
intenable	adjectif
intendance	nom
intendant	nom
intense	adjectif
intensif	adjectif
intensifier	verbe
intensité	nom
intensément	adverbe
intenter	verbe
intention	nom
intentionnel	adjectif
intentionné	adjectif
inter	nom
interaction	nom
interallié	adjectif
intercaler	verbe
intercepter	verbe
interception	nom
intercesseur	nom
intercession	nom
interchangeable	adjectif
intercontinental	adjectif
intercéder	verbe
interdiction	nom
interdire	verbe
interdit	adjectif
interdépendance	nom
interface	nom
interférence	nom
interférer	verbe
intergalactique	adjectif
interjection	nom
interlocuteur	nom
interlope	adjectif
interloqué	adjectif
interminable	adjectif
interminablement	adverbe
intermittence	nom
intermittent	adjectif
intermède	nom
intermédiaire	adjectif
internat	nom
international	adjectif
interne	adjectif
internement	nom
interner	verbe
internet	nom
interné	nom
interpellation	nom
interpeller	verbe
interphone	nom
interplanétaire	adjectif
interposer	verbe
interposé	adjectif
interprète	nom
interprétation	nom
interpréter	verbe
interrogateur	adjectif
interrogatif	adjectif
interrogation	nom
interrogatoire	nom
interroger	verbe
interrompre	verbe
interrompu	adjectif
interrupteur	nom
interruption	nom
intersection	nom
interstellaire	adjectif
interstice	nom
intervalle	nom
intervenir	verbe
intervention	nom
intervertir	verbe
interview	nom
interviewer	nom
intestin	adjectif
intestinal	adjectif
intime	adjectif
intimement	adverbe
intimer	verbe
intimidant	adjectif
intimidation	nom
intimider	verbe
intimité	nom
intituler	verbe
intitulé	nom
intolérable	adjectif
intolérance	nom
intolérant	adjectif
intonation	nom
intouchable	adjectif
intoxication	nom
intoxiquer	verbe
intraduisible	adjectif
intraitable	adjectif
intransigeance	nom
intransigeant	adjectif
intraveineux	adjectif
intrigant	adjectif
intrigue	nom
intriguer	verbe
introduction	nom
introduire	verbe
introuvable	adjectif
intrus	adjectif
intrusion	nom
intrépide	adjectif
intrépidité	nom
intubation	nom
intuber	verbe
intuitif	adjectif
intuition	nom
intuitivement	adverbe
intègre	adjectif
intégral	adjectif
intégralement	adverbe
intégralité	nom
intégration	nom
intégrer	verbe
intégrité	nom
intégré	adjectif
intéressant	adjectif
intéresser	verbe
intéressé	adjectif
intérieur	adjectif
intérieurement	adverbe
intérim	nom
intérimaire	nom
intérêt	nom
inusable	adjectif
inusité	adjectif
inutile	adjectif
inutilement	adverbe
inutilisable	adjectif
inutilisé	adjectif
inutilité	nom
invaincu	adjectif
invalide	adjectif
invalider	verbe
invalidité	nom
invariable	adjectif
invariablement	adverbe
invasion	nom
invective	nom
invectiver	verbe
invendu	adjectif
inventaire	nom
inventer	verbe
inventeur	adjectif
inventif	adjectif
invention	nom
inventorier	verbe
inverse	adjectif
inversement	adverbe
inverser	verbe
inversion	nom
inverti	nom
investi	adjectif
investigation	nom
investir	verbe
investissement	nom
investisseur	nom
invincible	adjectif
invinciblement	adverbe
inviolable	adjectif
invisible	adjectif
invitant	adjectif
invitation	nom
invite	nom
inviter	verbe
invité	adjectif
invivable	adjectif
invocation	nom
involontaire	adjectif
involontairement	adverbe
invoquer	verbe
invraisemblable	adjectif
invraisemblance	nom
invulnérable	adjectif
invétéré	adjectif
inébranlable	adjectif
inédit	adjectif
inégal	adjectif
inégalable	adjectif
inégalement	adverbe
inégalité	nom
inégalé	adjectif
inéluctable	adjectif
inéluctablement	adverbe
inénarrable	adjectif
inépuisable	adjectif
inépuisablement	adverbe
inévitable	adjectif
inévitablement	adverbe
iode	nom
irakien	adjectif
irascible	adjectif
iris	nom
irisation	nom
iriser	verbe
irisé	adjectif
irlandais	adjectif
ironie	nom
ironique	adjectif
ironiquement	adverbe
ironiser	verbe
irradiant	adjectif
irradier	verbe
irraisonné	adjectif
irrationnel	adjectif
irrecevable	adjectif
irremplaçable	adjectif
irrespect	nom
irrespectueux	adjectif
irrespirable	adjectif
irresponsable	adjectif
irrigation	nom
irriguer	verbe
irritable	adjectif
irritant	adjectif
irritation	nom
irriter	verbe
irruption	nom
irréalisable	adjectif
irréalité	nom
irrécupérable	adjectif
irrécusable	adjectif
irréductible	adjectif
irréel	adjectif
irréfléchi	adjectif
irréfutable	adjectif
irrégularité	nom
irrégulier	adjectif
irrémédiable	adjectif
irréparable	adjectif
irrépressible	adjectif
irréprochable	adjectif
irrésistible	adjectif
irrésolu	adjectif
irréversible	adjectif
irrévocable	adjectif
isabelle	adjectif
isard	nom
isba	nom
islam	nom
islamique	adjectif
islandais	adjectif
isolation	nom
isolement	nom
isoler	verbe
isoloir	nom
isolé	adjectif
isolément	adverbe
isotope	nom
israélien	adjectif
israélite	adjectif
issu	adjectif
issue	nom
isthme	nom
italien	adjectif
italique	adjectif
item	nom
itinéraire	nom
itinérant	adjectif
itou	adverbe
ivoire	adjectif
ivoirin	adjectif
ivraie	nom
ivre	adjectif
ivresse	nom
ivrogne	adjectif
ivrognerie	nom
jabot	nom
jacassant	adjectif
jacassement	nom
jacasser	verbe
jachère	nom
jacinthe	nom
jack	nom
jackpot	nom
jacquard	nom
jacques	nom
jacquet	nom
jacquier	nom
jactance	nom
jacter	verbe
jacuzzi	nom
jade	adjectif
jadis	adjectif
jaffe	nom
jaffer	verbe
jaguar	nom
jaillir	verbe
jaillissant	adjectif
jaillissement	nom
jais	nom
jaja	nom
jalmince	adjectif
jalon	nom
jalonner	verbe
jalousement	adverbe
jalouser	verbe
jalousie	nom
jaloux	adjectif
jamais	adverbe
jambage	nom
jambe	nom
jambière	nom
jambon	nom
jambonneau	nom
janissaire	nom
jansénisme	nom
janséniste	adjectif
jante	nom
janvier	nom
japonais	adjectif
jappement	nom
japper	verbe
jaquette	nom
jardin	nom
jardinage	nom
jardiner	verbe
jardinet	nom
jardinier	nom
jardinière	nom
jargon	nom
jarre	nom
jarret	nom
jarretelle	nom
jarretière	nom
jars	nom
jaser	verbe
jasmin	nom
jaspiner	verbe
jatte	nom
jauge	nom
jauger	verbe
jaune	adjectif
jauni	adjectif
jaunir	verbe
jaunissant	adjectif
jaunisse	nom
jaunâtre	adjectif
java	nom
javel	nom
javelot	nom
jazz	nom
jean	nom
jeanneton	nom
jeep	nom
jenny	nom
jerez	nom
jerk	nom
jerrycan	nom
jersey	nom
jetable	adjectif
jeter	nom
jeton	nom
jeté	adjectif
jetée	nom
jeudi	nom
jeune	adjectif
jeunesse	nom
jeunet	adjectif
jeunette	nom
jeunot	adjectif
jeûne	nom
jeûner	verbe
jingle	nom
joaillier	nom
jockey	nom
jogging	nom
joice	adjectif
joie	nom
joignable	adjectif
joindre	verbe
joint	adjectif
jointure	nom
jojo	adjectif
joker	nom
joli	adjectif
joliesse	nom
joliment	adverbe
jonc	nom
joncher	verbe
jonchet	nom
jonché	adjectif
jonchée	nom
jonction	nom
jongler	verbe
jongleur	nom
jonque	nom
jonquille	adjectif
joseph	nom
jouasse	adjectif
joue	nom
jouer	verbe
jouet	nom
joueur	adjectif
joufflu	adjectif
joug	nom
jouir	verbe
jouissance	nom
jouisseur	adjectif
jouissif	adjectif
joujou	nom
jour	nom
journal	nom
journaleux	nom
journalier	adjectif
journalisme	nom
journaliste	nom
journalistique	adjectif
journellement	adverbe
journée	nom
joute	nom
jouvence	nom
jouvenceau	nom
joué	adjectif
jovial	adjectif
jovialement	adverbe
jovialité	nom
joyau	nom
joyeusement	adverbe
joyeux	adjectif
jubilant	adjectif
jubilation	nom
jubiler	verbe
jucher	verbe
judas	nom
judaïsme	nom
judiciaire	adjectif
judicieusement	adverbe
judicieux	adjectif
judo	nom
juge	nom
jugement	nom
jugeote	nom
juger	verbe
jugulaire	nom
juguler	verbe
jugé	adjectif
juif	adjectif
juillet	nom
juin	nom
juiverie	nom
jujube	nom
jules	nom
julien	adjectif
julienne	adjectif
julot	nom
jumbo	nom
jumeau	adjectif
jumeler	verbe
jumelle	nom
jument	nom
jumper	nom
jungle	nom
junior	adjectif
junker	nom
junkie	nom
jupe	nom
jupette	nom
jupon	nom
jurer	verbe
juridiction	nom
juridique	adjectif
jurisprudence	nom
juriste	nom
juron	nom
jury	nom
juré	adjectif
jusant	nom
jusque	adverbe
jusques	adverbe
justaucorps	nom
juste	adjectif
justement	adverbe
justesse	nom
justice	nom
justicier	nom
justification	nom
justifier	verbe
jute	nom
juter	verbe
juteux	adjectif
juvénile	adjectif
juxtaposer	verbe
juxtaposition	nom
jérémiade	nom
jésuite	nom
jésus	nom
kabyle	adjectif
kaki	adjectif
kaléidoscope	nom
kamikaze	adjectif
kangourou	nom
karaoké	nom
karaté	nom
karma	nom
kasher	adjectif
kastro	nom
kawa	nom
kebab	nom
kermesse	nom
ketchup	nom
keuf	nom
khan	nom
khâgne	nom
khédive	nom
khôl	nom
kibboutz	nom
kidnapper	verbe
kidnappeur	nom
kidnapping	nom
kiki	nom
killer	nom
kilo	nom
kilomètre	nom
kilométrage	nom
kilométrique	adjectif
kilt	nom
kimono	nom
kiné	nom
kiosk	nom
kiosque	nom
kipa	nom
kippa	nom
kirsch	nom
kitsch	adjectif
klaxon	nom
klaxonner	verbe
kleenex	nom
kolkhoze	nom
kolkhozien	nom
komintern	nom
kommandantur	nom
komsomol	nom
kopeck	nom
kraft	nom
krypton	nom
kyrie	nom
kyrielle	nom
kyste	nom
képi	nom
kérosène	nom
label	nom
labeur	nom
labo	nom
laboratoire	nom
laborieusement	adverbe
laborieux	adjectif
labour	nom
labourer	verbe
laboureur	nom
labyrinthe	nom
lacer	verbe
lacet	nom
lacis	nom
laconique	adjectif
laconiquement	adverbe
lacrymal	adjectif
lacrymogène	adjectif
lacs	nom
lactose	nom
lacté	adjectif
lacune	nom
lacustre	adjectif
lacération	nom
lacérer	verbe
lacéré	adjectif
ladite	adjectif
lady	nom
lagon	nom
lagune	nom
laid	adjectif
laideron	nom
laideur	nom
laie	adjectif
lainage	nom
laine	nom
laineux	adjectif
laisse	nom
laisser	verbe
laissé	nom
lait	nom
laitage	nom
laiterie	nom
laiteux	adjectif
laitier	adjectif
laiton	nom
laitue	nom
lama	nom
lamantin	nom
lambda	nom
lambeau	nom
lambiner	verbe
lambris	nom
lame	nom
lamedé	nom
lamelle	nom
lamentable	adjectif
lamentablement	adverbe
lamentation	nom
lamenter	verbe
lamento	nom
laminer	verbe
lampadaire	nom
lampe	nom
lamper	verbe
lampion	nom
lampée	nom
lamé	adjectif
lance	nom
lancement	nom
lancer	nom
lanceur	nom
lancier	nom
lancinant	adjectif
lancée	nom
land	nom
landais	adjectif
landau	nom
lande	nom
langage	nom
lange	nom
langer	verbe
langoureux	adjectif
langouste	nom
langue	nom
languette	nom
langueur	nom
languide	adjectif
languir	verbe
languissant	adjectif
lanière	nom
lansquenet	nom
lanterne	nom
laper	verbe
lapidaire	adjectif
lapider	verbe
lapin	nom
lapon	adjectif
laps	nom
lapsus	nom
laquais	nom
laque	nom
laquer	verbe
laqué	adjectif
larbin	nom
larcin	nom
lard	nom
larder	verbe
lardeuss	nom
lardon	nom
lardu	nom
largage	nom
large	adjectif
largement	adverbe
largesse	nom
largeur	nom
largo	adverbe
larguer	verbe
largué	adjectif
larme	nom
larmoyant	adjectif
larmoyer	verbe
larron	nom
larsen	nom
larvaire	adjectif
larve	nom
larvé	adjectif
larynx	nom
lasagne	nom
lascar	nom
lascif	adjectif
laser	nom
lassant	adjectif
lasser	verbe
lassitude	nom
lasso	nom
latent	adjectif
latex	nom
latin	adjectif
latino	nom
latitude	nom
latrine	nom
latte	nom
latéral	adjectif
latéralement	adverbe
latérite	nom
laurier	nom
lauréat	nom
lavabo	nom
lavage	nom
lavallière	nom
lavande	nom
lavandière	nom
lave	nom
lavement	nom
laver	verbe
laverie	nom
lavette	nom
laveur	nom
lavoir	nom
lavé	adjectif
laxatif	nom
layette	nom
layon	nom
lazzi	nom
laïc	adjectif
laïque	adjectif
laïus	nom
leader	nom
lebel	nom
lecteur	nom
lecture	nom
ledit	adjectif
legs	nom
leitmotiv	nom
lendemain	nom
lent	adjectif
lente	nom
lentement	adverbe
lenteur	nom
lentille	nom
lentisque	nom
lerche	adverbe
lesbien	adjectif
lessive	nom
lessiver	verbe
lest	nom
leste	adjectif
lestement	adverbe
lester	verbe
lesté	adjectif
lettre	nom
lettré	adjectif
leucémie	nom
leurre	nom
leurrer	verbe
levain	nom
levant	adjectif
lever	nom
levier	nom
levrette	nom
levure	nom
levé	adjectif
levée	nom
lexique	nom
leçon	nom
liaison	nom
liane	nom
liant	adjectif
liard	nom
liasse	nom
libanais	adjectif
libation	nom
libelle	nom
libellule	nom
libertaire	adjectif
libertin	adjectif
libertinage	nom
liberté	nom
libidineux	adjectif
libido	nom
libraire	nom
librairie	nom
libre	adjectif
librement	adverbe
libéral	adjectif
libéralisme	nom
libéralité	nom
libérateur	adjectif
libération	nom
libérer	verbe
libéré	adjectif
lice	nom
licence	nom
licenciement	nom
licencier	verbe
licencieux	adjectif
licencié	adjectif
lichen	nom
licher	verbe
lichette	nom
licite	adjectif
licol	nom
licorne	nom
licou	nom
lied	nom
lien	nom
lier	verbe
lierre	nom
liesse	nom
lieu	nom
lieue	nom
lieutenant	nom
lift	nom
liftier	nom
lifting	nom
ligament	nom
light	adjectif
ligne	nom
lignite	nom
lignée	nom
ligoter	verbe
ligoté	adjectif
ligue	nom
liguer	verbe
lilas	adjectif
lilial	adjectif
lilliputien	adjectif
limace	nom
limaille	nom
limande	nom
limaçon	nom
limbe	nom
lime	nom
limer	verbe
limier	nom
limitation	nom
limite	nom
limiter	verbe
limitrophe	adjectif
limité	adjectif
limoger	verbe
limon	nom
limonade	nom
limonadier	nom
limonaire	nom
limoneux	adjectif
limousin	adjectif
limpide	adjectif
limpidité	nom
linceul	nom
line	nom
lingam	nom
linge	nom
lingerie	nom
lingette	nom
lingot	nom
linguiste	nom
linguistique	adjectif
lingère	nom
lino	nom
linoléum	nom
linon	nom
linotte	nom
linteau	nom
linéaire	adjectif
lion	nom
lionceau	nom
liposuccion	nom
lippe	nom
lippu	adjectif
liquette	nom
liqueur	nom
liquidation	nom
liquide	adjectif
liquider	verbe
liquidité	nom
liquéfier	verbe
lire	nom
liron	nom
lisant	adjectif
liseron	nom
liseré	nom
liseur	nom
lisible	adjectif
lisière	nom
lisse	adjectif
lisser	verbe
liste	nom
lister	verbe
liston	nom
liséré	nom
litanie	nom
liter	verbe
literie	nom
lithium	nom
lithographie	nom
litige	nom
litière	nom
litre	nom
litron	nom
littoral	nom
littéraire	adjectif
littéral	adjectif
littéralement	adverbe
littérateur	nom
littérature	nom
lituanien	adjectif
liturgie	nom
liturgique	adjectif
live	adjectif
livide	adjectif
living	nom
livraison	nom
livre	nom
livrer	verbe
livresque	adjectif
livret	nom
livreur	nom
livrée	nom
liège	nom
lièvre	nom
lié	adjectif
lobby	nom
lobe	nom
lobotomie	nom
local	adjectif
localement	adverbe
localisation	nom
localiser	verbe
localisé	adjectif
localité	nom
locataire	nom
location	nom
loch	nom
loche	nom
loco	adverbe
locomotion	nom
locomotive	nom
locution	nom
loden	nom
loft	nom
loge	nom
logement	nom
loger	verbe
logeur	nom
loggia	nom
logiciel	nom
logique	adjectif
logiquement	adverbe
logis	nom
logistique	nom
logo	nom
logos	nom
logé	adjectif
loin	adverbe
lointain	adjectif
loir	nom
loisible	adjectif
loisir	nom
lolo	nom
lombaire	adjectif
lombard	adjectif
lombric	nom
londonien	adjectif
long	adjectif
longe	nom
longer	verbe
longiligne	adjectif
longitudinal	adjectif
longtemps	adverbe
longue	nom
longuement	adverbe
longueur	nom
longévité	nom
look	nom
looping	nom
looser	nom
lope	nom
lopette	nom
lopin	nom
loquace	adjectif
loque	nom
loquedu	nom
loquet	nom
loqueteux	adjectif
lord	nom
lorgner	verbe
lorgnette	nom
lorgnon	nom
loriot	nom
lorrain	adjectif
lors	adverbe
losange	nom
loser	nom
loterie	nom
loti	adjectif
lotion	nom
lotir	verbe
lotissement	nom
loto	nom
lotus	nom
louable	adjectif
louage	nom
louange	nom
louanger	verbe
loubard	nom
louche	adjectif
loucher	verbe
louer	verbe
loueur	nom
louf	adjectif
loufiat	nom
loufoque	adjectif
louis	nom
loukoum	nom
loulou	nom
loup	nom
loupe	nom
louper	verbe
loupiote	nom
loupé	nom
lourd	adjectif
lourdaud	adjectif
lourdement	adverbe
lourder	verbe
lourdeur	nom
lourdingue	adjectif
loustic	nom
loutre	nom
louvet	adjectif
louveteau	nom
louvoyer	verbe
loué	adjectif
lover	verbe
loyal	adjectif
loyalement	adverbe
loyalisme	nom
loyauté	nom
loyer	nom
lubie	nom
lubricité	nom
lubrifiant	nom
lubrifier	verbe
lubrique	adjectif
lucarne	nom
lucide	adjectif
lucidement	adverbe
lucidité	nom
luciole	nom
lucratif	adjectif
lucre	nom
ludion	nom
ludique	adjectif
luette	nom
lueur	nom
luge	nom
lugubre	adjectif
lugubrement	adverbe
luire	verbe
luisance	nom
luisant	adjectif
lulu	nom
lumbago	nom
lumignon	nom
luminaire	nom
luminescent	adjectif
lumineux	adjectif
luminosité	nom
lumière	nom
lunaire	adjectif
lunatique	adjectif
lunch	nom
lundi	nom
lune	nom
lunette	nom
lunule	nom
luné	adjectif
lupanar	nom
lupus	nom
luron	nom
lustral	adjectif
lustre	nom
lustrer	verbe
lustrine	nom
lustré	adjectif
luth	nom
luthérien	adjectif
lutin	adjectif
lutiner	verbe
lutrin	nom
lutte	nom
lutter	verbe
lutteur	nom
lutz	nom
luxe	nom
luxembourgeois	adjectif
luxueusement	adverbe
luxueux	adjectif
luxure	nom
luxuriant	adjectif
luxurieux	adjectif
luzerne	nom
lycée	nom
lycéen	nom
lymphatique	adjectif
lynchage	nom
lyncher	verbe
lynx	nom
lyonnais	adjectif
lyre	nom
lyrique	adjectif
lyrisme	nom
lâche	adjectif
lâchement	adverbe
lâcher	nom
lâcheté	nom
lâcheur	nom
lâché	adjectif
lèche	nom
lèpre	nom
lèvre	nom
lécher	verbe
léché	adjectif
légal	adjectif
légalement	adverbe
légaliser	verbe
légalité	nom
légat	nom
légation	nom
légendaire	adjectif
légende	nom
léger	adjectif
légion	nom
légionnaire	nom
législateur	nom
législatif	adjectif
législation	nom
légiste	nom
légitime	adjectif
légitimement	adverbe
légitimer	verbe
légitimité	nom
léguer	verbe
légume	nom
légèrement	adverbe
légèreté	nom
lénifiant	adjectif
léonin	adjectif
léopard	nom
lépreux	adjectif
léproserie	nom
léser	verbe
lésiner	verbe
lésion	nom
léthargie	nom
léthargique	adjectif
lévitation	nom
lévite	nom
lévrier	nom
lézard	nom
lézarder	verbe
lézardé	adjectif
maboul	adjectif
macabre	adjectif
macache	adverbe
macadam	nom
macaque	nom
macaron	nom
macaroni	nom
macchab	nom
macchabée	nom
machette	nom
machiavélique	adjectif
machin	nom
machinal	adjectif
machinalement	adverbe
machination	nom
machine	nom
machiner	verbe
machinerie	nom
machinisme	nom
machiniste	nom
macho	adjectif
macramé	nom
maculer	verbe
macumba	nom
macédoine	nom
macération	nom
macérer	verbe
madame	nom
madeleine	nom
mademoiselle	nom
madone	nom
madras	nom
madre	nom
madrier	nom
madrigal	nom
madrilène	adjectif
madère	nom
maestro	nom
maffia	nom
mafia	nom
mafieux	adjectif
mafioso	nom
magasin	nom
magasiner	verbe
magasinier	nom
magazine	nom
mage	nom
maghrébin	adjectif
magicien	nom
magie	nom
magique	adjectif
magiquement	adverbe
magister	nom
magistral	adjectif
magistralement	adverbe
magistrat	nom
magistrature	nom
magma	nom
magnanime	adjectif
magnanimité	nom
magnat	nom
magner	verbe
magnificat	nom
magnificence	nom
magnifier	verbe
magnifique	adjectif
magnifiquement	adverbe
magnolia	nom
magnum	nom
magnésium	nom
magnétique	adjectif
magnétisme	nom
magnéto	nom
magnétophone	nom
magnétoscope	nom
magot	nom
magouille	nom
magouiller	verbe
maharadjah	nom
maharajah	nom
maharani	nom
mahonia	nom
mahousse	adjectif
maie	nom
maigre	adjectif
maigrelet	adjectif
maigreur	nom
maigrichon	adjectif
maigrir	verbe
mail	nom
maille	nom
maillet	nom
maillon	nom
maillot	nom
main	nom
mainate	nom
mainmise	nom
maintenance	nom
maintenant	adverbe
maintenir	verbe
maintien	nom
maire	nom
mairie	nom
mais	adverbe
maison	nom
maisonnette	nom
maisonnée	nom
maja	nom
majestueusement	adverbe
majestueux	adjectif
majesté	nom
majeur	adjectif
major	nom
majordome	nom
majorette	nom
majoritaire	adjectif
majorité	nom
majuscule	adjectif
malabar	adjectif
malade	adjectif
maladie	nom
maladif	adjectif
maladresse	nom
maladroit	adjectif
maladroitement	adverbe
malaga	nom
malais	adjectif
malaise	adjectif
malaisé	adjectif
malaisément	adverbe
malandrin	nom
malard	nom
malaria	nom
malaxer	verbe
malchance	nom
malchanceux	adjectif
malcommode	adjectif
maldonne	nom
malencontre	nom
malencontreux	adjectif
malentendu	nom
malfaisance	nom
malfaisant	adjectif
malfaiteur	nom
malformation	nom
malfrat	nom
malgache	adjectif
malhabile	adjectif
malheur	nom
malheureusement	adverbe
malheureux	adjectif
malhonnête	adjectif
malhonnêteté	nom
malice	nom
malicieusement	adverbe
malicieux	adjectif
malignement	adverbe
malignité	nom
malin	adjectif
malingre	adjectif
malle	nom
mallette	nom
malléable	adjectif
malmener	verbe
malnutrition	nom
malodorant	adjectif
malotru	nom
malpoli	adjectif
malpropre	adjectif
malsain	adjectif
malséant	adjectif
malt	nom
maltraitance	nom
maltraiter	verbe
malveillance	nom
malveillant	adjectif
malversation	nom
malédiction	nom
maléfice	nom
maléfique	adjectif
maman	nom
mambo	nom
mame	nom
mamelle	nom
mamelon	nom
mameluk	nom
mamie	nom
mamma	nom
mammaire	adjectif
mammifère	adjectif
mammouth	nom
mamy	nom
mana	nom
management	nom
manager	nom
manant	nom
manche	nom
manchette	nom
manchon	nom
manchot	adjectif
mandala	nom
mandale	nom
mandarin	nom
mandarine	adjectif
mandat	nom
mandataire	adjectif
mandater	verbe
mander	verbe
mandibule	nom
mandoline	nom
mandore	nom
mandragore	nom
manette	nom
mangeable	adjectif
mangeaille	nom
mangeoire	nom
manger	nom
mangeur	nom
mangue	nom
manguier	nom
maniable	adjectif
maniaque	adjectif
manichéisme	nom
manie	nom
maniement	nom
manier	verbe
manif	nom
manifestant	nom
manifestation	nom
manifeste	adjectif
manifestement	adverbe
manifester	verbe
manigance	nom
manigancer	verbe
manille	nom
manioc	nom
manipulateur	nom
manipulation	nom
manipuler	verbe
manitou	nom
manivelle	nom
manière	nom
maniéré	adjectif
manne	nom
mannequin	nom
manoeuvre	nom
manoeuvrer	verbe
manoir	nom
manouche	nom
manquant	adjectif
manque	nom
manquement	nom
manquer	verbe
manqué	adjectif
mansarde	nom
mansardé	adjectif
mansuétude	nom
manta	nom
mante	nom
manteau	nom
mantille	nom
manucure	nom
manucurer	verbe
manuel	adjectif
manuellement	adverbe
manufacture	nom
manufacturer	verbe
manuscrit	adjectif
manutention	nom
manzanilla	nom
manège	nom
maous	adjectif
maousse	adjectif
mappemonde	nom
maquer	verbe
maquereau	nom
maquette	nom
maquettiste	nom
maquignon	nom
maquillage	nom
maquiller	verbe
maquilleur	nom
maquis	nom
maquisard	nom
marabout	nom
marais	nom
marasme	nom
marasquin	nom
marathon	nom
maraud	nom
marauder	verbe
maraudeur	nom
maraîcher	nom
marbre	nom
marbrure	nom
marc	nom
marcassin	nom
marchand	adjectif
marchandage	nom
marchander	verbe
marchandise	nom
marchant	adjectif
marche	nom
marchepied	nom
marcher	verbe
marcheur	nom
marché	nom
mardi	nom
mare	nom
marelle	nom
margarine	nom
margay	nom
marge	nom
margelle	nom
marginal	adjectif
margot	nom
margouillat	nom
margoulin	nom
margrave	nom
marguerite	nom
mari	nom
mariachi	nom
mariage	nom
marida	nom
marier	verbe
marieur	nom
marigot	nom
marijuana	nom
marin	adjectif
marina	nom
marinade	nom
marine	adjectif
mariner	verbe
marinier	nom
marinière	nom
mariole	adjectif
mariolle	nom
marionnette	nom
marital	adjectif
maritime	adjectif
marié	adjectif
marjolaine	nom
mark	nom
marketing	nom
marle	adjectif
marlin	nom
marlou	nom
marmaille	nom
marmelade	nom
marmite	nom
marmiton	nom
marmonnement	nom
marmonner	verbe
marmoréen	adjectif
marmot	nom
marmotte	nom
marmotter	verbe
marne	nom
marner	verbe
marocain	adjectif
maroquin	nom
maroquinerie	nom
maroquinier	nom
marotte	nom
marquage	nom
marquant	adjectif
marque	nom
marquer	verbe
marqueterie	nom
marqueur	nom
marquis	nom
marqué	adjectif
marrade	nom
marraine	nom
marrant	adjectif
marre	adverbe
marrer	verbe
marri	adjectif
marron	adjectif
marronnier	nom
mars	nom
marseillais	adjectif
marshal	nom
marsouin	nom
marteau	nom
marteler	verbe
martial	adjectif
martien	adjectif
martienne	nom
martin	nom
martinet	nom
martingale	nom
martini	nom
martiniquais	adjectif
martre	nom
martyr	adjectif
martyre	nom
martyriser	verbe
martèlement	nom
marxisme	nom
marxiste	adjectif
mary	nom
marâtre	nom
marécage	nom
marécageux	adjectif
maréchal	nom
maréchaussée	nom
marée	nom
masaï	adjectif
mascara	nom
mascarade	nom
mascaret	nom
mascotte	nom
masculin	adjectif
maso	adjectif
masochisme	nom
masochiste	adjectif
masque	nom
masquer	verbe
masqué	adjectif
massacre	nom
massacrer	verbe
massage	nom
masse	nom
masser	verbe
masseur	nom
massicot	nom
massif	adjectif
massivement	adverbe
massue	nom
mastard	adjectif
master	nom
mastic	adjectif
mastication	nom
mastiquer	verbe
mastoc	adjectif
mastodonte	nom
mastoïde	adjectif
masturbation	nom
masturber	verbe
masure	nom
matador	nom
mataf	nom
matamore	nom
match	nom
matelas	nom
matelasser	verbe
matelot	nom
mater	verbe
maternel	adjectif
maternellement	adverbe
materner	verbe
maternité	nom
mathématicien	nom
mathématique	adjectif
matin	nom
matinal	adjectif
matinée	adjectif
matité	nom
matière	nom
maton	nom
matos	nom
matou	nom
matraque	nom
matraquer	verbe
matriarcat	nom
matrice	nom
matricule	nom
matrimonial	adjectif
matrone	nom
matte	nom
matter	verbe
maturation	nom
mature	adjectif
maturité	nom
maté	nom
matérialisation	nom
matérialiser	verbe
matérialisme	nom
matérialiste	adjectif
matériau	nom
matériel	adjectif
matériellement	adverbe
maudire	verbe
maudit	adjectif
maugréer	verbe
maure	adjectif
mauresque	adjectif
mauser	nom
mausolée	nom
maussade	adjectif
mauvais	adjectif
mauve	adjectif
mauviette	nom
maxi	adjectif
maxillaire	nom
maximal	adjectif
maxime	nom
maximum	adjectif
maya	adjectif
mayo	nom
mayonnaise	nom
mazout	nom
mazurka	nom
maçon	nom
maçonner	verbe
maçonnerie	nom
maçonnique	adjectif
maître	adjectif
maîtresse	nom
maîtrise	nom
maîtriser	verbe
maîtrisé	adjectif
maïa	nom
maïs	nom
meccano	nom
mecton	nom
media	nom
medium	nom
meeting	nom
meilleur	adjectif
melon	nom
membrane	nom
membre	nom
membrure	nom
menace	nom
menacer	verbe
menacé	adjectif
menaçant	adjectif
mendiant	nom
mendicité	nom
mendier	verbe
mendigot	nom
meneau	nom
mener	verbe
meneur	nom
menhir	nom
menotte	nom
menotter	verbe
mensonge	nom
mensonger	adjectif
menstruel	adjectif
mensualité	nom
mensuel	adjectif
mensuration	nom
mental	adjectif
mentalement	adverbe
mentalité	nom
menterie	nom
menteur	adjectif
menthe	nom
mention	nom
mentionner	verbe
mentir	verbe
menton	nom
mentor	nom
menu	adjectif
menuet	nom
menuiserie	nom
menuisier	nom
menée	nom
mercantile	adjectif
mercenaire	adjectif
mercerie	nom
merci	nom
mercier	nom
mercredi	nom
mercure	nom
mercurochrome	nom
merde	nom
merder	verbe
merdeux	adjectif
merdier	nom
merdique	adjectif
merguez	nom
meringue	nom
merisier	nom
merlan	nom
merle	nom
merlot	nom
merrain	nom
merveille	nom
merveilleusement	adverbe
merveilleux	adjectif
mesa	nom
mesquin	adjectif
mesquinerie	nom
mess	nom
message	nom
messager	nom
messagerie	nom
messe	nom
messer	nom
messie	nom
messire	nom
mesurable	adjectif
mesure	nom
mesurer	verbe
mesuré	adjectif
mets	nom
metteur	nom
mettre	verbe
meuble	adjectif
meubler	verbe
meublé	adjectif
meuf	nom
meuglement	nom
meugler	verbe
meule	nom
meunier	nom
meurtre	nom
meurtri	adjectif
meurtrier	adjectif
meurtrir	verbe
meurtrissure	nom
meusien	adjectif
meute	nom
mexicain	adjectif
mexico	adverbe
miaou	nom
miasme	nom
miaulement	nom
miauler	verbe
mica	nom
miche	nom
micheton	nom
michetonner	verbe
miché	nom
micmac	nom
micro	nom
microbe	nom
microfilm	nom
micron	nom
microphone	nom
microscope	nom
microscopique	adjectif
midi	nom
midinette	nom
miel	adjectif
mielleux	adjectif
miette	nom
mieux	adverbe
mignard	adjectif
mignardise	nom
mignon	adjectif
migraine	nom
migrant	nom
migrateur	adjectif
migration	nom
migrer	verbe
mijaurée	nom
mijoter	verbe
mikado	nom
milady	nom
mile	nom
milice	nom
milicien	nom
milieu	nom
militaire	adjectif
militairement	adverbe
militant	adjectif
militantisme	nom
militer	verbe
mille	nom
millefeuille	nom
millet	nom
milliard	nom
milliardaire	adjectif
millier	nom
milligramme	nom
millimètre	nom
million	nom
millionnaire	adjectif
millième	adjectif
millénaire	adjectif
millésime	nom
milord	nom
mime	nom
mimer	verbe
mimi	adjectif
mimique	nom
mimosa	nom
mimétisme	nom
minable	adjectif
minaret	nom
minauder	verbe
minauderie	nom
mince	adjectif
minceur	nom
mincir	verbe
mine	nom
miner	verbe
minerai	nom
minerve	nom
minet	nom
mineur	adjectif
mini	adjectif
miniature	nom
minibus	nom
minier	adjectif
minijupe	nom
minimal	adjectif
minime	adjectif
minimiser	verbe
minimum	adjectif
ministre	nom
ministère	nom
ministériel	adjectif
minium	nom
mino	adjectif
minois	nom
minoritaire	adjectif
minorité	nom
minot	nom
minotier	nom
minou	nom
minouche	adjectif
minuit	nom
minus	nom
minuscule	adjectif
minute	nom
minuter	verbe
minuterie	nom
minuteur	nom
minutie	nom
minutieusement	adverbe
minutieux	adjectif
minéral	adjectif
minéralogique	adjectif
mioche	nom
mirabelle	nom
miracle	nom
miraculeusement	adverbe
miraculeux	adjectif
miraculé	nom
mirador	nom
mirage	nom
mire	nom
mirer	verbe
mirette	nom
mirifique	adjectif
mirliton	nom
miro	adjectif
mirobolant	adjectif
miroir	nom
miroitant	adjectif
miroitement	nom
miroiter	verbe
mironton	nom
mirus	nom
misanthrope	adjectif
mise	adjectif
miser	verbe
miserere	nom
misogyne	adjectif
misogynie	nom
miss	nom
missel	nom
missile	nom
mission	nom
missionnaire	adjectif
missive	nom
mister	nom
mistoufle	nom
mistral	nom
misère	nom
misérable	adjectif
misérablement	adverbe
miséreux	adjectif
miséricorde	nom
miséricordieux	adjectif
mitaine	nom
mitan	nom
mitard	nom
mite	nom
miteux	adjectif
mitonner	verbe
mitoyen	adjectif
mitraillade	nom
mitraille	nom
mitrailler	verbe
mitraillette	nom
mitrailleur	nom
mitre	nom
mitron	nom
mitré	adjectif
mité	adjectif
mixage	nom
mixer	nom
mixeur	nom
mixte	adjectif
mixture	nom
mièvre	adjectif
mièvrerie	nom
mlle	nom
mobile	adjectif
mobilier	adjectif
mobilisable	adjectif
mobilisation	nom
mobiliser	verbe
mobilité	nom
mobylette	nom
mocassin	nom
moche	adjectif
mocheté	nom
modalité	nom
mode	nom
model	nom
modeler	verbe
modelé	nom
moderato	adverbe
moderne	adjectif
modernisation	nom
moderniser	verbe
modernisme	nom
modernité	nom
modeste	adjectif
modestement	adverbe
modestie	nom
modification	nom
modifier	verbe
modifié	adjectif
modique	adjectif
modiste	nom
modulation	nom
module	nom
moduler	verbe
modèle	adjectif
modération	nom
modérer	verbe
modéré	adjectif
modérément	adverbe
moelle	nom
moelleux	adjectif
moellon	nom
mohair	nom
moignon	nom
moindre	adjectif
moine	nom
moineau	nom
moinillon	nom
moins	adverbe
moire	nom
moiré	adjectif
mois	nom
moisi	adjectif
moisir	verbe
moisissure	nom
moisson	nom
moissonner	verbe
moissonneur	nom
moite	adjectif
moiteur	nom
moitié	adverbe
moka	nom
molaire	nom
moleskine	nom
molesquine	nom
molester	verbe
molette	nom
mollah	nom
mollard	nom
mollasse	adjectif
mollement	adverbe
mollesse	nom
mollet	adjectif
molletière	nom
molleton	nom
mollir	verbe
mollo	adverbe
mollusque	nom
molosse	nom
moléculaire	adjectif
molécule	nom
moment	nom
momentané	adjectif
momentanément	adverbe
momerie	nom
momie	nom
momifier	verbe
momifié	adjectif
monacal	adjectif
monarchie	nom
monarchiste	adjectif
monarque	nom
monastique	adjectif
monastère	nom
monbazillac	nom
monceau	nom
mondain	adjectif
mondanité	nom
monde	nom
mondial	adjectif
mondiale	nom
mondialement	adverbe
mongol	adjectif
mongolien	adjectif
moniteur	nom
monnaie	nom
monnayer	verbe
mono	nom
monocle	nom
monocorde	adjectif
monogame	adjectif
monogamie	nom
monogramme	nom
monographie	nom
monolithique	adjectif
monologue	nom
monologuer	verbe
monopole	nom
monopoliser	verbe
monopoly	nom
monorail	nom
monosyllabe	nom
monotone	adjectif
monotonie	nom
monseigneur	nom
monsieur	nom
monstre	adjectif
monstrueusement	adverbe
monstrueux	adjectif
monstruosité	nom
mont	nom
montage	nom
montagnard	adjectif
montagne	nom
montagneux	adjectif
montant	adjectif
monter	verbe
monteur	nom
montgolfière	nom
monticule	nom
montmartrois	adjectif
montre	nom
montrer	verbe
montreur	nom
monture	nom
monté	adjectif
montée	nom
monument	nom
monumental	adjectif
monétaire	adjectif
moose	adjectif
moquer	verbe
moquerie	nom
moquette	nom
moqueur	adjectif
moral	adjectif
morale	nom
moralement	adverbe
moralisateur	adjectif
moraliste	adjectif
moralité	nom
morasse	nom
morbaque	nom
morbide	adjectif
morceau	nom
morceler	verbe
morcelé	adjectif
mordant	adjectif
mordicus	adverbe
mordillement	nom
mordiller	verbe
mordoré	adjectif
mordre	verbe
mordu	adjectif
more	adjectif
morfler	verbe
morfondre	verbe
morfondu	adjectif
morgue	nom
moribond	adjectif
moricaud	nom
morigéner	verbe
morille	nom
morillon	nom
morlingue	nom
mormon	nom
morne	adjectif
mornifle	nom
morose	adjectif
morosité	nom
morphine	nom
morphologie	nom
morpion	nom
mors	nom
morse	nom
morsure	nom
mort	adjectif
mortadelle	nom
mortalité	nom
mortel	adjectif
mortellement	adverbe
mortier	nom
mortification	nom
mortifier	verbe
mortuaire	adjectif
morue	nom
morve	nom
morveux	adjectif
mosaïque	nom
moscovite	adjectif
mosquée	nom
motard	nom
motel	nom
moteur	adjectif
motif	nom
motion	nom
motivation	nom
motiver	verbe
motivé	adjectif
moto	nom
motocyclette	nom
motocycliste	nom
motoneige	nom
motoriser	verbe
motorisé	adjectif
motte	nom
mouchard	adjectif
moucharder	verbe
mouche	nom
moucher	verbe
moucheron	nom
moucheté	adjectif
mouchoir	nom
moudre	verbe
moue	nom
mouette	nom
mouffette	nom
moufle	nom
mouflet	nom
mouflette	nom
moufter	verbe
mouillage	nom
mouille	nom
mouiller	verbe
mouillette	nom
mouillé	adjectif
mouise	nom
moujik	nom
moujingue	nom
moulage	nom
moulant	adjectif
moule	nom
mouler	verbe
moulin	nom
mouliner	verbe
moulinet	nom
moulinette	nom
moult	adverbe
moulu	adjectif
moulure	nom
moulé	adjectif
moumoute	nom
mourant	adjectif
mourir	verbe
mouron	nom
mouscaille	nom
mousquet	nom
mousquetaire	nom
mousqueton	nom
moussaillon	nom
moussant	adjectif
mousse	adjectif
mousseline	nom
mousser	verbe
mousseron	nom
mousseux	adjectif
mousson	nom
moussu	adjectif
moustache	nom
moustachu	adjectif
moustagache	nom
moustiquaire	nom
moustique	nom
moutard	nom
moutarde	adjectif
mouton	nom
moutonnement	nom
moutonner	verbe
mouvant	adjectif
mouvement	nom
mouvementé	adjectif
mouvoir	verbe
moyen	adjectif
moyenne	nom
moyennement	adverbe
moyenâgeux	adjectif
moyeu	nom
mozzarella	nom
moût	nom
muchacho	nom
muer	verbe
muet	adjectif
muette	nom
muettement	adverbe
muezzin	nom
muffin	nom
mufle	adjectif
muflerie	nom
muflier	nom
mugir	verbe
mugissant	adjectif
mugissement	nom
muguet	nom
mule	nom
mulet	nom
mulot	nom
multi	adverbe
multicolore	adjectif
multiforme	adjectif
multinational	adjectif
multinationale	nom
multiple	adjectif
multiplication	nom
multiplicité	nom
multiplier	verbe
multiplié	adjectif
multitude	nom
mulâtre	nom
muni	adjectif
municipal	adjectif
municipalité	nom
munificence	nom
munir	verbe
munition	nom
muraille	nom
mural	adjectif
murer	verbe
muret	nom
murette	nom
murmurant	adjectif
murmure	nom
murmurer	verbe
murène	nom
musaraigne	nom
musarder	verbe
musc	nom
muscade	nom
muscadet	nom
muscat	nom
muscle	nom
muscler	verbe
musclé	adjectif
musculaire	adjectif
musculature	nom
musculeux	adjectif
muse	nom
museau	nom
museler	verbe
muselière	nom
muser	verbe
musette	nom
musical	adjectif
musicien	adjectif
musico	adverbe
musique	nom
musqué	adjectif
must	nom
mustang	nom
musulman	adjectif
musée	nom
mutant	adjectif
mutation	nom
muter	verbe
mutilation	nom
mutiler	verbe
mutilé	adjectif
mutin	adjectif
mutiner	verbe
mutinerie	nom
mutisme	nom
mutuel	adjectif
mutuellement	adverbe
mycose	nom
mylord	nom
myope	adjectif
myopie	nom
myosotis	nom
myriade	nom
myrmidon	nom
myrrhe	nom
myrte	nom
myrtille	nom
mysticisme	nom
mystification	nom
mystifier	verbe
mystique	adjectif
mystère	nom
mystérieusement	adverbe
mystérieux	adjectif
mythe	nom
mythique	adjectif
mythologie	nom
mythologique	adjectif
mythomane	adjectif
mythomanie	nom
mâche	nom
mâchefer	nom
mâcher	verbe
mâchoire	nom
mâchonner	verbe
mâchouiller	verbe
mâle	adjectif
mât	nom
mâtine	nom
mâture	nom
mèche	nom
mère	nom
mètre	nom
méandre	nom
mécanicien	nom
mécanique	adjectif
mécaniquement	adverbe
mécaniser	verbe
mécanisme	nom
mécano	nom
méchamment	adverbe
méchanceté	nom
méchant	adjectif
mécher	verbe
mécompte	nom
méconnaissable	adjectif
méconnaissance	nom
méconnaître	verbe
méconnu	adjectif
mécontent	adjectif
mécontentement	nom
mécontenter	verbe
mécréant	nom
mécène	nom
médaille	nom
médaillon	nom
médecin	nom
médecine	nom
média	nom
médian	adjectif
médiateur	nom
médiation	nom
médiatique	adjectif
médical	adjectif
médicalement	adverbe
médicament	nom
médicinal	adjectif
médina	nom
médiocre	adjectif
médiocrement	adverbe
médiocrité	nom
médire	verbe
médisance	nom
médisant	nom
méditatif	adjectif
méditation	nom
méditer	verbe
méditerranéen	adjectif
médium	nom
médius	nom
médiéval	adjectif
médoc	nom
méduse	nom
méduser	verbe
médusé	adjectif
méfait	nom
méfiance	nom
méfiant	adjectif
méfier	verbe
méga	adjectif
mégalomanie	nom
mégaphone	nom
mégot	nom
mélancolie	nom
mélancolique	adjectif
mélange	nom
mélanger	verbe
mélangé	adjectif
mélanome	nom
mélasse	nom
mélo	nom
mélodie	nom
mélodieux	adjectif
mélodramatique	adjectif
mélodrame	nom
mélomane	adjectif
mélopée	nom
mélèze	nom
mémo	nom
mémoire	nom
mémorable	adjectif
mémorandum	nom
mémorial	nom
mémorialiste	nom
mémoriser	verbe
mémère	nom
mémé	nom
ménage	nom
ménagement	nom
ménager	adjectif
ménagerie	nom
méningite	nom
ménopause	nom
méphitique	adjectif
méplat	nom
méprendre	verbe
mépris	nom
méprisable	adjectif
méprisant	adjectif
méprise	nom
mépriser	verbe
méridien	adjectif
méridional	adjectif
méritant	adjectif
mérite	nom
mériter	verbe
méritoire	adjectif
mérou	nom
mésalliance	nom
mésange	nom
mésaventure	nom
mésentente	nom
métabolisme	nom
métairie	nom
métal	nom
métallique	adjectif
métallo	nom
métallurgique	adjectif
métamorphose	nom
métamorphoser	verbe
métaphore	nom
métaphysique	adjectif
métayer	nom
méthadone	nom
méthane	nom
méthode	nom
méthodique	adjectif
méthodiquement	adverbe
méticuleusement	adverbe
méticuleux	adjectif
métier	nom
métis	adjectif
métissage	nom
métrage	nom
métro	nom
métronome	nom
métropole	nom
métropolitain	adjectif
métèque	nom
météo	nom
météore	nom
météorite	nom
météorologie	nom
météorologique	adjectif
mêler	verbe
mêlé	adjectif
mêlée	nom
même	adjectif
môle	nom
môme	nom
mûr	adjectif
mûrier	nom
mûrir	verbe
mûrissant	adjectif
mûrissement	nom
nabab	nom
nabot	nom
nacelle	nom
nacre	nom
nacré	adjectif
nada	adverbe
nage	nom
nageoire	nom
nager	verbe
nageur	nom
naguère	adverbe
nain	adjectif
naissance	nom
naissant	adjectif
nana	nom
nanan	nom
nant	nom
nanti	adjectif
nantir	verbe
napalm	nom
naphtaline	nom
napolitain	adjectif
napoléon	nom
napoléonien	adjectif
nappe	nom
napper	verbe
napperon	nom
narbonnais	adjectif
narcisse	nom
narcissique	adjectif
narcissisme	nom
narcotique	nom
narguer	verbe
narguilé	nom
narine	nom
narquois	adjectif
narrateur	nom
narration	nom
narrer	verbe
narthex	nom
narval	nom
nasal	adjectif
nase	adjectif
naseau	nom
nasillard	adjectif
nasiller	verbe
nasique	nom
nasse	nom
natal	adjectif
natalité	nom
natation	nom
natif	adjectif
nation	nom
national	adjectif
nationale	nom
nationalisation	nom
nationaliser	verbe
nationalisme	nom
nationaliste	adjectif
nationalité	nom
nativité	nom
natte	nom
natter	verbe
naturalisation	nom
naturaliser	verbe
naturaliste	nom
nature	adjectif
naturel	adjectif
naturellement	adverbe
naufrage	nom
naufrager	verbe
naufragé	adjectif
nauséabond	adjectif
nausée	nom
nauséeux	adjectif
nautilus	nom
nautique	adjectif
naval	adjectif
navarrais	nom
nave	nom
navet	nom
navette	nom
navigateur	nom
navigation	nom
naviguer	verbe
navire	nom
navrant	adjectif
navrer	verbe
navré	adjectif
naze	adjectif
nazi	adjectif
nazisme	nom
naître	verbe
naïade	nom
naïf	adjectif
naïve	nom
naïvement	adverbe
naïveté	nom
nectar	nom
neige	nom
neiger	verbe
neigeux	adjectif
nenni	adverbe
nerf	nom
nerveusement	adverbe
nerveux	adjectif
nervi	nom
nervosité	nom
nervure	nom
nescafé	nom
nestorien	adjectif
nettement	adverbe
netteté	nom
nettoyage	nom
nettoyer	verbe
nettoyeur	nom
neuf	adjectif
neural	adjectif
neurasthénie	nom
neurasthénique	adjectif
neurochirurgie	nom
neurochirurgien	nom
neurologie	nom
neurologique	adjectif
neurologue	nom
neurone	nom
neutralisation	nom
neutraliser	verbe
neutralité	nom
neutre	adjectif
neutrino	nom
neutron	nom
neuvaine	nom
neuvième	adjectif
neveu	nom
niable	adjectif
niais	adjectif
niaisement	adverbe
niaiserie	nom
nibard	nom
nice	nom
niche	nom
nicher	verbe
nichon	nom
nichée	nom
nickel	adjectif
nickelé	adjectif
nicotine	nom
nier	verbe
nietzschéen	adjectif
nigaud	adjectif
nihilisme	nom
nihiliste	adjectif
nimbe	nom
nimber	verbe
ninas	nom
nippe	nom
nipper	verbe
nippon	adjectif
nique	nom
niquer	verbe
nirvana	nom
nirvâna	nom
nitrate	nom
nitroglycérine	nom
niveau	nom
niveler	verbe
niçois	adjectif
nièce	nom
nobiliaire	adjectif
noble	adjectif
noblement	adverbe
noblesse	nom
noce	nom
noceur	nom
nocif	adjectif
noctambule	adjectif
nocturne	adjectif
noeud	nom
noir	adjectif
noiraud	adjectif
noirceur	nom
noirci	adjectif
noircir	verbe
noirâtre	adjectif
noise	nom
noisetier	nom
noisette	adjectif
noix	nom
nomade	adjectif
nomadisme	nom
nombre	nom
nombreux	adjectif
nombril	nom
nomenclature	nom
nomination	nom
nominer	verbe
nommer	verbe
nommé	adjectif
nonagénaire	adjectif
nonce	nom
nonchalamment	adverbe
nonchalance	nom
nonchalant	adjectif
none	nom
nonnain	nom
nonne	nom
nonobstant	adverbe
nope	nom
nord	adjectif
nordique	adjectif
nordiste	nom
noria	nom
normal	adjectif
normale	nom
normalement	adverbe
normalien	nom
normaliser	verbe
normalité	nom
normand	adjectif
norme	nom
norvégien	adjectif
nostalgie	nom
nostalgique	adjectif
notabilité	nom
notable	adjectif
notablement	adverbe
notaire	nom
notamment	adverbe
notation	nom
note	nom
noter	verbe
notice	nom
notification	nom
notifier	verbe
notion	nom
notoire	adjectif
notoirement	adverbe
notoriété	nom
noté	adjectif
nouba	nom
nouer	verbe
noueux	adjectif
nougat	nom
nouille	adjectif
nounou	nom
nounours	nom
nourri	adjectif
nourrice	nom
nourricier	adjectif
nourrir	verbe
nourrissant	adjectif
nourrisson	nom
nourriture	nom
nouveau	adjectif
nouveauté	nom
nouvel	adjectif
nouvelle	adjectif
nouvellement	adverbe
noué	adjectif
nova	nom
novateur	adjectif
novembre	nom
novice	adjectif
noviciat	nom
noyade	nom
noyau	nom
noyauter	verbe
noyer	nom
noyé	adjectif
noël	nom
nuage	nom
nuageux	adjectif
nuance	nom
nuancer	verbe
nuancé	adjectif
nubile	adjectif
nucléaire	adjectif
nudiste	nom
nudité	nom
nuire	verbe
nuisance	nom
nuisible	adjectif
nuit	nom
nullard	nom
nullement	adverbe
nullité	nom
numérique	adjectif
numéro	nom
numéroter	verbe
numéroté	adjectif
nunuche	adjectif
nuptial	adjectif
nuque	nom
nurse	nom
nursery	nom
nutritif	adjectif
nutrition	nom
nuée	nom
nylon	nom
nymphe	nom
nymphette	nom
nympho	nom
nymphomane	nom
nègre	adjectif
néanmoins	adverbe
néant	nom
nébuleux	adjectif
nécessaire	adjectif
nécessairement	adverbe
nécessiter	verbe
nécessiteux	nom
nécessité	nom
nécrologie	nom
nécrologique	adjectif
nécropole	nom
néerlandais	adjectif
néfaste	adjectif
négatif	adjectif
négation	nom
négative	nom
négativement	adverbe
négligeable	adjectif
négligemment	adverbe
négligence	nom
négligent	adjectif
négliger	verbe
négligé	adjectif
négoce	nom
négociable	adjectif
négociant	nom
négociateur	nom
négociation	nom
négocier	verbe
négrier	nom
négrillon	nom
négro	nom
négroïde	adjectif
négus	nom
nénette	nom
nénuphar	nom
néné	nom
néo	adverbe
néologisme	nom
néon	nom
néophyte	nom
névralgie	nom
névrose	nom
névrosé	adjectif
oasis	nom
objecter	verbe
objectif	adjectif
objection	nom
objectivement	adverbe
objectivité	nom
objet	nom
objurgation	nom
obligation	nom
obligatoire	adjectif
obligatoirement	adverbe
obligeamment	adverbe
obligeance	nom
obligeant	adjectif
obliger	verbe
obligé	adjectif
oblique	adjectif
obliquement	adverbe
obliquer	verbe
oblitérer	verbe
oblong	adjectif
obnubiler	verbe
obole	nom
obscur	adjectif
obscurantisme	nom
obscurcir	verbe
obscurité	nom
obscurément	adverbe
obscène	adjectif
obscénité	nom
observateur	adjectif
observation	nom
observatoire	nom
observer	verbe
observé	adjectif
obsession	nom
obsessionnel	adjectif
obsidienne	nom
obsolète	adjectif
obstacle	nom
obstination	nom
obstiner	verbe
obstiné	adjectif
obstinément	adverbe
obstruction	nom
obstruer	verbe
obstétrique	nom
obsédant	adjectif
obséder	verbe
obsédé	adjectif
obséquieux	adjectif
obséquiosité	nom
obtempérer	verbe
obtenir	verbe
obtention	nom
obturer	verbe
obtus	adjectif
obus	nom
obusier	nom
obèse	adjectif
obédience	nom
obéir	verbe
obéissance	nom
obéissant	adjectif
obélisque	nom
obésité	nom
occase	nom
occasion	nom
occasionnel	adjectif
occasionner	verbe
occident	nom
occidental	adjectif
occiput	nom
occis	adjectif
occulte	adjectif
occulter	verbe
occupant	adjectif
occupation	nom
occuper	verbe
occupé	adjectif
occurrence	nom
ocre	adjectif
octave	nom
octobre	nom
octogonal	adjectif
octogone	nom
octroi	nom
octroyer	verbe
oculaire	adjectif
oculiste	nom
océan	nom
océanique	adjectif
odalisque	nom
odeur	nom
odieusement	adverbe
odieux	adjectif
odorant	adjectif
odorat	nom
odoriférant	adjectif
odyssée	nom
oedème	nom
oeil	nom
oeillade	nom
oeillet	nom
oeilleton	nom
oeillère	nom
oesophage	nom
oeuf	nom
oeuvre	nom
oeuvrer	verbe
offensant	adjectif
offense	nom
offenser	verbe
offenseur	nom
offensif	adjectif
offensive	nom
offensé	adjectif
office	nom
officiant	nom
officiel	adjectif
officiellement	adverbe
officier	nom
officieusement	adverbe
officieux	adjectif
officine	nom
offrande	nom
offrant	adjectif
offre	nom
offrir	verbe
offusquer	verbe
offusqué	adjectif
ogive	nom
ogre	nom
ogresse	nom
oignon	nom
oindre	verbe
oiseau	nom
oiselet	nom
oiseleur	nom
oiseux	adjectif
oisif	adjectif
oisillon	nom
oisiveté	nom
olfactif	adjectif
olive	adjectif
oliveraie	nom
olivette	nom
olivier	nom
olivâtre	adjectif
olympien	adjectif
olympique	adjectif
ombelle	nom
ombilical	adjectif
ombrage	nom
ombrager	verbe
ombrageux	adjectif
ombragé	adjectif
ombre	nom
ombrelle	nom
ombrer	verbe
ombreux	adjectif
ombrée	nom
omelette	nom
omettre	verbe
omission	nom
omnibus	nom
omnipotence	nom
omnipotent	adjectif
omniprésent	adjectif
omnisports	adjectif
omoplate	nom
oméga	nom
once	nom
oncle	nom
onction	nom
onctueux	adjectif
onctuosité	nom
onde	nom
ondoiement	nom
ondoyant	adjectif
ondoyer	verbe
ondulant	adjectif
ondulation	nom
onduler	verbe
onduleux	adjectif
ondulé	adjectif
ondée	nom
ongle	nom
onglet	nom
onguent	nom
onomatopée	nom
onyx	nom
onze	nom
onzième	adjectif
onéreux	adjectif
opacifier	verbe
opacité	nom
opale	nom
opalescent	adjectif
opalin	adjectif
opaque	adjectif
open	adjectif
ophtalmologiste	nom
opiacé	nom
opinel	nom
opiner	verbe
opinion	nom
opiniâtre	adjectif
opiniâtreté	nom
opium	nom
opossum	nom
opportun	adjectif
opportuniste	nom
opportunité	nom
opportunément	adverbe
opposant	nom
opposer	verbe
opposition	nom
opposé	adjectif
oppressant	adjectif
oppresser	verbe
oppresseur	nom
oppression	nom
oppressé	adjectif
opprimer	verbe
opprimé	adjectif
opprobre	nom
opter	verbe
optimisme	nom
optimiste	adjectif
option	nom
optique	adjectif
opulence	nom
opulent	adjectif
opus	nom
opuscule	nom
opéra	nom
opérateur	nom
opération	nom
opérationnel	adjectif
opératoire	adjectif
opérer	verbe
opérette	nom
opéré	adjectif
oracle	nom
orage	nom
orageux	adjectif
oraison	nom
oral	adjectif
oralement	adverbe
orange	adjectif
orangeade	nom
oranger	nom
orangé	adjectif
orateur	nom
oratoire	adjectif
oratorio	nom
orbe	nom
orbital	adjectif
orbite	nom
orchestral	adjectif
orchestre	nom
orchestrer	verbe
orchidée	nom
ordinaire	adjectif
ordinairement	adverbe
ordinateur	nom
ordonnance	nom
ordonnateur	nom
ordonner	verbe
ordonné	adjectif
ordre	nom
ordure	nom
ordurier	adjectif
oreille	nom
oreiller	nom
oreillette	nom
orfèvre	nom
orfèvrerie	nom
organdi	nom
organe	nom
organique	adjectif
organiquement	adverbe
organisateur	adjectif
organisation	nom
organiser	verbe
organisme	nom
organiste	nom
organisé	adjectif
orgasme	nom
orge	nom
orgeat	nom
orgelet	nom
orgie	nom
orgue	nom
orgueil	nom
orgueilleusement	adverbe
orgueilleux	adjectif
orient	nom
oriental	adjectif
orientation	nom
orienter	verbe
orienté	adjectif
orifice	nom
oriflamme	nom
origan	nom
originaire	adjectif
original	adjectif
originalité	nom
origine	nom
originel	adjectif
orme	nom
ormeau	nom
ornement	nom
ornementation	nom
ornementer	verbe
orner	verbe
ornière	nom
orné	adjectif
orphelin	adjectif
orphelinat	nom
orphéon	nom
orque	nom
orteil	nom
ortho	adverbe
orthodoxe	adjectif
orthodoxie	nom
orthographe	nom
orthopédie	nom
orthopédique	adjectif
ortie	nom
ortolan	nom
orée	nom
oscar	nom
oscillant	adjectif
oscillation	nom
osciller	verbe
oseille	nom
oser	verbe
osier	nom
osmose	nom
ossature	nom
osselet	nom
ossement	nom
osseux	adjectif
ossuaire	nom
ostensible	adjectif
ostensiblement	adverbe
ostensoir	nom
ostentation	nom
ostentatoire	adjectif
ostracisme	nom
osé	adjectif
otage	nom
otarie	nom
otite	nom
ottoman	adjectif
ouaille	nom
ouais	adverbe
ouate	nom
ouaté	adjectif
oubli	nom
oublie	nom
oublier	verbe
oubliette	nom
oublieux	adjectif
oublié	adjectif
oued	nom
ouest	adjectif
ouighour	nom
ouistiti	nom
ouléma	nom
ouragan	nom
ourdir	verbe
ourdissage	nom
ourler	verbe
ourlet	nom
ours	nom
oursin	nom
ourson	nom
outil	nom
outillage	nom
outrage	nom
outrageant	adjectif
outrager	verbe
outrageusement	adverbe
outrance	nom
outrancier	adjectif
outre	adverbe
outrecuidance	nom
outrecuidant	adjectif
outremer	adjectif
outrepasser	verbe
outrer	verbe
outré	adjectif
outsider	nom
ouvert	adjectif
ouvertement	adverbe
ouverture	nom
ouvrable	adjectif
ouvrage	nom
ouvrager	verbe
ouvragé	adjectif
ouvrant	adjectif
ouvreur	nom
ouvrier	adjectif
ouvrir	verbe
ouvroir	nom
ouzo	nom
ouïe	nom
ouïr	verbe
ovaire	nom
ovale	adjectif
ovation	nom
overdose	nom
ovni	nom
ovoïdal	adjectif
ovoïde	adjectif
ovulation	nom
ovule	nom
oxyde	nom
oxyder	verbe
oxygène	nom
oxygéner	verbe
oxygéné	adjectif
ozone	nom
pacage	nom
pacemaker	nom
pacha	nom
pachyderme	nom
pachydermique	adjectif
pacificateur	adjectif
pacifier	verbe
pacifique	adjectif
pacifiquement	adverbe
pacifisme	nom
pacifiste	adjectif
pack	nom
pacotille	nom
pacs	nom
pacson	nom
pacte	nom
pactiser	verbe
pactole	nom
paddock	nom
paddy	nom
paella	nom
pagaie	nom
pagaille	nom
pagayer	verbe
pagaïe	nom
page	nom
pageot	nom
pager	verbe
pagne	nom
pagode	nom
paie	nom
paiement	nom
paillard	adjectif
paillasse	nom
paillasson	nom
paille	adjectif
pailleter	verbe
paillette	nom
pailleté	adjectif
paillot	nom
paillote	nom
paillé	adjectif
pain	nom
pair	adjectif
paire	nom
paisible	adjectif
paisiblement	adverbe
paix	nom
pakistanais	adjectif
palabre	nom
palabrer	verbe
palace	nom
paladin	nom
palais	nom
palan	nom
palazzo	nom
pale	nom
palefrenier	nom
palefroi	nom
palestinien	adjectif
palet	nom
paletot	nom
palette	nom
palier	nom
palikare	nom
palindrome	nom
palinodie	nom
palissade	nom
palissandre	nom
palle	nom
palliatif	nom
pallier	verbe
palmarès	nom
palme	nom
palmeraie	nom
palmier	nom
palombe	nom
palourde	nom
palpable	adjectif
palper	verbe
palpitant	adjectif
palpitation	nom
palpiter	verbe
palu	nom
paluche	nom
paludisme	nom
palétuvier	nom
pampa	nom
pamphlet	nom
pamplemousse	nom
pampre	nom
panache	nom
panaché	adjectif
panacée	nom
panade	nom
panama	nom
panard	nom
pancake	nom
pancarte	nom
pancréas	nom
panda	nom
pandore	nom
panier	nom
panique	nom
paniquer	verbe
paniqué	adjectif
panière	nom
panne	nom
panneau	nom
panonceau	nom
panoplie	nom
panorama	nom
panoramique	adjectif
panouille	nom
panse	nom
pansement	nom
panser	verbe
pansu	adjectif
pantalon	nom
pante	nom
pantelant	adjectif
panteler	verbe
panthère	nom
panthéon	nom
pantin	nom
pantois	adjectif
pantomime	nom
pantoufle	nom
panzer	nom
paon	nom
papa	nom
papal	adjectif
paparazzi	nom
papas	nom
papauté	nom
papaye	nom
pape	nom
papelard	nom
paperasse	nom
paperasserie	nom
papet	nom
papeterie	nom
papi	nom
papier	nom
papille	nom
papillon	nom
papillonner	verbe
papillote	nom
papilloter	verbe
papiste	adjectif
papotage	nom
papoter	verbe
papouille	nom
paprika	nom
papy	nom
papyrus	nom
paquebot	nom
paquet	nom
paquetage	nom
para	nom
parabellum	nom
parabole	nom
parachever	verbe
parachutage	nom
parachute	nom
parachuter	verbe
parachutiste	nom
paraclet	nom
parade	nom
parader	verbe
paradis	nom
paradisiaque	adjectif
parados	nom
paradoxal	adjectif
paradoxalement	adverbe
paradoxe	nom
paraffine	nom
parage	nom
paragraphe	nom
parallèle	adjectif
parallèlement	adverbe
paralysant	adjectif
paralyser	verbe
paralysie	nom
paralysé	adjectif
paralytique	adjectif
paramilitaire	adjectif
paramètre	nom
parangon	nom
parano	adjectif
paranormal	adjectif
paranoïa	nom
paranoïaque	adjectif
parapet	nom
paraphe	nom
parapher	verbe
parapluie	nom
parapsychologie	nom
parasitaire	adjectif
parasite	adjectif
parasitisme	nom
parasol	nom
paratonnerre	nom
paravent	nom
paraître	verbe
parc	nom
parce	adverbe
parcelle	nom
parchemin	nom
parcheminé	adjectif
parcimonie	nom
parcimonieux	adjectif
parcourir	verbe
parcours	nom
pardessus	nom
pardon	nom
pardonner	verbe
pareil	adjectif
pareillement	adverbe
parement	nom
parent	adjectif
parental	adjectif
parenthèse	nom
parenté	nom
parer	verbe
paresse	nom
paresser	verbe
paresseusement	adverbe
paresseux	adjectif
parfaire	verbe
parfait	adjectif
parfaitement	adverbe
parfois	adverbe
parfum	nom
parfumer	verbe
parfumerie	nom
parfumeur	nom
parfumé	adjectif
pari	nom
paria	nom
parier	verbe
parieur	nom
parigot	adjectif
parisien	adjectif
parjure	nom
parjurer	verbe
parking	nom
parlant	adjectif
parlement	nom
parlementaire	adjectif
parlementer	verbe
parler	nom
parleur	nom
parloir	nom
parlote	nom
parlé	adjectif
parme	adjectif
parmesan	nom
parodie	nom
parodier	verbe
parodique	adjectif
paroi	nom
paroisse	nom
paroissial	adjectif
paroissien	nom
parole	nom
paros	nom
paroxysme	nom
parpaing	nom
parquer	verbe
parquet	nom
parrain	nom
parrainer	verbe
parricide	nom
parsemer	verbe
part	nom
partage	nom
partager	verbe
partagé	adjectif
partance	nom
partant	adjectif
partenaire	nom
partenariat	nom
parterre	nom
parthe	adjectif
parti	adjectif
partial	adjectif
partialité	nom
participant	nom
participation	nom
participe	nom
participer	verbe
particularité	nom
particule	nom
particulier	adjectif
partie	nom
partiel	adjectif
partiellement	adverbe
partir	verbe
partisan	adjectif
partition	nom
partout	adverbe
partouze	nom
party	nom
parure	nom
parution	nom
parvenir	verbe
parvenu	adjectif
parvis	nom
paré	adjectif
pascal	adjectif
paseo	nom
passable	adjectif
passablement	adverbe
passade	nom
passage	nom
passager	adjectif
passagèrement	adverbe
passant	adjectif
passe	nom
passementerie	nom
passeport	nom
passer	verbe
passereau	nom
passerelle	nom
passeur	nom
passible	adjectif
passif	adjectif
passion	nom
passionnant	adjectif
passionnel	adjectif
passionner	verbe
passionné	adjectif
passionnément	adverbe
passivement	adverbe
passivité	nom
passoire	nom
passé	adjectif
past	nom
pastaga	nom
pastel	adjectif
pasteur	nom
pastiche	nom
pastille	nom
pastis	nom
pastoral	adjectif
pastèque	nom
patachon	nom
patate	nom
pataud	adjectif
pataugas	nom
patauger	verbe
patch	nom
patchwork	nom
patelin	adjectif
patent	adjectif
patenté	adjectif
pater	nom
paternalisme	nom
paternel	adjectif
paternellement	adverbe
paternité	nom
pathogène	adjectif
pathologie	nom
pathologique	adjectif
pathos	nom
pathétique	adjectif
patibulaire	adjectif
patiemment	adverbe
patience	nom
patient	adjectif
patienter	verbe
patin	nom
patinage	nom
patine	nom
patiner	verbe
patineur	nom
patinoire	nom
patio	nom
patois	nom
patraque	adjectif
patriarcal	adjectif
patriarche	nom
patricien	adjectif
patrie	nom
patrimoine	nom
patriote	adjectif
patriotique	adjectif
patriotisme	nom
patron	nom
patronage	nom
patronal	adjectif
patronat	nom
patronnesse	adjectif
patronyme	nom
patrouille	nom
patrouiller	verbe
patrouilleur	nom
patte	nom
paturon	nom
patère	nom
paume	nom
paumer	verbe
paumé	adjectif
paupière	nom
pause	nom
pauvre	adjectif
pauvrement	adverbe
pauvresse	nom
pauvrette	nom
pauvreté	nom
pavage	nom
pavaner	verbe
pavement	nom
paver	verbe
pavillon	nom
pavois	nom
pavoiser	verbe
pavot	nom
pavé	adjectif
payable	adjectif
payant	adjectif
paye	nom
payer	verbe
pays	nom
paysage	nom
paysagiste	nom
paysan	adjectif
paysannerie	nom
payé	adjectif
paître	verbe
païen	adjectif
peau	nom
peaufiner	verbe
peccadille	nom
pectoral	adjectif
pedigree	nom
pedzouille	nom
peigne	nom
peigner	verbe
peignoir	nom
peigné	adjectif
peignée	nom
peinard	adjectif
peindre	verbe
peine	nom
peiner	verbe
peint	adjectif
peintre	nom
peinture	nom
peinturlurer	verbe
pelage	nom
peler	verbe
pelisse	nom
pelle	nom
pelleter	verbe
pelletée	nom
pellicule	nom
pelotage	nom
pelote	nom
peloter	verbe
peloton	nom
pelotonner	verbe
pelouse	nom
peluche	nom
pelucheux	adjectif
pelure	nom
pelvien	adjectif
pelé	adjectif
penalty	nom
penaud	adjectif
penchant	adjectif
pencher	verbe
penché	adjectif
pendable	adjectif
pendaison	nom
pendant	adjectif
pendeloque	nom
pendentif	nom
penderie	nom
pendouiller	verbe
pendre	verbe
pendu	adjectif
pendule	nom
pendulette	nom
penne	nom
penny	adjectif
pensable	adjectif
pensant	adjectif
penser	verbe
penseur	nom
pensif	adjectif
pension	nom
pensionnaire	nom
pensionnat	nom
pensivement	adverbe
pensum	nom
pensée	nom
pentacle	nom
pentagramme	nom
pente	nom
pentecôte	nom
penthouse	nom
pentu	adjectif
people	adjectif
percale	nom
percepteur	nom
perceptible	adjectif
perception	nom
percer	verbe
perceur	nom
percevoir	verbe
perche	nom
percher	verbe
percheron	adjectif
perchoir	nom
perclus	adjectif
percolateur	nom
percussion	nom
percutant	adjectif
percuter	verbe
percée	nom
perdant	adjectif
perdition	nom
perdre	verbe
perdreau	nom
perdrix	nom
perdu	adjectif
perdurer	verbe
perfection	nom
perfectionnement	nom
perfectionner	verbe
perfectionniste	adjectif
perfide	adjectif
perfidement	adverbe
perfidie	nom
perforation	nom
perforer	verbe
performance	nom
performant	adjectif
perforé	adjectif
perfusion	nom
pergola	nom
perle	nom
perler	verbe
perlouse	nom
perlé	adjectif
perm	nom
permanence	nom
permanent	adjectif
permanente	nom
perme	nom
permettre	verbe
permis	adjectif
permission	nom
permissionnaire	nom
permutation	nom
perméable	adjectif
pernicieux	adjectif
pernod	nom
perpendiculaire	adjectif
perplexe	adjectif
perplexité	nom
perpète	adverbe
perpétrer	verbe
perpétuation	nom
perpétuel	adjectif
perpétuellement	adverbe
perpétuer	verbe
perpétuité	nom
perquise	nom
perquisition	nom
perquisitionner	verbe
perron	nom
perroquet	nom
perruche	nom
perruque	nom
persan	adjectif
perse	adjectif
persienne	nom
persifler	verbe
persil	nom
persistance	nom
persistant	adjectif
persister	verbe
perso	adjectif
personnage	nom
personnalisé	adjectif
personnalité	nom
personne	nom
personnel	adjectif
personnellement	adverbe
personnifier	verbe
personnifié	adjectif
perspective	nom
perspicace	adjectif
perspicacité	nom
persuader	verbe
persuadé	adjectif
persuasif	adjectif
persuasion	nom
persécuter	verbe
persécuteur	nom
persécution	nom
persécuté	adjectif
persévérance	nom
persévérer	verbe
perte	nom
pertinemment	adverbe
pertinence	nom
pertinent	adjectif
perturbant	adjectif
perturbateur	adjectif
perturbation	nom
perturber	verbe
perturbé	adjectif
pervenche	adjectif
pervers	adjectif
perversion	nom
perversité	nom
perverti	adjectif
pervertir	verbe
perçant	adjectif
perçu	adjectif
pesage	nom
pesamment	adverbe
pesant	adjectif
pesanteur	nom
peser	verbe
peseta	nom
peso	nom
pessimisme	nom
pessimiste	adjectif
peste	nom
pester	verbe
pesticide	nom
pestiféré	nom
pestilence	nom
pestilentiel	adjectif
pesée	nom
petiot	adjectif
petit	adjectif
petitement	adverbe
petitesse	nom
peuplade	nom
peuple	nom
peuplement	nom
peupler	verbe
peuplier	nom
peuplé	adjectif
peur	nom
peureusement	adverbe
peureux	adjectif
pfennig	nom
phacochère	nom
phalange	nom
phallique	adjectif
phallus	nom
phalène	nom
phantasme	nom
pharaon	nom
pharaonique	adjectif
phare	nom
pharisien	nom
pharmaceutique	adjectif
pharmacie	nom
pharmacien	nom
phase	nom
philanthrope	nom
philanthropique	adjectif
philharmonique	adjectif
philippin	adjectif
philo	nom
philodendron	nom
philologie	nom
philologue	nom
philosophal	adjectif
philosophe	adjectif
philosopher	verbe
philosophie	nom
philosophique	adjectif
philtre	nom
phobie	nom
phone	nom
phono	nom
phonographe	nom
phoque	nom
phosphate	nom
phosphore	nom
phosphorescence	nom
phosphorescent	adjectif
phot	nom
photo	nom
photocopie	nom
photocopier	verbe
photocopieur	nom
photographe	nom
photographie	nom
photographier	verbe
photographique	adjectif
photogénique	adjectif
photomaton	adjectif
phrase	nom
phraser	verbe
phrygien	adjectif
phtisie	nom
phtisique	adjectif
physicien	nom
physio	adverbe
physiologie	nom
physiologique	adjectif
physionomie	nom
physique	adjectif
physiquement	adverbe
phénicien	adjectif
phénix	nom
phénomène	nom
phénoménal	adjectif
phéromone	nom
piaf	nom
piaffant	adjectif
piaffer	verbe
piaillant	adjectif
piaillement	nom
piailler	verbe
pianiste	nom
piano	adverbe
pianoter	verbe
piastre	nom
piaule	nom
piaulement	nom
piauler	verbe
piazza	nom
picard	adjectif
picaresque	adjectif
pichenette	nom
pichet	nom
pickpocket	nom
picoler	verbe
picorer	verbe
picot	nom
picotement	nom
picoter	verbe
picotin	nom
picrate	nom
pictural	adjectif
pied	nom
piercing	nom
pierraille	nom
pierre	nom
pierreux	adjectif
pierrot	nom
pietà	nom
pieu	nom
pieusement	adverbe
pieuter	verbe
pieuvre	nom
pieux	adjectif
piffer	verbe
pifomètre	nom
pige	nom
pigeon	nom
pigeonnier	nom
piger	verbe
pigiste	nom
pigment	nom
pigmentation	nom
pignon	nom
pignouf	nom
pilastre	nom
pile	nom
piler	verbe
pileux	adjectif
pilier	nom
pillage	nom
pillard	nom
piller	verbe
pilleur	nom
pilon	nom
pilonnage	nom
pilonner	verbe
pilori	nom
pilot	nom
pilotage	nom
pilote	adjectif
piloter	verbe
pilotis	nom
pilou	nom
pilule	nom
piment	nom
pimenter	verbe
pimpant	adjectif
pinacle	nom
pinailler	verbe
pinard	nom
pinasse	nom
pince	nom
pinceau	nom
pincement	nom
pincer	verbe
pincette	nom
pincé	adjectif
pincée	nom
pine	nom
piner	verbe
pingouin	nom
pingre	adjectif
pink	nom
pinson	nom
pintade	nom
pinte	nom
pinter	verbe
pinède	nom
pioche	nom
piocher	verbe
pion	nom
pioncer	verbe
pionnier	nom
pipe	nom
pipeau	nom
pipelette	nom
pipeline	nom
piper	verbe
pipette	nom
pipi	nom
piquant	adjectif
pique	nom
piquer	verbe
piquet	nom
piqueter	verbe
piquette	nom
piqueur	adjectif
piquouse	nom
piqué	adjectif
piqûre	nom
piranha	nom
piratage	nom
pirate	adjectif
pirater	verbe
piraterie	nom
pire	adjectif
pirogue	nom
pirouette	nom
pirouetter	verbe
piscine	nom
pisse	nom
pissenlit	nom
pisser	verbe
pisseur	nom
pisseux	adjectif
pissotière	nom
pissou	nom
pistache	adjectif
piste	nom
pister	verbe
pisteur	nom
pistil	nom
pistole	nom
pistolet	nom
piston	nom
pistonner	verbe
pita	nom
pitaine	nom
pitance	nom
pitbull	nom
piteusement	adverbe
piteux	adjectif
pitié	nom
piton	nom
pitoyable	adjectif
pitre	nom
pitrerie	nom
pittoresque	adjectif
pivert	nom
pivoine	nom
pivot	nom
pivotant	adjectif
pivoter	verbe
pizza	nom
pizzeria	nom
pièce	nom
piège	nom
piètre	adjectif
piécette	nom
piédestal	nom
piéger	verbe
piémontais	nom
piétaille	nom
piéter	verbe
piétinement	nom
piétiner	verbe
piéton	adjectif
piété	nom
placard	nom
placarder	verbe
place	nom
placebo	nom
placement	nom
placenta	nom
placer	nom
placette	nom
placide	adjectif
placidement	adverbe
placidité	nom
placé	adjectif
plafond	nom
plafonnier	nom
plage	nom
plaid	nom
plaider	verbe
plaidoirie	nom
plaidoyer	nom
plaie	nom
plaignant	nom
plain	adjectif
plaindre	verbe
plaine	adjectif
plainte	nom
plaintif	adjectif
plaintivement	adverbe
plaire	verbe
plaisamment	adverbe
plaisance	nom
plaisant	adjectif
plaisanter	verbe
plaisanterie	nom
plaisantin	nom
plaisir	nom
plan	adjectif
planant	adjectif
planche	nom
plancher	nom
planchette	nom
plancton	nom
planer	verbe
planeur	nom
planifier	verbe
planisphère	nom
planning	nom
planque	nom
planquer	verbe
planqué	adjectif
plant	nom
plantation	nom
plante	nom
planter	verbe
planteur	nom
plantier	nom
planton	nom
plantureux	adjectif
planté	adjectif
planète	nom
planétaire	adjectif
plaque	nom
plaquer	verbe
plaquette	nom
plaqué	adjectif
plasma	nom
plastic	nom
plastifier	verbe
plastique	adjectif
plastron	nom
plastronner	verbe
plat	adjectif
platane	nom
plate	nom
plateau	nom
plateforme	nom
platement	adverbe
platine	nom
platiné	adjectif
platitude	nom
platonique	adjectif
platée	nom
plausible	adjectif
plaza	nom
please	adverbe
plein	adjectif
pleinement	adverbe
pleur	nom
pleurant	adjectif
pleurard	adjectif
pleurer	verbe
pleureur	adjectif
pleurnichard	adjectif
pleurnicher	verbe
pleurnicherie	nom
pleurésie	nom
pleutre	nom
pleuvoir	verbe
plexus	nom
pliage	nom
pliant	adjectif
plier	verbe
plinthe	nom
plissement	nom
plisser	verbe
plissé	adjectif
pliure	nom
plié	nom
plomb	nom
plombage	nom
plombe	nom
plomber	verbe
plomberie	nom
plombier	nom
plombé	adjectif
plonge	nom
plongeant	adjectif
plongeoir	nom
plongeon	nom
plonger	verbe
plongeur	nom
plongée	nom
plot	nom
plouc	adjectif
plouk	nom
ployer	verbe
plucher	verbe
pluie	nom
plumage	nom
plumard	nom
plume	nom
plumeau	nom
plumer	verbe
plumet	nom
plumeux	adjectif
plumier	nom
plumitif	nom
pluriel	nom
plus	adverbe
plutonium	nom
plutôt	adverbe
pluvieux	adjectif
plâtras	nom
plâtre	nom
plâtrer	verbe
plâtreux	adjectif
plâtrier	nom
plèbe	nom
plébiscite	nom
plébéien	adjectif
pléiade	nom
plénier	adjectif
plénitude	nom
pneu	nom
pneumatique	adjectif
pneumonie	nom
pochard	nom
poche	nom
pocher	verbe
pochette	nom
pochoir	nom
poché	adjectif
podium	nom
pogne	nom
pognon	nom
pogrom	nom
poids	nom
poignant	adjectif
poignard	nom
poignarder	verbe
poigne	nom
poigner	verbe
poignet	nom
poignée	nom
poil	nom
poiler	verbe
poilu	adjectif
poindre	verbe
poing	nom
point	adverbe
pointe	nom
pointer	verbe
pointeur	nom
pointilleux	adjectif
pointillé	nom
pointu	adjectif
pointure	nom
pointé	adjectif
poinçon	nom
poinçonner	verbe
poire	nom
poireau	nom
poireauter	verbe
poirier	nom
pois	nom
poiscaille	nom
poison	nom
poisse	nom
poisser	verbe
poisseux	adjectif
poisson	nom
poissonnier	nom
poissonnière	nom
poitrail	nom
poitrinaire	adjectif
poitrine	nom
poivrade	nom
poivre	nom
poivrer	verbe
poivrier	nom
poivron	nom
poivrot	nom
poivré	adjectif
poix	nom
poker	nom
polack	nom
polaire	adjectif
polar	nom
polarité	nom
polaroïd	nom
polenta	nom
poli	adjectif
police	nom
policer	verbe
polichinelle	nom
policier	adjectif
policé	adjectif
poliment	adverbe
polio	nom
polir	verbe
polisson	adjectif
politesse	nom
politicien	adjectif
politique	adjectif
politiquement	adverbe
polka	nom
pollen	nom
polluer	verbe
pollution	nom
polo	nom
polochon	nom
polonais	adjectif
poltron	nom
poltronnerie	nom
polychrome	adjectif
polycopier	verbe
polyglotte	adjectif
polygone	nom
polype	nom
polytechnicien	nom
polytechnique	adjectif
polémique	nom
pommade	nom
pommader	verbe
pommadé	adjectif
pomme	nom
pommeau	nom
pommelé	adjectif
pommer	verbe
pommette	nom
pommier	nom
pompe	nom
pomper	verbe
pompette	adjectif
pompeusement	adverbe
pompeux	adjectif
pompier	adjectif
pompiste	nom
pompon	nom
pomponner	verbe
pompéien	adjectif
poncer	verbe
poncho	nom
poncif	nom
ponction	nom
ponctualité	nom
ponctuation	nom
ponctuel	adjectif
ponctuellement	adverbe
ponctuer	verbe
pondre	verbe
pondéré	adjectif
poney	nom
pongo	nom
pont	nom
pontage	nom
ponte	nom
ponter	verbe
pontife	nom
pontifical	adjectif
pontifier	verbe
ponton	nom
pontonnier	nom
pool	nom
pope	nom
popeline	nom
popote	adjectif
popotin	nom
populace	nom
populacier	adjectif
populaire	adjectif
popularité	nom
population	nom
populeux	adjectif
populo	nom
porc	nom
porcelaine	nom
porcelet	nom
porche	nom
porcher	nom
porcherie	nom
porcin	adjectif
pore	nom
poreux	adjectif
porno	adjectif
pornographie	nom
pornographique	adjectif
porphyre	nom
porridge	nom
port	nom
portable	adjectif
portage	nom
portail	nom
portant	adjectif
portatif	adjectif
porte	nom
portefaix	nom
portefeuille	nom
portemanteau	nom
porter	nom
porteur	adjectif
portfolio	nom
portier	nom
portillon	nom
portion	nom
portique	nom
porto	nom
portoricain	adjectif
portraire	verbe
portrait	nom
portraiturer	verbe
portuaire	adjectif
portugais	adjectif
portulan	nom
portée	adjectif
posada	nom
pose	nom
poser	verbe
poseur	nom
positif	adjectif
position	nom
positionner	verbe
positivement	adverbe
possesseur	nom
possessif	adjectif
possession	nom
possibilité	nom
possible	adjectif
possédant	nom
posséder	verbe
possédé	adjectif
post	adverbe
postal	adjectif
poste	nom
poster	adjectif
posthume	adjectif
postiche	adjectif
postier	nom
postillon	nom
postillonner	verbe
postulant	nom
postulat	nom
postuler	verbe
posture	nom
posté	adjectif
postérieur	adjectif
postérité	nom
posé	adjectif
posément	adverbe
potable	adjectif
potache	nom
potage	nom
potager	adjectif
potard	nom
potasser	verbe
potassium	nom
pote	nom
poteau	nom
potelé	adjectif
potence	nom
potentiel	adjectif
potentiellement	adverbe
poterie	nom
poterne	nom
potiche	nom
potier	nom
potin	nom
potion	nom
potiron	nom
potée	nom
poubelle	nom
pouce	nom
poucet	nom
poucette	nom
poudre	nom
poudrer	verbe
poudreux	adjectif
poudrier	nom
poudrière	nom
poudroiement	nom
poudré	adjectif
pouf	nom
pouffer	verbe
pouffiasse	nom
poufiasse	nom
pouillerie	nom
pouilleux	adjectif
poulaga	nom
poulailler	nom
poulain	nom
poulbot	nom
poule	nom
poulet	nom
poulette	nom
pouliche	nom
poulie	nom
poulpe	nom
pouls	nom
poumon	nom
poupard	nom
poupe	nom
poupin	adjectif
poupon	nom
pouponner	verbe
poupoule	nom
poupée	nom
pour	nom
pourboire	nom
pourceau	nom
pourcentage	nom
pourchasser	verbe
pourfendre	verbe
pourim	nom
pourliche	nom
pourlécher	verbe
pourpoint	nom
pourpre	adjectif
pourquoi	adverbe
pourri	adjectif
pourrir	verbe
pourrissant	adjectif
pourrissement	nom
pourriture	nom
poursuite	nom
poursuivant	nom
poursuivre	verbe
pourtant	adverbe
pourtour	nom
pourvoir	verbe
pourvoyeur	nom
pousse	nom
pousser	verbe
poussette	nom
poussier	nom
poussif	adjectif
poussin	nom
poussière	nom
poussiéreux	adjectif
poussé	adjectif
poussée	nom
poutre	nom
poutrelle	nom
pouvoir	nom
poème	nom
poète	nom
poésie	nom
poétique	adjectif
poêle	nom
pradelle	nom
pragmatique	adjectif
prairie	nom
praline	nom
praticable	adjectif
praticien	nom
pratiquant	adjectif
pratique	adjectif
pratiquement	adverbe
pratiquer	verbe
premier	adjectif
premièrement	adverbe
prenant	adjectif
prendre	verbe
preneur	nom
presbyte	nom
presbytère	nom
prescience	nom
prescription	nom
prescrire	verbe
presque	adverbe
pressant	adjectif
presse	nom
pressenti	adjectif
pressentiment	nom
pressentir	verbe
presser	verbe
pressing	nom
pression	nom
pressoir	nom
pressurer	verbe
pressurisé	adjectif
pressé	adjectif
prestance	nom
prestation	nom
preste	adjectif
prestement	adverbe
prestesse	nom
prestidigitateur	nom
prestige	nom
prestigieux	adjectif
presto	adverbe
preuve	nom
preux	adjectif
priapique	adjectif
prier	verbe
prieur	adjectif
prieuré	nom
primaire	adjectif
primate	nom
primauté	nom
prime	adjectif
primer	verbe
primesautier	adjectif
primeur	nom
primevère	nom
primitif	adjectif
primitivement	adverbe
primo	adverbe
primordial	adjectif
prince	nom
princier	adjectif
principal	adjectif
principalement	adverbe
principauté	nom
principe	nom
printanier	adjectif
printemps	nom
prion	nom
prioritaire	adjectif
priorité	nom
pris	adjectif
prise	nom
priser	verbe
prisme	nom
prison	nom
prisonnier	adjectif
prisunic	nom
privation	nom
privauté	nom
priver	verbe
privilège	nom
privilégier	verbe
privilégié	adjectif
privé	adjectif
prix	nom
prière	nom
probabilité	nom
probable	adjectif
probablement	adverbe
probant	adjectif
probation	nom
probité	nom
probloc	nom
probloque	nom
problème	nom
problématique	adjectif
proc	nom
processeur	nom
procession	nom
processus	nom
prochain	adjectif
prochainement	adverbe
proche	adjectif
proclamation	nom
proclamer	verbe
proconsul	nom
procréation	nom
procréer	verbe
procurateur	nom
procuration	nom
procurer	verbe
procureur	nom
procès	nom
procéder	verbe
procédure	nom
procédé	nom
prodigalité	nom
prodige	nom
prodigieusement	adverbe
prodigieux	adjectif
prodigue	adjectif
prodiguer	verbe
producteur	adjectif
productif	adjectif
production	nom
productivité	nom
produire	verbe
produit	adjectif
prof	nom
profanation	nom
profane	adjectif
profaner	verbe
professer	verbe
professeur	nom
profession	nom
professionnel	adjectif
profil	nom
profiler	verbe
profit	nom
profitable	adjectif
profiter	verbe
profiteur	nom
profond	adjectif
profondeur	nom
profondément	adverbe
profusion	nom
proférer	verbe
programmation	nom
programme	nom
programmer	verbe
programmeur	nom
programmé	adjectif
progresser	verbe
progressif	adjectif
progression	nom
progressiste	adjectif
progressivement	adverbe
progrès	nom
progéniture	nom
prohibition	nom
prohibé	adjectif
proie	nom
projecteur	nom
projectile	nom
projection	nom
projectionniste	nom
projet	nom
projeter	verbe
projo	nom
prolifique	adjectif
proliférant	adjectif
prolifération	nom
proliférer	verbe
prolixe	adjectif
prolo	nom
prologue	nom
prolongation	nom
prolonge	nom
prolongement	nom
prolonger	verbe
prolongé	adjectif
prolétaire	adjectif
prolétariat	nom
prolétarien	adjectif
promenade	nom
promener	verbe
promeneur	nom
promenoir	nom
promesse	nom
prometteur	adjectif
promettre	verbe
promis	adjectif
promiscuité	nom
promo	nom
promontoire	nom
promoteur	nom
promotion	nom
promouvoir	verbe
prompt	adjectif
promptement	adverbe
promptitude	nom
promu	adjectif
promulguer	verbe
pronom	nom
prononcer	verbe
prononciation	nom
prononcé	adjectif
pronostic	nom
propagande	nom
propagandiste	nom
propagation	nom
propager	verbe
propension	nom
prophète	nom
prophétie	nom
prophétique	adjectif
prophétiser	verbe
propice	adjectif
propitiatoire	adjectif
proportion	nom
proportionnel	adjectif
proportionner	verbe
proportionné	adjectif
propos	nom
proposer	verbe
proposition	nom
proposé	adjectif
propre	adjectif
proprement	adverbe
propret	adjectif
propreté	nom
proprio	nom
propriétaire	nom
propriété	nom
propulser	verbe
propulseur	nom
propulsion	nom
prosaïque	adjectif
proscrire	verbe
proscrit	adjectif
prose	nom
prospecter	verbe
prospecteur	nom
prospection	nom
prospectus	nom
prospère	adjectif
prospérer	verbe
prospérité	nom
prostate	nom
prosterner	verbe
prostituer	verbe
prostitution	nom
prostitué	nom
prostration	nom
prostré	adjectif
protagoniste	nom
prote	nom
protecteur	adjectif
protection	nom
protectorat	nom
protestant	adjectif
protestantisme	nom
protestation	nom
protester	verbe
proteus	nom
prothèse	nom
protocolaire	adjectif
protocole	nom
proton	nom
prototype	nom
protubérance	nom
protéger	verbe
protégé	adjectif
protéine	nom
proue	nom
prouesse	nom
prouver	verbe
prouvé	adjectif
provenance	nom
provende	nom
provenir	verbe
provençal	adjectif
proverbe	nom
proverbial	adjectif
providence	nom
providentiel	adjectif
province	nom
provincial	adjectif
proviseur	nom
provision	nom
provisoire	adjectif
provisoirement	adverbe
provocant	adjectif
provocateur	adjectif
provocation	nom
provoquer	verbe
provoqué	adjectif
proximité	nom
proxénète	nom
proéminent	adjectif
prude	adjectif
prudemment	adverbe
prudence	nom
prudent	adjectif
pruderie	nom
prune	adjectif
pruneau	nom
prunelle	nom
prunier	nom
prurit	nom
prussien	adjectif
près	adverbe
pré	nom
préalable	adjectif
préalablement	adverbe
préambule	nom
préau	nom
préavis	nom
précaire	adjectif
précarité	nom
précaution	nom
précautionneux	adjectif
précepte	nom
précepteur	nom
précieusement	adverbe
précieux	adjectif
préciosité	nom
précipice	nom
précipitamment	adverbe
précipitation	nom
précipiter	verbe
précipité	adjectif
précis	adjectif
préciser	verbe
précision	nom
précisément	adverbe
précoce	adjectif
précocement	adverbe
précocité	nom
préconiser	verbe
préconçu	adjectif
précurseur	adjectif
précédemment	adverbe
précédent	adjectif
précéder	verbe
prédateur	adjectif
prédestination	nom
prédestiné	adjectif
prédicant	nom
prédicateur	nom
prédication	nom
prédiction	nom
prédilection	nom
prédire	verbe
prédécesseur	nom
prédéterminer	verbe
préfabriqué	adjectif
préface	nom
préfecture	nom
préfet	nom
préfiguration	nom
préfigurer	verbe
préférable	adjectif
préférence	nom
préférer	verbe
préféré	adjectif
préhenseur	adjectif
préhistoire	nom
préhistorique	adjectif
préjudice	nom
préjudiciable	adjectif
préjuger	verbe
préjugé	nom
prélasser	verbe
prélat	nom
prélever	verbe
préliminaire	adjectif
prélude	nom
préluder	verbe
prélèvement	nom
prématuré	adjectif
prématurément	adverbe
prémisse	nom
prémonition	nom
prémonitoire	adjectif
prémunir	verbe
préméditation	nom
préméditer	verbe
prémédité	adjectif
prénatal	adjectif
prénom	nom
prénommer	verbe
préoccupant	adjectif
préoccupation	nom
préoccuper	verbe
préoccupé	adjectif
prépa	nom
préparateur	nom
préparatif	nom
préparation	nom
préparatoire	adjectif
préparer	verbe
prépondérance	nom
prépondérant	adjectif
préposé	adjectif
prépuce	nom
prérogative	nom
présage	nom
présager	verbe
présence	nom
présent	adjectif
présentable	adjectif
présentateur	nom
présentation	nom
présente	nom
présentement	adverbe
présenter	verbe
présentoir	nom
préservatif	nom
préservation	nom
préserver	verbe
présidence	nom
président	nom
présidentiel	adjectif
présider	verbe
présomption	nom
présomptueux	adjectif
présumer	verbe
présumé	adjectif
préséance	nom
prétendant	nom
prétendre	verbe
prétendu	adjectif
prétendument	adverbe
prétentieux	adjectif
prétention	nom
prétexte	nom
prétexter	verbe
prétoire	nom
prévaloir	verbe
prévenance	nom
prévenant	adjectif
prévenir	verbe
préventif	adjectif
prévention	nom
prévenu	adjectif
prévisible	adjectif
prévision	nom
prévoir	verbe
prévoyance	nom
prévoyant	adjectif
prévôt	nom
prêche	nom
prêcher	verbe
prêcheur	nom
prêt	adjectif
prêter	verbe
prêteur	nom
prêtre	nom
prêté	adjectif
prône	nom
prôner	verbe
psalmodie	nom
psalmodier	verbe
psaume	nom
pseudo	nom
pseudonyme	nom
psychanalyse	nom
psychanalyser	verbe
psychanalyste	nom
psychanalytique	adjectif
psychiatre	nom
psychiatrie	nom
psychiatrique	adjectif
psychique	adjectif
psychisme	nom
psycho	adverbe
psychogène	adjectif
psychologie	nom
psychologique	adjectif
psychologue	nom
psychopathe	nom
psychose	nom
psychosomatique	adjectif
psychothérapie	nom
psychotique	adjectif
psyché	nom
psychédélique	adjectif
puant	adjectif
puanteur	nom
puberté	nom
pubien	adjectif
pubis	nom
public	adjectif
publication	nom
publiciste	nom
publicitaire	adjectif
publicité	nom
publier	verbe
publiquement	adverbe
puce	adjectif
puceau	adjectif
pucelage	nom
pudding	nom
pudeur	nom
pudique	adjectif
pudiquement	adverbe
pueblo	adjectif
puer	verbe
puff	nom
puffin	nom
pugilat	nom
puis	adverbe
puiser	verbe
puissamment	adverbe
puissance	nom
puissant	adjectif
puits	nom
pull	nom
pullman	nom
pullulement	nom
pulluler	verbe
pulmonaire	adjectif
pulpe	nom
pulpeux	adjectif
pulque	nom
pulsation	nom
pulser	verbe
pulsion	nom
pulvériser	verbe
puma	nom
punaise	nom
punch	nom
puni	adjectif
punir	verbe
punitif	adjectif
punition	nom
punk	nom
pupille	nom
pupitre	nom
purement	adverbe
pureté	nom
purgatoire	nom
purge	nom
purger	verbe
purificateur	adjectif
purification	nom
purifier	verbe
purin	nom
puritain	adjectif
puritanisme	nom
purpurin	adjectif
purulent	adjectif
purée	nom
pusillanime	adjectif
pustule	nom
putain	nom
putatif	adjectif
pute	nom
putois	nom
putride	adjectif
putréfaction	nom
putréfier	verbe
putsch	nom
puzzle	nom
puéril	adjectif
puérilité	nom
pygmée	nom
pyjama	nom
pylône	nom
pyramidal	adjectif
pyramide	nom
pyromane	nom
pythie	nom
python	nom
pâle	adjectif
pâlement	adverbe
pâleur	nom
pâlichon	adjectif
pâlir	verbe
pâlissant	adjectif
pâlot	adjectif
pâmer	verbe
pâmoison	nom
pâque	nom
pâquerette	nom
pâques	nom
pâte	nom
pâteux	adjectif
pâtir	verbe
pâtis	nom
pâtisserie	nom
pâtissier	nom
pâtre	nom
pâturage	nom
pâture	nom
pâturer	verbe
pâté	nom
pâtée	nom
pègre	nom
pèlerin	nom
pèlerinage	nom
père	nom
pèze	nom
péage	nom
pébroque	nom
pécari	nom
pécher	verbe
pécheur	adjectif
péché	nom
pécore	nom
pécule	nom
pédagogie	nom
pédagogique	adjectif
pédagogue	nom
pédale	nom
pédaler	verbe
pédalier	nom
pédant	adjectif
pédantisme	nom
pédestre	adjectif
pédiatre	nom
pédiatrie	nom
pédicure	nom
pédophile	nom
pédophilie	nom
pédoque	nom
pédé	nom
pédéraste	nom
pédérastie	nom
péjoratif	adjectif
pékin	nom
pékinois	nom
pélican	nom
pénal	adjectif
pénalité	nom
pénard	adjectif
pénible	adjectif
péniblement	adverbe
péniche	nom
pénicilline	nom
péninsule	nom
pénis	nom
pénitence	nom
pénitencier	nom
pénitent	nom
pénitentiaire	adjectif
pénombre	nom
pénurie	nom
pénétrant	adjectif
pénétration	nom
pénétrer	verbe
pénétré	adjectif
pépiement	nom
pépier	verbe
pépin	nom
pépinière	nom
pépite	nom
péplum	nom
pépère	adjectif
pépé	nom
pépée	nom
péquenaud	nom
péquenot	nom
péremptoire	adjectif
péremptoirement	adverbe
pérennité	nom
péricliter	verbe
péril	nom
périlleux	adjectif
périmer	verbe
périmètre	nom
périmé	adjectif
période	nom
périodique	adjectif
périodiquement	adverbe
périphérie	nom
périphérique	adjectif
périple	nom
péripétie	nom
périr	verbe
périscope	nom
périssable	adjectif
péristyle	nom
péroraison	nom
pérorer	verbe
péruvien	adjectif
pérégrination	nom
pétainiste	adjectif
pétale	nom
pétanque	nom
pétant	adjectif
pétaradant	adjectif
pétarade	nom
pétarader	verbe
pétard	nom
pétasse	nom
péter	verbe
péteuse	nom
péteux	nom
pétillant	adjectif
pétillement	nom
pétiller	verbe
pétition	nom
pétoche	nom
pétoire	nom
pétrifier	verbe
pétrifié	adjectif
pétrin	nom
pétrir	verbe
pétrole	nom
pétrolier	adjectif
pétulant	adjectif
pétunia	nom
pété	adjectif
pêche	adjectif
pêcher	nom
pêcherie	nom
pêcheur	nom
pêché	adjectif
pêne	nom
pôle	nom
quadragénaire	nom
quadrant	nom
quadrature	nom
quadrilatère	nom
quadrillage	nom
quadrille	nom
quadriller	verbe
quadruple	adjectif
quadrupler	verbe
quadrupède	nom
quai	nom
quaker	nom
qualificatif	nom
qualification	nom
qualifier	verbe
qualifié	adjectif
qualité	nom
quand	adverbe
quant	nom
quantique	adjectif
quantité	nom
quarantaine	nom
quarante	nom
quart	nom
quarteron	nom
quartier	nom
quartz	nom
quasi	adverbe
quasiment	adverbe
quatorzième	adjectif
quatrain	nom
quatrième	adjectif
quatuor	nom
quelconque	adjectif
quelque	adverbe
quelquefois	adverbe
quenelle	nom
quenotte	nom
quenouille	nom
querelle	nom
quereller	verbe
question	nom
questionnaire	nom
questionner	verbe
questionneur	nom
quetsche	nom
queue	nom
quiche	nom
quidam	nom
quiet	adjectif
quignon	nom
quille	nom
quimper	verbe
quincaillerie	nom
quincaillier	nom
quinconce	nom
quinine	nom
quinquagénaire	adjectif
quinquet	nom
quinquina	nom
quintal	nom
quinte	nom
quintessence	nom
quintette	nom
quinzaine	nom
quinzième	adjectif
quiproquo	nom
quittance	nom
quitte	adjectif
quitter	verbe
quiz	nom
quiétude	nom
quoi	adjectif
quoique	adverbe
quolibet	nom
quorum	nom
quota	nom
quotidien	adjectif
quotidiennement	adverbe
quotient	nom
quémander	verbe
quémandeur	nom
quéquette	nom
quérir	verbe
quête	nom
quêter	verbe
quêteur	nom
rabais	nom
rabaisser	verbe
rabat	nom
rabatteur	nom
rabattre	verbe
rabattu	adjectif
rabbi	nom
rabbin	nom
rabelaisien	adjectif
rabibocher	verbe
rabiot	nom
rabot	nom
raboter	verbe
raboteux	adjectif
rabougri	adjectif
rabougrir	verbe
rabrouer	verbe
rabâcher	verbe
racaille	nom
raccommodage	nom
raccommoder	verbe
raccompagner	verbe
raccord	nom
raccorder	verbe
raccourci	adjectif
raccourcir	verbe
raccrocher	verbe
race	nom
rachat	nom
racheter	verbe
rachitique	adjectif
racial	adjectif
racine	nom
racisme	nom
raciste	adjectif
racket	nom
raclement	nom
racler	verbe
raclette	nom
raclure	nom
raclée	nom
racolage	nom
racoler	verbe
racontar	nom
raconter	verbe
racornir	verbe
racé	adjectif
radar	nom
rade	nom
radeau	nom
rader	verbe
radiateur	nom
radiation	nom
radical	adjectif
radicalement	adverbe
radier	verbe
radieux	adjectif
radin	adjectif
radiner	verbe
radio	nom
radioactif	adjectif
radioactivité	nom
radiographie	nom
radiologie	nom
radiologue	nom
radiophonique	adjectif
radis	nom
radotage	nom
radoter	verbe
radoucir	verbe
rafale	nom
raffermir	verbe
raffinement	nom
raffiner	verbe
raffinerie	nom
raffiné	adjectif
raffoler	verbe
raffut	nom
rafiot	nom
rafistoler	verbe
rafle	nom
rafler	verbe
rafraîchir	verbe
rafraîchissant	adjectif
rafraîchissoir	nom
ragaillardir	verbe
rage	nom
rager	verbe
rageur	adjectif
rageusement	adverbe
raglan	nom
ragot	nom
ragoût	nom
ragoûtant	adjectif
raid	nom
raide	adjectif
raider	nom
raideur	nom
raidillon	nom
raidir	verbe
raidissement	nom
raie	nom
rail	nom
railler	verbe
raillerie	nom
railleur	adjectif
rain	nom
rainer	verbe
rainette	nom
rainure	nom
raire	verbe
raisin	nom
raisiné	nom
raison	nom
raisonnable	adjectif
raisonnablement	adverbe
raisonnement	nom
raisonner	verbe
raisonneur	adjectif
raisonné	adjectif
rajeunir	verbe
rajeunissement	nom
rajouter	verbe
rajuster	verbe
raki	nom
ralenti	nom
ralentir	verbe
ralentissement	nom
ralliement	nom
rallier	verbe
rallié	adjectif
rallonge	nom
rallonger	verbe
rallumer	verbe
rallye	nom
ramadan	nom
ramage	nom
ramassage	nom
ramasser	verbe
ramasseur	nom
ramassis	nom
ramassé	adjectif
rambarde	nom
rambiner	verbe
ramdam	nom
rame	nom
rameau	nom
ramener	verbe
ramer	verbe
rameur	nom
rameuter	verbe
ramier	nom
ramifiant	adjectif
ramification	nom
ramifier	verbe
ramifié	adjectif
ramille	nom
ramolli	adjectif
ramollir	verbe
ramoner	verbe
ramoneur	nom
rampant	adjectif
rampe	nom
ramper	verbe
ramure	nom
rancard	nom
rancarder	verbe
rancart	nom
rance	adjectif
ranch	nom
rancho	nom
rancir	verbe
rancoeur	nom
rancune	nom
rancunier	adjectif
randonnée	nom
rang	nom
rangement	nom
ranger	nom
rangé	adjectif
rangée	nom
rani	nom
ranimer	verbe
rançon	nom
rançonner	verbe
raout	nom
rapace	adjectif
rapacité	nom
rapatriement	nom
rapatrier	verbe
rapatrié	nom
rapetasser	verbe
rapetisser	verbe
raphia	nom
rapide	adjectif
rapidement	adverbe
rapidité	nom
rapidos	adverbe
rapin	nom
rapine	nom
rapière	nom
rapiécer	verbe
rappel	nom
rappeler	verbe
rappelé	adjectif
rappeur	nom
rappliquer	verbe
rapport	nom
rapporter	verbe
rapporteur	nom
rapporté	adjectif
rapprochement	nom
rapprocher	verbe
rapproché	adjectif
rapt	nom
raquer	verbe
raquette	nom
rare	adjectif
rarement	adverbe
rareté	nom
rarissime	adjectif
raréfier	verbe
rasade	nom
rasage	nom
rasant	adjectif
raser	verbe
raseur	nom
rasif	nom
rasoir	adjectif
rassasier	verbe
rassasié	adjectif
rassemblement	nom
rassembler	verbe
rasseoir	verbe
rassis	adjectif
rassurant	adjectif
rassurer	verbe
rasséréner	verbe
rata	nom
ratafia	nom
ratage	nom
ratatiner	verbe
ratatiné	adjectif
ratatouille	nom
rate	nom
rater	verbe
ratiboiser	verbe
ratiche	nom
ratichon	nom
ratier	nom
ratification	nom
ratifier	verbe
ratiocination	nom
ration	nom
rationaliser	verbe
rationnel	adjectif
rationnement	nom
rationner	verbe
ratisser	verbe
ratière	nom
raton	nom
rattachement	nom
rattacher	verbe
rattrapage	nom
rattraper	verbe
rature	nom
raturer	verbe
raté	adjectif
raucité	nom
rauque	adjectif
ravage	nom
ravager	verbe
ravageur	adjectif
ravagé	adjectif
ravaler	verbe
ravauder	verbe
rave	nom
ravi	adjectif
ravier	nom
ravin	nom
ravine	nom
raviner	verbe
ravioli	nom
ravir	verbe
raviser	verbe
ravissant	adjectif
ravissement	nom
ravisseur	nom
ravitaillement	nom
ravitailler	verbe
ravitailleur	nom
raviver	verbe
ravoir	verbe
rayer	verbe
rayon	nom
rayonnage	nom
rayonnant	adjectif
rayonnement	nom
rayonner	verbe
rayure	nom
rayé	adjectif
razzia	nom
rebaptiser	verbe
rebattre	verbe
rebelle	adjectif
rebeller	verbe
rebiffer	verbe
rebiquer	verbe
rebond	nom
rebondi	adjectif
rebondir	verbe
rebondissant	adjectif
rebondissement	nom
rebord	nom
reboucher	verbe
reboucler	verbe
rebours	adverbe
rebouteux	nom
reboutonner	verbe
rebrancher	verbe
rebrousser	verbe
rebuffade	nom
rebut	nom
rebutant	adjectif
rebuter	verbe
rebâtir	verbe
recaler	verbe
recalé	adjectif
recel	nom
receler	verbe
receleur	nom
recensement	nom
recenser	verbe
recette	nom
recevable	adjectif
receveur	nom
recevoir	verbe
rechange	nom
recharge	nom
recharger	verbe
rechausser	verbe
recherche	nom
rechercher	verbe
recherché	adjectif
rechigner	verbe
rechute	nom
rechuter	verbe
reclus	adjectif
recoiffer	verbe
recoin	nom
recoller	verbe
recommandable	adjectif
recommandation	nom
recommander	verbe
recommandé	adjectif
recommencement	nom
recommencer	verbe
recomposer	verbe
recompter	verbe
reconduire	verbe
reconnaissable	adjectif
reconnaissance	nom
reconnaissant	adjectif
reconnaître	verbe
reconnecter	verbe
reconnu	adjectif
reconquérir	verbe
reconquête	nom
reconsidérer	verbe
reconstituer	verbe
reconstitution	nom
reconstruction	nom
reconstruire	verbe
reconversion	nom
reconvertir	verbe
recopier	verbe
record	nom
recoucher	verbe
recoudre	verbe
recoupement	nom
recouper	verbe
recourber	verbe
recourbé	adjectif
recourir	verbe
recours	nom
recouvert	adjectif
recouvrer	verbe
recouvrir	verbe
recracher	verbe
recroiser	verbe
recroqueviller	verbe
recroquevillé	adjectif
recrudescence	nom
recrue	nom
recrutement	nom
recruter	verbe
recruteur	nom
recréer	verbe
recta	adverbe
rectal	adjectif
rectangle	adjectif
rectangulaire	adjectif
recteur	nom
rectification	nom
rectifier	verbe
rectiligne	adjectif
rectitude	nom
recto	nom
rectum	nom
recueil	nom
recueillement	nom
recueilli	adjectif
recueillir	verbe
recuire	verbe
recuit	adjectif
recul	nom
reculade	nom
reculer	verbe
reculé	adjectif
recyclage	nom
recycler	verbe
recéler	verbe
reddition	nom
redemander	verbe
redescendre	verbe
redessiner	verbe
redevable	adjectif
redevenir	verbe
rediffusion	nom
redingote	nom
redire	verbe
redistribuer	verbe
redite	nom
redonner	verbe
redoubler	verbe
redoublé	adjectif
redoutable	adjectif
redoute	nom
redouter	verbe
redoux	nom
redressement	nom
redresser	verbe
redécouvrir	verbe
redémarrer	verbe
refaire	verbe
refait	adjectif
refermer	verbe
refiler	verbe
reflet	nom
refleurir	verbe
refluer	verbe
reflux	nom
refléter	verbe
refondre	verbe
reforger	verbe
reformer	verbe
reformuler	verbe
refoulement	nom
refouler	verbe
refoulé	adjectif
refourguer	verbe
refoutre	verbe
refrain	nom
refroidi	adjectif
refroidir	verbe
refroidissement	nom
refréner	verbe
refuge	nom
refus	nom
refuser	verbe
refusé	adjectif
regagner	verbe
regain	nom
regard	nom
regardable	adjectif
regardant	adjectif
regarder	verbe
regarnir	verbe
reggae	nom
regimber	verbe
registre	nom
regonfler	verbe
regorger	verbe
regret	nom
regrettable	adjectif
regretter	verbe
regrimper	verbe
regroupement	nom
regrouper	verbe
rehausser	verbe
reich	nom
reichstag	nom
rein	nom
reine	nom
reinette	nom
reis	nom
rejaillir	verbe
rejet	nom
rejeter	verbe
rejeton	nom
rejeté	adjectif
rejoindre	verbe
rejoint	adjectif
rejouer	verbe
relais	nom
relance	nom
relancer	verbe
relater	verbe
relatif	adjectif
relation	nom
relativement	adverbe
relativité	nom
relax	adjectif
relaxant	adjectif
relaxation	nom
relaxe	adjectif
relaxer	verbe
relayer	verbe
relecture	nom
relent	nom
relever	verbe
relevé	adjectif
relief	nom
relier	verbe
religieusement	adverbe
religieux	adjectif
religion	nom
reliquaire	nom
reliquat	nom
relique	nom
relire	verbe
reliure	nom
relié	adjectif
reloger	verbe
relu	adjectif
reluire	verbe
reluisant	adjectif
reluquer	verbe
relâche	nom
relâchement	nom
relâcher	verbe
relâché	adjectif
relève	nom
relèvement	nom
relégation	nom
reléguer	verbe
relégué	adjectif
remake	nom
remaniement	nom
remanier	verbe
remaquiller	verbe
remarcher	verbe
remariage	nom
remarier	verbe
remarquable	adjectif
remarquablement	adverbe
remarque	nom
remarquer	verbe
remballer	verbe
rembarquer	verbe
rembarrer	verbe
remblai	nom
rembobiner	verbe
rembourrage	nom
rembourrer	verbe
remboursement	nom
rembourser	verbe
rembrunir	verbe
remerciement	nom
remercier	verbe
remettre	verbe
remis	adjectif
remise	nom
remiser	verbe
remodeler	verbe
remontant	adjectif
remonte	nom
remonter	verbe
remontrance	nom
remontrer	verbe
remontée	nom
remords	nom
remorque	nom
remorquer	verbe
remorqueur	nom
remous	nom
rempart	nom
rempiler	verbe
remplacement	nom
remplacer	verbe
remplaçant	nom
rempli	adjectif
remplir	verbe
remporter	verbe
remuant	adjectif
remuement	nom
remuer	verbe
remugle	nom
remâcher	verbe
remède	nom
remédier	verbe
remémorer	verbe
renaissance	nom
renaissant	adjectif
renard	nom
renardeau	nom
renaud	nom
renauder	verbe
renaître	verbe
rencard	nom
rencarder	verbe
renchérir	verbe
rencogner	verbe
rencontre	nom
rencontrer	verbe
rencontré	adjectif
rendant	adjectif
rendement	nom
rendormir	verbe
rendre	verbe
rendu	adjectif
renfermer	verbe
renfermé	adjectif
renfiler	verbe
renflement	nom
renflouer	verbe
renflé	adjectif
renfoncement	nom
renfoncer	verbe
renforcement	nom
renforcer	verbe
renfort	nom
renfrogner	verbe
renfrogné	adjectif
rengager	verbe
rengaine	nom
rengainer	verbe
rengorger	verbe
reniement	nom
renier	verbe
reniflement	nom
renifler	verbe
renne	nom
renom	nom
renommer	verbe
renommé	adjectif
renommée	nom
renoncement	nom
renoncer	verbe
renoncule	nom
renouer	verbe
renouveau	nom
renouveler	verbe
renouvellement	nom
renseignement	nom
renseigner	verbe
rentabilité	nom
rentable	adjectif
rente	nom
rentier	nom
rentrant	adjectif
rentrer	verbe
rentré	adjectif
rentrée	nom
renversant	adjectif
renverse	nom
renversement	nom
renverser	verbe
renversé	adjectif
renvoi	nom
renvoyer	verbe
renâcler	verbe
renégat	nom
repaire	nom
reparaître	verbe
reparler	verbe
repartie	nom
repartir	verbe
repas	nom
repassage	nom
repasser	verbe
repasseur	nom
repaître	verbe
repeindre	verbe
repeint	nom
repenser	verbe
repentant	adjectif
repenti	adjectif
repentir	nom
reperdre	verbe
repeupler	verbe
repiquage	nom
repiquer	verbe
replacer	verbe
replanter	verbe
replat	nom
replet	adjectif
repli	nom
repliement	nom
replier	verbe
replonger	verbe
replâtrer	verbe
report	nom
reportage	nom
reporter	adjectif
repos	nom
reposant	adjectif
repose	nom
reposer	verbe
reposoir	nom
reposé	adjectif
repoussant	adjectif
repousse	nom
repousser	verbe
repoussoir	nom
repoussé	adjectif
reprendre	verbe
repris	adjectif
reprise	nom
repriser	verbe
reproche	nom
reprocher	verbe
reproducteur	nom
reproduction	nom
reproduire	verbe
reprogrammer	verbe
représentant	nom
représentatif	adjectif
représentation	nom
représenter	verbe
représenté	adjectif
reps	nom
reptation	nom
reptile	nom
repu	adjectif
repère	nom
repérable	adjectif
repérage	nom
repérer	verbe
repêcher	verbe
requiem	nom
requin	nom
requinquer	verbe
requis	adjectif
requérir	verbe
requête	nom
rescaper	verbe
rescapé	adjectif
rescousse	nom
respect	nom
respectabilité	nom
respectable	adjectif
respecter	verbe
respectif	adjectif
respectivement	adverbe
respectueusement	adverbe
respectueux	adjectif
respecté	adjectif
respirable	adjectif
respirateur	nom
respiration	nom
respiratoire	adjectif
respirer	verbe
resplendir	verbe
resplendissant	adjectif
responsabilité	nom
responsable	adjectif
resquille	nom
resquiller	verbe
resquilleur	nom
ressac	nom
ressaisir	verbe
ressasser	verbe
ressaut	nom
ressemblance	nom
ressemblant	adjectif
ressembler	verbe
ressenti	adjectif
ressentiment	nom
ressentir	verbe
resserre	nom
resserrement	nom
resserrer	verbe
resserré	adjectif
resservir	verbe
ressort	nom
ressortir	verbe
ressortissant	nom
ressouder	verbe
ressource	nom
ressouvenir	verbe
ressurgir	verbe
ressusciter	verbe
restant	adjectif
restau	nom
restaurant	nom
restaurateur	nom
restauration	nom
restaurer	verbe
reste	nom
rester	verbe
restituer	verbe
restitution	nom
resto	nom
restreindre	verbe
restreint	adjectif
restrictif	adjectif
restriction	nom
restructuration	nom
restructurer	verbe
resurgir	verbe
retable	nom
retailler	verbe
retaper	verbe
retapisser	verbe
retard	nom
retardataire	adjectif
retardement	nom
retarder	verbe
retardé	adjectif
retendre	verbe
retenir	verbe
retenter	verbe
retentir	verbe
retentissant	adjectif
retentissement	nom
retenu	adjectif
retenue	nom
retirer	verbe
retiré	adjectif
retombant	adjectif
retomber	verbe
retombée	adjectif
retordre	verbe
retors	adjectif
retouche	nom
retoucher	verbe
retour	nom
retourne	nom
retournement	nom
retourner	verbe
retourné	nom
retracer	verbe
retrait	nom
retraite	nom
retraité	adjectif
retranchement	nom
retrancher	verbe
retransmettre	verbe
retravailler	verbe
retraverser	verbe
retremper	verbe
retrousser	verbe
retroussé	adjectif
retrouvaille	nom
retrouver	verbe
reubeu	nom
revaloir	verbe
revanche	nom
revenant	adjectif
revendeur	nom
revendication	nom
revendiquer	verbe
revendre	verbe
revenir	verbe
revenu	adjectif
reverdir	verbe
revers	nom
reverser	verbe
revient	nom
revigorant	adjectif
revigorer	verbe
revirement	nom
revisiter	verbe
revivre	verbe
revoir	nom
revolver	nom
revu	adjectif
revue	nom
revérifier	verbe
revêche	adjectif
revêtement	nom
revêtir	verbe
revêtu	adjectif
reçu	adjectif
reître	nom
rhabiller	verbe
rhino	nom
rhinocéros	nom
rhododendron	nom
rhubarbe	nom
rhum	nom
rhumatisant	adjectif
rhumatisme	nom
rhume	nom
rhénan	adjectif
rhétorique	nom
riant	adjectif
ribambelle	nom
ricain	nom
ricanant	adjectif
ricanement	nom
ricaner	verbe
ricaneur	adjectif
richard	adjectif
riche	adjectif
richement	adverbe
richesse	nom
richissime	adjectif
richomme	nom
ricocher	verbe
ricochet	nom
rictus	nom
ride	nom
rideau	nom
rider	verbe
ridicule	adjectif
ridiculement	adverbe
ridiculiser	verbe
ridé	adjectif
rien	nom
riesling	nom
rieur	adjectif
riff	nom
rifle	nom
riflette	nom
rigide	adjectif
rigidité	nom
rigodon	nom
rigolade	nom
rigolard	adjectif
rigole	nom
rigoler	verbe
rigolo	adjectif
rigoureusement	adverbe
rigoureux	adjectif
rigueur	nom
rikiki	adjectif
rime	nom
rimer	verbe
rimmel	nom
rinceau	nom
rincer	verbe
ring	nom
ringard	adjectif
rink	nom
rinçage	nom
ripaille	nom
ripailler	verbe
riper	verbe
ripoliner	verbe
riposte	nom
riposter	verbe
ripou	adjectif
riquiqui	adjectif
rire	nom
risette	nom
risible	adjectif
risotto	nom
risque	nom
risquer	verbe
risqué	adjectif
rissoler	verbe
ristourne	nom
risée	nom
rital	nom
rite	nom
ritournelle	nom
rituel	adjectif
rituellement	adverbe
rivage	nom
rival	adjectif
rivaliser	verbe
rivalité	nom
rive	nom
river	verbe
riverain	nom
rivet	nom
rivière	nom
rixe	nom
rizière	nom
robe	nom
robert	nom
robinet	nom
roblot	nom
roboratif	adjectif
robot	nom
robotique	nom
robuste	adjectif
robustesse	nom
rocaille	nom
rocailleux	adjectif
roche	nom
rochelle	nom
rocher	nom
rocheux	adjectif
rock	nom
rocker	nom
rocket	nom
rococo	adjectif
roder	verbe
rodéo	nom
rogatoire	adjectif
rogaton	nom
rogne	nom
rogner	verbe
rognon	nom
rognure	nom
rogomme	nom
rogue	adjectif
roide	adjectif
roll	nom
roller	nom
romain	adjectif
roman	adjectif
romance	nom
romancier	nom
romanesque	adjectif
romanichel	nom
romano	nom
romantique	adjectif
romantisme	nom
romarin	nom
rompre	verbe
rompu	adjectif
ronce	nom
ronchonner	verbe
roncier	nom
rond	adjectif
ronde	nom
rondelet	adjectif
rondelle	nom
rondement	adverbe
rondeur	nom
rondin	nom
rondo	nom
rondouillard	adjectif
ronflant	adjectif
ronflement	nom
ronfler	verbe
ronflette	nom
ronfleur	nom
ronger	verbe
rongeur	adjectif
ronron	nom
ronronnant	adjectif
ronronnement	nom
ronronner	verbe
roque	nom
roquefort	nom
roquet	nom
roquette	nom
rosace	nom
rosaire	nom
rosbif	nom
rose	adjectif
roseau	nom
roser	verbe
rosette	nom
roseur	nom
rosier	nom
rosir	verbe
rosse	adjectif
rosser	verbe
rossignol	nom
rosâtre	adjectif
rosé	adjectif
rosée	nom
rotary	nom
rotatif	adjectif
rotation	nom
rotative	nom
roter	verbe
roteur	nom
rotin	nom
rotondité	nom
rotule	nom
roturier	nom
rouage	nom
roublard	adjectif
rouble	nom
roucoulade	nom
roucoulant	adjectif
roucoulement	nom
roucouler	verbe
roudoudou	nom
roue	nom
rouer	verbe
rouerie	nom
rouet	nom
rouge	adjectif
rougeaud	adjectif
rougeoiement	nom
rougeole	nom
rougeoyant	adjectif
rougeoyer	verbe
rouget	nom
rougeur	nom
rougeâtre	adjectif
rougir	verbe
rougissant	adjectif
rouille	nom
rouiller	verbe
roulade	nom
roulant	adjectif
roulante	nom
roule	nom
rouleau	nom
roulement	nom
rouler	verbe
roulette	nom
roulier	nom
roulis	nom
roulotte	nom
roulure	nom
roulé	adjectif
roumain	adjectif
round	nom
roupie	nom
roupiller	verbe
roupillon	nom
rouquemoute	nom
rouquin	adjectif
rouscailler	verbe
rouspéter	verbe
roussette	nom
rousseur	nom
roussi	adjectif
roussin	nom
roussir	verbe
roussâtre	adjectif
route	nom
routier	adjectif
routine	nom
routinier	adjectif
rouvrir	verbe
roux	adjectif
roué	adjectif
royal	adjectif
royale	nom
royalement	adverbe
royaliste	adjectif
royaume	nom
royauté	nom
ruade	nom
ruban	nom
rubicond	adjectif
rubis	adjectif
rubrique	nom
ruche	nom
rude	adjectif
rudement	adverbe
rudesse	nom
rudiment	nom
rudimentaire	adjectif
rudoyer	verbe
ruelle	nom
ruer	verbe
ruffian	nom
rugby	nom
rugbyman	nom
rugir	verbe
rugissant	adjectif
rugissement	nom
rugosité	nom
rugueux	adjectif
ruine	nom
ruiner	verbe
ruineux	adjectif
ruiné	adjectif
ruisseau	nom
ruisselant	adjectif
ruisseler	verbe
ruisselet	nom
ruissellement	nom
rumba	nom
rumeur	nom
ruminant	nom
rumination	nom
ruminer	verbe
rune	nom
running	nom
rupin	adjectif
rupture	nom
rural	adjectif
ruse	nom
ruser	verbe
rush	nom
russe	adjectif
rustaud	adjectif
rusticité	nom
rustine	nom
rustique	adjectif
rustre	adjectif
rusé	adjectif
rutabaga	nom
rutilant	adjectif
rutiler	verbe
ruée	nom
rythme	nom
rythmer	verbe
rythmique	adjectif
rythmé	adjectif
râble	nom
râblé	adjectif
râle	nom
râler	verbe
râpe	nom
râper	verbe
râpeux	adjectif
râpé	adjectif
râteau	nom
râtelier	nom
règle	nom
règlement	nom
règne	nom
réa	nom
réac	adjectif
réacteur	nom
réactif	adjectif
réaction	nom
réactionnaire	adjectif
réactiver	verbe
réaffecter	verbe
réagir	verbe
réajuster	verbe
réalisable	adjectif
réalisateur	nom
réalisation	nom
réaliser	verbe
réalisme	nom
réaliste	adjectif
réalisé	adjectif
réalité	nom
réanimation	nom
réanimer	verbe
réapparaître	verbe
réapparition	nom
réapprendre	verbe
rébarbatif	adjectif
rébellion	nom
récalcitrant	adjectif
récapituler	verbe
récemment	adverbe
récent	adjectif
réceptacle	nom
récepteur	nom
réceptif	adjectif
réception	nom
réceptionner	verbe
réceptionniste	nom
récession	nom
réchapper	verbe
réchaud	nom
réchauffement	nom
réchauffer	verbe
réchauffé	adjectif
récidive	nom
récidiver	verbe
récidiviste	adjectif
récif	nom
récipient	nom
réciprocité	nom
réciproque	adjectif
réciproquement	adverbe
récit	nom
récital	nom
récitant	nom
récitation	nom
réciter	verbe
réclamation	nom
réclame	nom
réclamer	verbe
réclusion	nom
récollet	nom
récolte	nom
récolter	verbe
récompense	nom
récompenser	verbe
réconciliation	nom
réconcilier	verbe
réconfort	nom
réconfortant	adjectif
réconforter	verbe
récrier	verbe
récrimination	nom
récriminer	verbe
récrire	verbe
récré	nom
récréation	nom
récupérable	adjectif
récupération	nom
récupérer	verbe
récurer	verbe
récurrent	adjectif
récuser	verbe
rédacteur	nom
rédaction	nom
rédempteur	nom
rédemption	nom
rédiger	verbe
réduction	nom
réduire	verbe
réduit	adjectif
réel	adjectif
réellement	adverbe
réentendre	verbe
réessayer	verbe
réexaminer	verbe
réexpédier	verbe
réfection	nom
réfectoire	nom
réflecteur	nom
réflexe	adjectif
réflexion	nom
réfléchi	adjectif
réfléchir	verbe
réfléchissant	adjectif
réformateur	nom
réforme	nom
réformer	verbe
réformé	adjectif
réfractaire	adjectif
réfrigérateur	nom
réfugier	verbe
réfugié	adjectif
réfuter	verbe
référence	nom
référendum	nom
référer	verbe
régal	nom
régalade	nom
régaler	verbe
régate	nom
régence	nom
régent	nom
régenter	verbe
régicide	nom
régie	nom
régime	nom
régiment	nom
région	nom
régional	adjectif
régir	verbe
régisseur	nom
réglable	adjectif
réglage	nom
réglementaire	adjectif
réglementation	nom
réglementer	verbe
régler	verbe
régleur	nom
réglisse	nom
réglo	adjectif
réglé	adjectif
régnant	adjectif
régner	verbe
régresser	verbe
régression	nom
régulariser	verbe
régularité	nom
régulateur	nom
réguler	verbe
régulier	adjectif
régulièrement	adverbe
régénération	nom
régénérer	verbe
réhabilitation	nom
réhabiliter	verbe
réhabituer	verbe
réincarnation	nom
réincarner	verbe
réinsertion	nom
réinstaller	verbe
réintégrer	verbe
réinventer	verbe
réinvestir	verbe
réitérer	verbe
réjoui	adjectif
réjouir	verbe
réjouissance	nom
réjouissant	adjectif
réminiscence	nom
rémission	nom
rémouleur	nom
rémunération	nom
rémunérer	verbe
rénal	adjectif
rénovation	nom
rénover	verbe
réorganisation	nom
réorganiser	verbe
réouverture	nom
répandre	verbe
répandu	adjectif
réparable	adjectif
réparateur	adjectif
réparation	nom
réparer	verbe
réparti	adjectif
répartie	nom
répartir	verbe
répartition	nom
répercussion	nom
répercuter	verbe
répertoire	nom
répertorier	verbe
répit	nom
réplique	nom
répliquer	verbe
répondant	nom
répondeur	nom
répondre	verbe
répons	nom
réponse	nom
répressif	adjectif
répression	nom
réprimande	nom
réprimander	verbe
réprimer	verbe
réprobateur	adjectif
réprobation	nom
réprouver	verbe
réprouvé	nom
répréhensible	adjectif
républicain	adjectif
république	nom
répudier	verbe
répugnance	nom
répugnant	adjectif
répugner	verbe
répulsion	nom
réputation	nom
réputer	verbe
réputé	adjectif
répéter	verbe
répétiteur	nom
répétitif	adjectif
répétition	nom
répété	adjectif
réquisition	nom
réquisitionner	verbe
réquisitoire	nom
réseau	nom
réservation	nom
réserve	nom
réserver	verbe
réserviste	nom
réservoir	nom
réservé	adjectif
résidence	nom
résident	nom
résidentiel	adjectif
résider	verbe
résidu	nom
résiduel	adjectif
résignation	nom
résigner	verbe
résigné	adjectif
résilier	verbe
résille	nom
résine	nom
résineux	adjectif
résiné	adjectif
résistance	nom
résistant	adjectif
résister	verbe
résolu	adjectif
résolument	adverbe
résolution	nom
résonance	nom
résonner	verbe
résorber	verbe
résoudre	verbe
résultante	nom
résultat	nom
résulter	verbe
résumer	verbe
résumé	nom
résurgence	nom
résurrection	nom
rétablir	verbe
rétablissement	nom
rétamer	verbe
réticence	nom
réticent	adjectif
réticule	nom
rétif	adjectif
rétine	nom
rétorquer	verbe
rétracter	verbe
rétribuer	verbe
rétribution	nom
rétro	adjectif
rétrograde	adjectif
rétrograder	verbe
rétrospectif	adjectif
rétrospective	nom
rétrovirus	nom
rétroviseur	nom
rétréci	adjectif
rétrécir	verbe
rétrécissement	nom
réunification	nom
réunion	nom
réunir	verbe
réussi	adjectif
réussir	verbe
réussite	nom
réveil	nom
réveiller	verbe
réveillon	nom
réveillonner	verbe
réverbère	nom
réverbération	nom
réverbérer	verbe
réversibilité	nom
réversible	adjectif
réviser	verbe
révision	nom
révocation	nom
révoltant	adjectif
révolte	nom
révolter	verbe
révolté	adjectif
révolu	adjectif
révolution	nom
révolutionnaire	adjectif
révolutionner	verbe
révoquer	verbe
révulser	verbe
révulsé	adjectif
révélateur	adjectif
révélation	nom
révéler	verbe
révélé	adjectif
révérence	nom
révérend	adjectif
révérer	verbe
réécouter	verbe
réécrire	verbe
rééditer	verbe
réédition	nom
rééducation	nom
rééduquer	verbe
réélection	nom
réélire	verbe
réévaluer	verbe
rêche	adjectif
rêne	nom
rêvasser	verbe
rêve	nom
rêver	verbe
rêverie	nom
rêveur	adjectif
rêveusement	adverbe
rêvé	adjectif
rôder	verbe
rôdeur	nom
rôle	nom
rôti	adjectif
rôtie	nom
rôtir	verbe
sabbat	nom
sabbatique	adjectif
sabir	nom
sable	adjectif
sabler	verbe
sableux	adjectif
sablier	nom
sablonneux	adjectif
sablé	adjectif
sabord	nom
saborder	verbe
sabot	nom
sabotage	nom
saboter	verbe
saboteur	nom
sabotier	nom
sabre	nom
sabrer	verbe
saccade	nom
saccader	verbe
saccadé	adjectif
saccage	nom
saccager	verbe
saccagne	nom
saccharine	nom
sacerdoce	nom
sacerdotal	adjectif
sachet	nom
sacoche	nom
sacre	nom
sacrement	nom
sacrer	verbe
sacrificateur	nom
sacrifice	nom
sacrificiel	adjectif
sacrifier	verbe
sacrifié	adjectif
sacrilège	adjectif
sacristain	nom
sacristie	nom
sacro	adverbe
sacré	adjectif
sacrément	adverbe
sadique	adjectif
sadisme	nom
safari	nom
safran	adjectif
saga	nom
sagace	adjectif
sagacité	nom
sage	adjectif
sagement	adverbe
sagesse	nom
sagouin	nom
saharien	adjectif
sahib	nom
saignant	adjectif
saignement	nom
saigner	verbe
saignée	nom
saillant	adjectif
saillie	nom
saillir	verbe
sain	adjectif
saindoux	nom
sainfoin	nom
saint	adjectif
sainteté	nom
saisi	adjectif
saisie	nom
saisir	verbe
saisissant	adjectif
saisissement	nom
saison	nom
saisonnier	adjectif
saké	nom
salace	adjectif
salade	nom
saladier	nom
salaire	nom
salaison	nom
salamalec	nom
salamandre	nom
salami	nom
salant	adjectif
salarié	nom
salaud	adjectif
sale	adjectif
salement	adverbe
saler	verbe
saleté	nom
saligaud	adjectif
salin	adjectif
salingue	adjectif
salir	verbe
salissant	adjectif
salissure	nom
salive	nom
saliver	verbe
salière	nom
salle	nom
saloir	nom
salon	nom
saloon	nom
salop	nom
salopard	nom
salope	nom
saloper	verbe
saloperie	nom
salopette	nom
salopiot	nom
salpêtre	nom
salsa	nom
salsifis	nom
saltimbanque	nom
salubre	adjectif
saluer	verbe
salut	nom
salutaire	adjectif
salutation	nom
salvadorien	nom
salvateur	adjectif
salve	nom
salé	adjectif
samaritain	nom
samaritaine	nom
samba	nom
samedi	nom
samouraï	nom
samovar	nom
samurai	nom
sana	nom
sanatorium	nom
sanctifier	verbe
sanction	nom
sanctionner	verbe
sanctuaire	nom
sanctus	nom
sandwich	nom
sang	nom
sanglant	adjectif
sangle	nom
sangler	verbe
sanglier	nom
sanglot	nom
sanglotant	adjectif
sangloter	verbe
sangria	nom
sangsue	nom
sanguin	adjectif
sanguinaire	adjectif
sanguinolent	adjectif
sanie	nom
sanitaire	adjectif
santal	nom
santiag	nom
santé	nom
saoudien	adjectif
saoul	adjectif
saouler	verbe
sape	nom
sapement	nom
saper	verbe
sapeur	nom
saphir	adjectif
sapin	nom
sapinière	nom
saquer	verbe
sarabande	nom
sarbacane	nom
sarcasme	nom
sarcastique	adjectif
sarcelle	nom
sarcler	verbe
sarcophage	nom
sardine	nom
sardonique	adjectif
sari	nom
sarment	nom
sarrasin	adjectif
sarrau	nom
sasseur	nom
sataner	verbe
satanique	adjectif
satané	adjectif
satellite	nom
satin	nom
satiné	adjectif
satirique	adjectif
satisfaction	nom
satisfaire	verbe
satisfaisant	adjectif
satisfait	adjectif
satiété	nom
satonner	verbe
satrape	nom
saturation	nom
saturer	verbe
satyre	nom
sauce	nom
saucer	verbe
saucisse	nom
saucisson	nom
saucissonner	verbe
sauf	adjectif
sauge	nom
saugrenu	adjectif
saule	nom
saumon	adjectif
saumure	nom
saumâtre	adjectif
sauna	nom
saunier	nom
saupoudrer	verbe
saur	adjectif
saurer	verbe
saut	nom
saute	nom
sauter	verbe
sauterelle	nom
sauterie	nom
sauternes	nom
sauteur	nom
sautillant	adjectif
sautillement	nom
sautiller	verbe
sautoir	nom
sauté	adjectif
sauvage	adjectif
sauvagement	adverbe
sauvageon	nom
sauvagerie	nom
sauvagin	nom
sauvegarde	nom
sauvegarder	verbe
sauver	verbe
sauvetage	nom
sauveteur	nom
sauveur	nom
savamment	adverbe
savane	nom
savant	adjectif
savate	nom
saveur	nom
savoir	nom
savon	nom
savonner	verbe
savonnette	nom
savonneux	adjectif
savourer	verbe
savoureux	adjectif
savoyard	adjectif
saxo	nom
saxon	adjectif
saxophone	nom
saynète	nom
sbire	nom
scabreux	adjectif
scalp	nom
scalpel	nom
scalper	verbe
scandale	nom
scandaleux	adjectif
scandaliser	verbe
scandalisé	adjectif
scander	verbe
scandinave	adjectif
scanner	nom
scaphandre	nom
scapulaire	nom
scarabée	nom
scatologique	adjectif
sceau	nom
sceller	verbe
scellé	adjectif
scepticisme	nom
sceptique	adjectif
sceptre	nom
schilling	nom
schisme	nom
schiste	nom
schizophrène	adjectif
schizophrénie	nom
schlass	adjectif
schlinguer	verbe
schnaps	nom
schnock	nom
schpile	nom
schtroumpf	nom
schupo	nom
schéma	nom
schématique	adjectif
schématiquement	adverbe
sciatique	nom
scie	nom
sciemment	adverbe
science	nom
scientifique	adjectif
scientifiquement	adverbe
scier	verbe
scierie	nom
scieur	nom
scinder	verbe
scintillant	adjectif
scintillement	nom
scintiller	verbe
scion	nom
scission	nom
sciure	nom
sclérose	nom
sclérotique	nom
scolaire	adjectif
scolarité	nom
scoop	nom
scooter	nom
scorbut	nom
score	nom
scorpion	nom
scotch	nom
scotcher	verbe
scout	adjectif
scoutisme	nom
scrabble	nom
scribe	nom
scribouillard	nom
script	nom
scripte	nom
scrotum	nom
scrub	nom
scrupule	nom
scrupuleusement	adverbe
scrupuleux	adjectif
scruter	verbe
scrutin	nom
sculpter	verbe
sculpteur	nom
sculptural	adjectif
sculpture	nom
sculpté	adjectif
scutigère	nom
scène	nom
scélérat	adjectif
scénar	nom
scénario	nom
scénariste	nom
seau	nom
secco	nom
second	adjectif
secondaire	adjectif
seconde	nom
seconder	verbe
secouer	verbe
secourable	adjectif
secourir	verbe
secouriste	nom
secours	nom
secousse	nom
secret	adjectif
secrète	nom
secrètement	adverbe
secrétaire	nom
secrétariat	nom
secréter	verbe
sectaire	adjectif
secte	nom
secteur	nom
section	nom
sectionner	verbe
secundo	adverbe
segment	nom
seiche	nom
seigle	nom
seigneur	nom
seigneurial	adjectif
seigneurie	nom
sein	nom
seizième	adjectif
self	nom
selle	nom
seller	verbe
sellette	nom
semaine	nom
semblable	adjectif
semblablement	adverbe
semblant	nom
sembler	verbe
semelle	nom
semence	nom
semer	verbe
semestre	nom
semeur	nom
semi	nom
semis	nom
semonce	nom
semoule	nom
sempiternel	adjectif
senior	adjectif
sens	nom
sensass	adjectif
sensation	nom
sensationnel	adjectif
sensibiliser	verbe
sensibilité	nom
sensible	adjectif
sensiblement	adverbe
sensiblerie	nom
sensitif	adjectif
sensoriel	adjectif
sensualité	nom
sensuel	adjectif
sensuellement	adverbe
sensé	adjectif
sentant	adjectif
sente	nom
sentence	nom
sentencieusement	adverbe
sentencieux	adjectif
senteur	nom
senti	adjectif
sentier	nom
sentiment	nom
sentimental	adjectif
sentimentalement	adverbe
sentimentalisme	nom
sentimentalité	nom
sentine	nom
sentinelle	nom
sentir	verbe
septembre	nom
septentrional	adjectif
septime	nom
septique	adjectif
septième	adjectif
septuagénaire	nom
serbe	adjectif
serein	adjectif
sereinement	adverbe
serf	nom
serge	nom
sergent	nom
serial	nom
serin	nom
seriner	verbe
seringa	nom
seringue	nom
serment	nom
sermon	nom
sermonner	verbe
serpe	nom
serpent	nom
serpenter	verbe
serpentin	nom
serpillière	nom
serra	nom
serre	nom
serrement	nom
serrer	verbe
serrure	nom
serrurerie	nom
serrurier	nom
serré	adjectif
sertir	verbe
servage	nom
servant	adjectif
serveur	nom
servi	adjectif
serviable	adjectif
service	nom
serviette	nom
servile	adjectif
servilité	nom
servir	verbe
serviteur	nom
servitude	nom
session	nom
setter	nom
seuil	nom
seul	adjectif
seulabre	adjectif
seulement	adverbe
seulet	adjectif
sevrage	nom
sevrer	verbe
sexagénaire	nom
sexe	nom
sexiste	adjectif
sextant	nom
sexualité	nom
sexuel	adjectif
sexuellement	adverbe
sexy	adjectif
seyant	adjectif
shabbat	nom
shah	nom
shaker	nom
shako	nom
shaman	nom
shampoing	nom
shampooing	nom
shampouineur	nom
shantung	nom
sheriff	nom
sherry	nom
shetland	nom
shilling	nom
shit	nom
shoot	nom
shooter	verbe
shopping	nom
short	nom
show	nom
showbiz	nom
shrapnell	nom
shérif	nom
siamois	adjectif
sibylle	nom
sibyllin	adjectif
sibérien	adjectif
sicilien	adjectif
sida	nom
sidi	nom
sidéral	adjectif
sidérer	verbe
sidéré	adjectif
sienne	adjectif
sierra	nom
sieste	nom
sieur	nom
sifflant	adjectif
sifflante	adjectif
sifflement	nom
siffler	verbe
sifflet	nom
siffloter	verbe
sigle	nom
signal	nom
signalement	nom
signaler	verbe
signaleur	nom
signalisation	nom
signalé	adjectif
signataire	nom
signature	nom
signe	nom
signer	verbe
signet	nom
signifiant	adjectif
significatif	adjectif
signification	nom
signifier	verbe
signor	nom
signorina	nom
signé	adjectif
sikh	nom
silence	nom
silencieusement	adverbe
silencieux	adjectif
silex	nom
silhouette	nom
silhouetter	verbe
silicone	nom
sillage	nom
sillon	nom
sillonner	verbe
silo	nom
simagrée	nom
simiesque	adjectif
similaire	adjectif
simili	nom
similitude	nom
simoun	nom
simple	adjectif
simplement	adverbe
simplet	adjectif
simplicité	nom
simplification	nom
simplifier	verbe
simpliste	adjectif
simulacre	nom
simulateur	nom
simulation	nom
simuler	verbe
simultané	adjectif
simultanéité	nom
simultanément	adverbe
simulé	adjectif
sincère	adjectif
sincèrement	adverbe
sincérité	nom
singe	nom
singer	verbe
singerie	nom
single	nom
singulariser	verbe
singularité	nom
singulier	adjectif
singulièrement	adverbe
sinistre	adjectif
sinistrement	adverbe
sinistré	adjectif
sinoquet	nom
sinuer	verbe
sinueux	adjectif
sinuosité	nom
sinus	nom
sinécure	nom
siphon	nom
siphonner	verbe
sire	nom
sirocco	nom
sirop	nom
siroter	verbe
sirupeux	adjectif
sirène	nom
sismique	adjectif
sitcom	nom
site	nom
situ	nom
situation	nom
situer	verbe
situé	adjectif
sitôt	adverbe
sixième	adjectif
siècle	nom
siège	nom
siéger	verbe
skate	nom
skateboard	nom
skaï	nom
sketch	nom
skier	verbe
skieur	nom
skin	nom
skinhead	adjectif
skip	nom
skipper	nom
skunks	nom
slalom	nom
slave	adjectif
slip	nom
slogan	nom
slow	nom
smala	nom
smiley	nom
smoking	nom
snack	nom
sniffer	verbe
sniper	nom
snob	adjectif
snober	verbe
snobisme	nom
sobre	adjectif
sobrement	adverbe
sobriquet	nom
sobriété	nom
soccer	nom
sociable	adjectif
social	adjectif
socialement	adverbe
socialisme	nom
socialiste	adjectif
sociologie	nom
sociologique	adjectif
sociologue	nom
sociopathe	adjectif
société	nom
socle	nom
socquette	nom
soda	nom
sodium	nom
sodomie	nom
sodomiser	verbe
sodomite	nom
soeur	nom
soeurette	nom
sofa	nom
soft	adjectif
softball	nom
soie	nom
soierie	nom
soif	nom
soiffard	nom
soigner	verbe
soigneur	nom
soigneusement	adverbe
soigneux	adjectif
soigné	adjectif
soin	nom
soir	nom
soirée	nom
soit	adverbe
soixantaine	nom
soixante	nom
soja	nom
solaire	adjectif
solarium	nom
soldat	nom
soldatesque	nom
solde	nom
solder	verbe
sole	nom
soleil	nom
solennel	adjectif
solennellement	adverbe
solennité	nom
solex	nom
solfège	nom
solidaire	adjectif
solidarité	nom
solide	adjectif
solidement	adverbe
solidifier	verbe
solidité	nom
soliloque	nom
soliloquer	verbe
soliste	nom
solitaire	adjectif
solitairement	adverbe
solitude	nom
solive	nom
sollicitation	nom
solliciter	verbe
solliciteur	nom
sollicitude	nom
solo	nom
solognot	adjectif
solstice	nom
solution	nom
sombre	adjectif
sombrement	adverbe
sombrer	verbe
sombrero	nom
sommaire	adjectif
sommairement	adverbe
sommation	nom
somme	nom
sommeil	nom
sommeillant	adjectif
sommeiller	verbe
sommelier	nom
sommer	verbe
sommet	nom
sommier	nom
sommité	nom
somnambule	adjectif
somnambulique	adjectif
somnambulisme	nom
somnifère	nom
somnolence	nom
somnolent	adjectif
somnoler	verbe
somptueusement	adverbe
somptueux	adjectif
somptuosité	nom
sonar	nom
sonate	nom
sonatine	nom
sondage	nom
sonde	nom
sonder	verbe
songe	nom
songer	verbe
songerie	nom
songeur	adjectif
sonnaille	nom
sonnant	adjectif
sonner	verbe
sonnerie	nom
sonnet	nom
sonnette	nom
sonneur	nom
sonné	adjectif
sono	nom
sonore	adjectif
sonorité	nom
sophie	nom
sophisme	nom
sophistication	nom
sophistiqué	adjectif
soporifique	adjectif
soprano	nom
sorbet	nom
sorbier	nom
sorcellerie	nom
sorcier	adjectif
sordide	adjectif
sornette	nom
sort	nom
sortant	adjectif
sorte	nom
sortie	nom
sortilège	nom
sortir	nom
sosie	nom
sottement	adverbe
sottise	nom
soubassement	nom
soubresaut	nom
soubrette	nom
souche	nom
souci	nom
soucier	verbe
soucieux	adjectif
soucoupe	nom
soudain	adjectif
soudainement	adverbe
soudaineté	nom
soudard	nom
soude	nom
souder	verbe
soudeur	nom
soudoyer	verbe
soudure	nom
soudé	adjectif
soufflant	adjectif
souffle	nom
souffler	verbe
soufflerie	nom
soufflet	nom
souffleter	verbe
souffleur	nom
soufflé	adjectif
souffrance	nom
souffrant	adjectif
souffreteux	adjectif
souffrir	verbe
soufre	nom
souhait	nom
souhaitable	adjectif
souhaiter	verbe
souille	nom
souiller	verbe
souillon	nom
souillure	nom
souk	nom
soul	nom
soulagement	nom
soulager	verbe
soulever	verbe
soulevé	adjectif
soulier	nom
souligner	verbe
soulèvement	nom
soumettre	verbe
soumis	adjectif
soumission	nom
soupape	nom
soupe	nom
soupente	nom
souper	nom
soupeser	verbe
soupier	adjectif
soupir	nom
soupirail	nom
soupirant	nom
soupirer	verbe
soupière	nom
souple	adjectif
souplement	adverbe
souplesse	nom
soupçon	nom
soupçonner	verbe
soupçonneux	adjectif
source	nom
sourcier	nom
sourcil	nom
sourciller	verbe
sourcilleux	adjectif
sourd	adjectif
sourdait	verbe
sourdement	adverbe
sourdine	nom
sourdingue	adjectif
sourdre	verbe
souriant	adjectif
souricière	nom
sourire	nom
souris	adjectif
sournois	adjectif
sournoisement	adverbe
sournoiserie	nom
souscrire	verbe
soussigné	adjectif
soussou	nom
soustraction	nom
soustraire	verbe
soutane	nom
soute	nom
souteneur	nom
soutenir	verbe
soutenu	adjectif
souterrain	adjectif
soutien	nom
soutier	nom
soutif	nom
soutirer	verbe
soutènement	nom
souvenance	nom
souvenir	nom
souvent	adverbe
souverain	adjectif
souverainement	adverbe
souveraineté	nom
soviet	nom
soviétique	adjectif
soyeux	adjectif
soûl	adjectif
soûlard	nom
soûler	verbe
spacieux	adjectif
spadassin	nom
spaghetti	nom
spahi	nom
sparadrap	nom
spartiate	adjectif
spasme	nom
spasmodique	adjectif
spasmodiquement	adverbe
spatial	adjectif
spatule	nom
speaker	nom
spectacle	nom
spectaculaire	adjectif
spectateur	nom
spectral	adjectif
spectre	nom
speech	nom
speed	nom
speeder	verbe
speedé	adjectif
spermatozoïde	nom
sperme	nom
sphincter	nom
sphinx	nom
sphère	nom
sphérique	adjectif
spider	nom
spinal	adjectif
spirale	nom
spire	nom
spiritisme	nom
spiritualiser	verbe
spiritualité	nom
spirituel	adjectif
spirituellement	adverbe
spiritueux	nom
spleen	nom
splendeur	nom
splendide	adjectif
spoliation	nom
spolier	verbe
spongieux	adjectif
sponsor	nom
sponsoriser	verbe
spontané	adjectif
spontanéité	nom
spontanément	adverbe
sporadique	adjectif
sporadiquement	adverbe
spore	nom
sport	nom
sportif	adjectif
sportsman	nom
spot	nom
spray	nom
spring	nom
springer	nom
sprint	nom
sprinter	verbe
spécial	adjectif
spéciale	nom
spécialement	adverbe
spécialiser	verbe
spécialiste	nom
spécialisé	adjectif
spécialité	nom
spécifier	verbe
spécifique	adjectif
spécifiquement	adverbe
spécimen	nom
spéculateur	nom
spéculatif	adjectif
spéculation	nom
spéculer	verbe
square	nom
squash	nom
squat	nom
squatter	verbe
squaw	nom
squelette	nom
squelettique	adjectif
stabilisateur	nom
stabiliser	verbe
stabilisé	adjectif
stabilité	nom
stable	adjectif
stade	nom
staff	nom
stage	nom
stagiaire	adjectif
stagnant	adjectif
stagnation	nom
stagner	verbe
stalactite	nom
stalag	nom
stalinien	adjectif
stalinisme	nom
stalle	nom
stand	nom
standard	adjectif
standardiste	nom
standing	nom
star	nom
starlette	nom
staroste	nom
starter	nom
stase	nom
stater	verbe
station	nom
stationnaire	adjectif
stationnement	nom
stationner	verbe
statique	adjectif
statistique	adjectif
statistiquement	adverbe
statuaire	nom
statue	nom
statuer	verbe
statuette	nom
statufier	verbe
stature	nom
statut	nom
statère	nom
steak	nom
stellaire	adjectif
stentor	nom
steppe	nom
sterling	adjectif
sternum	nom
steward	nom
stick	nom
stigmate	nom
stigmatiser	verbe
stimulant	adjectif
stimulation	nom
stimuler	verbe
stimulus	nom
stipuler	verbe
stock	nom
stockage	nom
stocker	verbe
stoker	nom
stomacal	adjectif
stone	adjectif
stop	nom
stopper	verbe
store	nom
stoïcien	nom
stoïcisme	nom
stoïque	adjectif
strabisme	nom
strangulation	nom
strapontin	nom
strasbourgeois	adjectif
strass	nom
stratagème	nom
stratifié	adjectif
stratosphère	nom
stratège	nom
stratégie	nom
stratégique	adjectif
stratégiquement	adverbe
stress	nom
stressant	adjectif
stresser	verbe
strict	adjectif
strictement	adverbe
stridence	nom
strident	adjectif
strie	nom
strier	verbe
string	nom
strip	nom
striptease	nom
strié	adjectif
strophe	nom
structure	nom
structurel	adjectif
structurer	verbe
structuré	adjectif
strychnine	nom
stuc	nom
studieux	adjectif
studio	nom
stuka	nom
stupeur	nom
stupide	adjectif
stupidement	adverbe
stupidité	nom
stupre	nom
stupéfaction	nom
stupéfait	adjectif
stupéfiant	adjectif
stupéfier	verbe
style	nom
styler	verbe
stylet	nom
styliste	nom
stylo	nom
stylomine	nom
stylé	adjectif
stèle	nom
stère	nom
sténo	nom
stérile	adjectif
stérilet	nom
stériliser	verbe
stérilité	nom
stéroïde	adjectif
stéréo	nom
stéréotype	nom
stéréotyper	verbe
stéréotypé	adjectif
stéthoscope	nom
suaire	nom
suant	adjectif
suave	adjectif
suavement	adverbe
suavité	nom
subalterne	adjectif
subconscient	nom
subir	verbe
subit	adjectif
subitement	adverbe
subito	adverbe
subjectif	adjectif
subjonctif	nom
subjuguer	verbe
sublime	adjectif
sublimer	verbe
subliminal	adjectif
submerger	verbe
submergé	adjectif
subodorer	verbe
subordination	nom
subordonner	verbe
subordonné	nom
subreptice	adjectif
subrepticement	adverbe
subside	nom
subsistance	nom
subsister	verbe
substance	nom
substantiel	adjectif
substituer	verbe
substitut	nom
substitution	nom
subterfuge	nom
subtil	adjectif
subtilement	adverbe
subtiliser	verbe
subtilité	nom
subvenir	verbe
subvention	nom
subventionner	verbe
subversif	adjectif
subversion	nom
successeur	nom
successif	adjectif
succession	nom
successivement	adverbe
succinct	adjectif
succion	nom
succomber	verbe
succulence	nom
succulent	adjectif
succursale	nom
succès	nom
succédané	nom
succéder	verbe
sucer	verbe
sucette	nom
suceur	adjectif
sucre	nom
sucrer	verbe
sucrerie	nom
sucrette	nom
sucrier	adjectif
sucré	adjectif
sudiste	nom
suer	verbe
sueur	nom
suffire	verbe
suffisamment	adverbe
suffisance	nom
suffisant	adjectif
suffocant	adjectif
suffocation	nom
suffoquer	verbe
suffrage	nom
suggestif	adjectif
suggestion	nom
suggérer	verbe
suicidaire	adjectif
suicide	nom
suicider	verbe
suicidé	adjectif
suie	nom
suif	nom
suint	nom
suintant	adjectif
suintement	nom
suinter	verbe
suisse	adjectif
suite	nom
suivant	adjectif
suiveur	nom
suivi	adjectif
suivre	verbe
sujet	adjectif
sujétion	nom
sulfate	nom
sulfure	nom
sulfureux	adjectif
sulfurique	adjectif
sulpicien	adjectif
sultan	nom
sultane	nom
summum	nom
sumo	nom
super	adjectif
superbe	adjectif
superbement	adverbe
supercherie	nom
superficie	nom
superficiel	adjectif
superflu	adjectif
superfétatoire	adjectif
superman	nom
supermarché	nom
supernova	nom
superposer	verbe
superposition	nom
superposé	adjectif
superstar	nom
superstitieux	adjectif
superstition	nom
superstructure	nom
superviser	verbe
superviseur	nom
supervision	nom
supplanter	verbe
suppliant	adjectif
supplication	nom
supplice	nom
supplicier	verbe
supplicié	adjectif
supplier	verbe
supplique	nom
suppléant	nom
suppléer	verbe
supplément	nom
supplémentaire	adjectif
support	nom
supportable	adjectif
supporter	nom
supposer	verbe
supposition	nom
suppositoire	nom
supposé	adjectif
suppression	nom
supprimer	verbe
suppurer	verbe
supputation	nom
supputer	verbe
suppôt	nom
suprématie	nom
suprême	adjectif
suprêmement	adverbe
supérette	nom
supérieur	adjectif
supérieurement	adverbe
supériorité	nom
surabondance	nom
surabondant	adjectif
suraigu	adjectif
suranné	adjectif
surbaissé	adjectif
surboum	nom
surcharge	nom
surcharger	verbe
surchauffer	verbe
surcroît	nom
surdité	nom
surdoué	adjectif
sureau	nom
surenchère	nom
surenchérir	verbe
surestimer	verbe
surexcitation	nom
surexciter	verbe
surf	nom
surface	nom
surfer	verbe
surfeur	nom
surgelé	adjectif
surgeon	nom
surgir	verbe
surgissement	nom
surgé	nom
surhomme	nom
surhumain	adjectif
suri	adjectif
surimpression	nom
surin	nom
suriner	verbe
surlendemain	nom
surmenage	nom
surmener	verbe
surmené	adjectif
surmoi	nom
surmonter	verbe
surnager	verbe
surnaturel	adjectif
surnom	nom
surnombre	nom
surnommer	verbe
surnommé	adjectif
suroît	nom
surpasser	verbe
surpeuplé	adjectif
surplis	nom
surplomb	nom
surplomber	verbe
surplus	nom
surprenant	adjectif
surprendre	verbe
surpris	adjectif
surprise	nom
surréalisme	nom
surréaliste	adjectif
sursaut	nom
sursauter	verbe
surseoir	verbe
sursis	nom
surtout	adverbe
surveillance	nom
surveillant	nom
surveiller	verbe
survenir	verbe
survenue	nom
survie	nom
survivance	nom
survivant	adjectif
survivre	verbe
survol	nom
survoler	verbe
survolté	adjectif
survêtement	nom
surélever	verbe
susceptibilité	nom
susceptible	adjectif
susciter	verbe
sushi	nom
suspect	adjectif
suspecter	verbe
suspendre	verbe
suspendu	adjectif
suspens	nom
suspense	nom
suspension	nom
suspicieux	adjectif
suspicion	nom
sustenter	verbe
susurrer	verbe
suture	nom
suzerain	nom
suçon	nom
suçoter	verbe
suédine	nom
suédois	adjectif
suée	nom
svelte	adjectif
sveltesse	nom
swahili	nom
sweater	nom
swing	nom
sycomore	nom
syllabe	nom
syllogisme	nom
sylvestre	adjectif
sylvie	nom
symbiose	nom
symbiote	nom
symbole	nom
symbolique	adjectif
symboliquement	adverbe
symboliser	verbe
symbolisme	nom
sympa	adjectif
sympathie	nom
sympathique	adjectif
sympathisant	nom
sympathiser	verbe
symphonie	nom
symphonique	adjectif
symposium	nom
symptôme	nom
symétrie	nom
symétrique	adjectif
symétriquement	adverbe
synagogue	nom
synapse	nom
synchro	adjectif
synchrone	adjectif
synchronisation	nom
synchroniser	verbe
synchronisme	nom
syncope	nom
syncoper	verbe
syncopé	adjectif
syndic	nom
syndical	adjectif
syndicalisme	nom
syndicaliste	adjectif
syndicat	nom
syndiquer	verbe
syndiqué	adjectif
syndrome	nom
synonyme	adjectif
syntaxe	nom
synthèse	nom
synthé	nom
synthétique	adjectif
synthétiser	verbe
syphilis	nom
syphilitique	adjectif
syrien	adjectif
systolique	adjectif
système	nom
systématique	adjectif
sèchement	adverbe
sève	nom
séance	nom
séant	nom
sécateur	nom
sécession	nom
sécher	verbe
sécheresse	nom
séchoir	nom
sécréter	verbe
sécrétion	nom
sécu	nom
séculaire	adjectif
séculier	adjectif
sécuriser	verbe
sécurité	nom
sédatif	nom
sédentaire	adjectif
sédiment	nom
séditieux	adjectif
sédition	nom
séducteur	adjectif
séduction	nom
séduire	verbe
séduisant	adjectif
séduit	adjectif
ségrégation	nom
séisme	nom
séjour	nom
séjourner	verbe
sélect	adjectif
sélectif	adjectif
sélection	nom
sélectionner	verbe
sémaphore	nom
sémillant	adjectif
séminaire	nom
séminal	adjectif
séminariste	nom
sénat	nom
sénateur	nom
sénile	adjectif
sénilité	nom
sénéchal	nom
sénégalais	adjectif
séparation	nom
séparer	verbe
séparé	adjectif
séparément	adverbe
sépia	nom
sépulcral	adjectif
sépulcre	nom
sépulture	nom
séquelle	nom
séquence	nom
séquestration	nom
séquestre	nom
séquestrer	verbe
séquoia	nom
sérail	nom
séraphique	adjectif
série	nom
sérieusement	adverbe
sérieux	adjectif
séropositif	adjectif
sérotonine	nom
sérum	nom
sérénade	nom
sérénissime	adjectif
sérénité	nom
sésame	nom
sévir	verbe
sévère	adjectif
sévèrement	adverbe
sévérité	nom
sûr	adjectif
sûrement	adverbe
sûreté	nom
tabac	nom
tabasser	verbe
tabatière	nom
tabernacle	nom
table	nom
tableau	nom
tabler	verbe
tablette	nom
tablier	nom
tablée	nom
tabor	nom
tabou	adjectif
tabouret	nom
tache	nom
tacher	verbe
tacheter	verbe
tachycardie	nom
tacite	adjectif
tacitement	adverbe
taciturne	adjectif
taco	nom
tacot	nom
tact	nom
tactile	adjectif
tactique	adjectif
taenia	nom
taffe	nom
taffetas	nom
taie	nom
taillader	verbe
taille	nom
tailler	verbe
tailleur	nom
tailleuse	nom
taillis	nom
taillé	adjectif
tain	nom
taire	verbe
talbin	nom
talc	nom
talent	nom
talentueux	adjectif
taler	verbe
taliban	nom
talion	nom
talisman	nom
talmudique	adjectif
taloche	nom
talon	nom
talonner	verbe
talonnette	nom
talquer	verbe
talus	nom
tamaris	nom
tambouille	nom
tambour	nom
tambourin	nom
tambourinement	nom
tambouriner	verbe
tamis	nom
tamiser	verbe
tamisé	adjectif
tampon	nom
tamponner	verbe
tamponneur	adjectif
tancer	verbe
tanche	nom
tandem	nom
tangage	nom
tangent	adjectif
tangente	nom
tangible	adjectif
tango	adjectif
tanguer	verbe
tanière	nom
tank	nom
tanka	nom
tanker	nom
tanne	nom
tanner	verbe
tanneur	nom
tanné	adjectif
tant	adverbe
tante	nom
tantine	nom
tantinet	nom
tantouse	nom
tantouze	nom
tantôt	adverbe
taon	nom
taoïste	nom
tapage	nom
tapageur	adjectif
tapant	adjectif
tape	nom
taper	verbe
tapette	nom
tapi	adjectif
tapin	nom
tapiner	verbe
tapioca	nom
tapir	verbe
tapis	nom
tapisser	verbe
tapisserie	nom
tapissier	nom
tapotement	nom
tapoter	verbe
tapé	adjectif
taquin	adjectif
taquiner	verbe
taquinerie	nom
tarabiscoté	adjectif
tarabuster	verbe
tarauder	verbe
tard	adverbe
tarder	verbe
tardif	adjectif
tardivement	adverbe
tare	nom
targette	nom
targuer	verbe
tari	adjectif
tarif	nom
tarin	nom
tarir	verbe
taro	nom
tarot	nom
tartan	nom
tartare	adjectif
tarte	adjectif
tartelette	nom
tartine	nom
tartiner	verbe
tartir	verbe
tartre	nom
taré	adjectif
tasse	nom
tassement	nom
tasser	verbe
tassé	adjectif
tata	nom
tatane	nom
tatillon	adjectif
tatou	nom
tatouage	nom
tatouer	verbe
tatoueur	nom
tatoué	adjectif
taudis	nom
taulard	nom
taule	nom
taulier	nom
taupe	nom
taupinière	nom
taureau	nom
taux	nom
taverne	nom
tavernier	nom
taxe	nom
taxer	verbe
taxi	nom
taïga	nom
tchatche	nom
tchatcher	verbe
tchetnik	nom
tchèque	adjectif
tchécoslovaque	adjectif
tchétchène	nom
team	nom
technicien	adjectif
technicolor	nom
technique	adjectif
techniquement	adverbe
techno	adjectif
technologie	nom
technologique	adjectif
teckel	nom
teigne	nom
teigneux	adjectif
teindre	verbe
teint	adjectif
teinte	nom
teinter	verbe
teinture	nom
teinturerie	nom
teinturier	nom
tell	nom
tellement	adverbe
tellurique	adjectif
tempe	nom
temple	nom
templier	nom
tempo	nom
temporaire	adjectif
temporairement	adverbe
temporal	adjectif
temporel	adjectif
temporiser	verbe
temps	nom
tempérament	nom
température	nom
tempérer	verbe
tempéré	adjectif
tempête	nom
tempêter	verbe
tenable	adjectif
tenace	adjectif
tenaille	nom
tenailler	verbe
tenancier	nom
tenant	adjectif
tendance	nom
tender	nom
tendeur	nom
tendon	nom
tendre	adjectif
tendrement	adverbe
tendresse	nom
tendron	nom
tendu	adjectif
teneur	nom
tenir	verbe
tennis	nom
tennisman	nom
tension	nom
tentaculaire	adjectif
tentacule	nom
tentant	adjectif
tentateur	adjectif
tentation	nom
tentative	nom
tente	nom
tenter	verbe
tenture	nom
tenté	adjectif
tenu	adjectif
tenue	nom
tequila	nom
tergiversation	nom
tergiverser	verbe
terme	nom
terminal	adjectif
terminer	verbe
terminus	nom
termite	nom
termitière	nom
terne	adjectif
terni	adjectif
ternir	verbe
terrage	nom
terrain	nom
terrasse	nom
terrassement	nom
terrasser	verbe
terrassier	nom
terre	nom
terreau	nom
terrer	verbe
terrestre	adjectif
terreur	nom
terreux	adjectif
terrible	adjectif
terriblement	adverbe
terrien	adjectif
terrier	nom
terrifiant	adjectif
terrifier	verbe
terrifié	adjectif
terril	nom
terrine	nom
territoire	nom
territorial	adjectif
terroir	nom
terroriser	verbe
terrorisme	nom
terroriste	adjectif
terrorisé	adjectif
tertio	adverbe
tertre	nom
tesson	nom
test	nom
testament	nom
tester	verbe
testicule	nom
testostérone	nom
teuton	adjectif
teutonique	adjectif
teutonne	nom
texan	adjectif
texte	nom
textile	adjectif
texto	adverbe
textuellement	adverbe
texture	nom
thanksgiving	nom
thaï	adjectif
thaïlandais	adjectif
thermal	adjectif
thermique	adjectif
thermogène	adjectif
thermomètre	nom
thermonucléaire	adjectif
thermos	adjectif
thermostat	nom
thomas	nom
thon	nom
thoracique	adjectif
thorax	nom
thriller	nom
thrombose	nom
thune	nom
thym	nom
thème	nom
thèse	nom
thé	nom
théière	nom
théologie	nom
théologien	nom
théologique	adjectif
théoricien	nom
théorie	nom
théorique	adjectif
théoriquement	adverbe
théorème	nom
thérapeute	nom
thérapeutique	adjectif
thérapie	nom
théâtral	adjectif
théâtre	nom
tiare	nom
tibia	nom
tibétain	adjectif
ticket	nom
tiercé	nom
tiers	adjectif
tige	nom
tignasse	nom
tigre	nom
tigré	adjectif
tilbury	nom
tilleul	nom
tilt	nom
timbale	nom
timbre	nom
timbrer	verbe
timbré	adjectif
timide	adjectif
timidement	adverbe
timidité	nom
timing	nom
timon	nom
timonerie	nom
timonier	nom
timoré	adjectif
tinette	nom
tintamarre	nom
tintement	nom
tinter	verbe
tintinnabuler	verbe
tintouin	nom
tique	nom
tiquer	verbe
tirade	nom
tirage	nom
tiraillement	nom
tirailler	verbe
tirailleur	nom
tirant	nom
tire	nom
tirelire	nom
tirer	verbe
tiret	nom
tirette	nom
tireur	nom
tiroir	nom
tiré	adjectif
tirée	nom
tisane	nom
tison	nom
tisonner	verbe
tisonnier	nom
tissage	nom
tisser	verbe
tisserand	nom
tissu	adjectif
tissé	adjectif
titan	nom
titane	nom
titanesque	adjectif
titi	nom
titiller	verbe
titre	nom
titrer	verbe
titré	adjectif
titubant	adjectif
tituber	verbe
titulaire	adjectif
tiède	adjectif
tiédasse	adjectif
tiédeur	nom
tiédir	verbe
toast	nom
toboggan	nom
tocante	nom
tocard	adjectif
tocsin	nom
tofu	nom
toge	nom
toile	nom
toilette	nom
toiletter	verbe
toise	nom
toiser	verbe
toison	nom
toit	nom
toiture	nom
tolérable	adjectif
tolérance	nom
tolérant	adjectif
tolérer	verbe
tomate	nom
tombal	adjectif
tombant	adjectif
tombe	nom
tombeau	nom
tomber	verbe
tombereau	nom
tombeur	nom
tombola	nom
tombé	adjectif
tombée	nom
tome	nom
tommette	nom
tomographie	nom
tonalité	nom
tondeur	nom
tondre	verbe
tondu	adjectif
tong	nom
tonic	nom
tonique	adjectif
tonitruant	adjectif
tonitruer	verbe
tonnage	nom
tonnant	adjectif
tonne	nom
tonneau	nom
tonnelet	nom
tonnelier	nom
tonnelle	nom
tonnellerie	nom
tonner	verbe
tonnerre	nom
tonsure	nom
tonte	nom
tonton	nom
tonus	nom
topaze	nom
toper	verbe
topinambour	nom
topo	nom
topographie	nom
topographique	adjectif
toque	nom
toquer	verbe
toqué	adjectif
torche	nom
torcher	verbe
torchis	nom
torchon	nom
torchonner	verbe
torchère	nom
tordant	adjectif
tordre	verbe
tordu	adjectif
torero	nom
torgnole	nom
tornade	nom
toro	nom
torpeur	nom
torpille	nom
torpiller	verbe
torpilleur	nom
torpédo	nom
torrent	nom
torrentiel	adjectif
torride	adjectif
tors	adjectif
torsade	nom
torse	nom
torsion	nom
tort	nom
torticolis	nom
tortilla	nom
tortillard	nom
tortiller	verbe
tortillon	nom
tortionnaire	nom
tortore	nom
tortorer	verbe
tortu	adjectif
tortue	nom
tortueux	adjectif
torturant	adjectif
torture	nom
torturer	verbe
torturé	adjectif
torve	adjectif
toréador	nom
toscan	adjectif
total	adjectif
totalement	adverbe
totaliser	verbe
totalitaire	adjectif
totalitarisme	nom
totalité	nom
totem	nom
toubab	nom
toubib	nom
touchant	adjectif
touche	nom
toucher	nom
touché	adjectif
toue	nom
touffe	nom
touffeur	nom
touffu	adjectif
touiller	verbe
toujours	adverbe
toulousain	adjectif
toupet	nom
toupie	nom
tour	nom
tourangeau	adjectif
tourbe	nom
tourbillon	nom
tourbillonnant	adjectif
tourbillonner	verbe
tourbière	nom
tourelle	nom
tourisme	nom
touriste	nom
touristique	adjectif
tourment	nom
tourmente	nom
tourmenter	verbe
tourmenté	adjectif
tournage	nom
tournant	adjectif
tourne	nom
tournelle	nom
tournemain	nom
tourner	verbe
tournesol	nom
tourneur	nom
tournevis	nom
tournicoter	verbe
tourniquet	nom
tournis	nom
tournoi	nom
tournoiement	nom
tournoyant	adjectif
tournoyer	verbe
tournure	nom
tourné	adjectif
tournée	nom
tourte	nom
tourteau	nom
tourtereau	nom
toussaint	nom
tousser	verbe
toussotement	nom
toussoter	verbe
tout	adjectif
toutefois	adverbe
toutim	nom
toutime	nom
toutou	nom
toux	nom
toxico	adjectif
toxicologie	nom
toxicologique	adjectif
toxicomane	nom
toxine	nom
toxique	adjectif
trac	nom
tracas	nom
tracasser	verbe
tracasserie	nom
trace	nom
tracer	verbe
traceur	nom
trachée	nom
tract	nom
tractation	nom
tracteur	adjectif
traction	nom
tracé	nom
tradition	nom
traditionalisme	nom
traditionaliste	nom
traditionnel	adjectif
traducteur	nom
traduction	nom
traduire	verbe
trafic	nom
trafiquant	nom
trafiquer	verbe
tragique	adjectif
tragiquement	adverbe
tragédie	nom
tragédien	nom
trahi	adjectif
trahir	verbe
trahison	nom
train	nom
traire	verbe
trait	adjectif
traite	nom
traitement	nom
traiter	verbe
traiteur	nom
traité	adjectif
trajectoire	nom
trajet	nom
tralala	nom
tram	nom
trame	nom
tramer	verbe
trampoline	nom
tramway	nom
tranchant	adjectif
tranche	nom
trancher	verbe
tranché	adjectif
tranchée	nom
tranquille	adjectif
tranquillement	adverbe
tranquillisant	adjectif
tranquilliser	verbe
tranquillité	nom
tranquillos	adverbe
transaction	nom
transat	nom
transatlantique	adjectif
transbahuter	verbe
transbordement	nom
transcendance	nom
transcendant	adjectif
transcendantal	adjectif
transcender	verbe
transcription	nom
transcrire	verbe
transe	nom
transept	nom
transfert	nom
transfiguration	nom
transfigurer	verbe
transformateur	nom
transformation	nom
transformer	verbe
transformé	adjectif
transfuge	nom
transfuser	verbe
transfusion	nom
transférer	verbe
transgresser	verbe
transgression	nom
transi	adjectif
transiger	verbe
transir	verbe
transistor	nom
transit	nom
transiter	verbe
transition	nom
transitoire	adjectif
translation	nom
translucide	adjectif
transmetteur	nom
transmettre	verbe
transmis	adjectif
transmission	nom
transmuer	verbe
transmutation	nom
transparaître	verbe
transparence	nom
transparent	adjectif
transpercer	verbe
transpirant	adjectif
transpiration	nom
transpirer	verbe
transplantation	nom
transplanter	verbe
transpondeur	nom
transport	nom
transportable	adjectif
transporter	verbe
transporteur	adjectif
transporté	nom
transposer	verbe
transposition	nom
transsexuel	adjectif
transvaser	verbe
transversal	adjectif
trappe	nom
trappeur	nom
trapu	adjectif
trapèze	nom
trapéziste	nom
trapézoïdal	adjectif
traque	nom
traquenard	nom
traquer	verbe
traqueur	nom
trauma	nom
traumatique	adjectif
traumatisant	adjectif
traumatiser	verbe
traumatisme	nom
travail	nom
travailler	verbe
travailleur	adjectif
travailliste	nom
travaillé	adjectif
travelling	nom
travelo	nom
travers	nom
traversant	adjectif
traverse	nom
traverser	verbe
traversin	nom
traversé	adjectif
traversée	nom
travesti	adjectif
travestir	verbe
travestissement	nom
travée	nom
traînailler	verbe
traînant	adjectif
traînard	adjectif
traînasser	verbe
traîne	nom
traîneau	nom
traîner	verbe
traînée	adjectif
traître	adjectif
traîtresse	nom
traîtreusement	adverbe
traîtrise	nom
treillage	nom
treille	nom
treillis	nom
treizième	adjectif
tremblant	adjectif
tremble	nom
tremblement	nom
trembler	verbe
tremblotant	adjectif
tremblote	nom
trembloter	verbe
tremblé	adjectif
trempe	nom
tremper	verbe
trempette	nom
tremplin	nom
trempé	adjectif
trentaine	nom
trente	nom
trentième	adjectif
tressaillement	nom
tressaillir	verbe
tressautant	adjectif
tressautement	nom
tressauter	verbe
tresse	nom
tresser	verbe
treuil	nom
triade	nom
triage	nom
triangle	nom
triangulaire	adjectif
tribal	adjectif
tribord	nom
tribu	nom
tribulation	nom
tribun	nom
tribunal	nom
tribune	nom
tribut	nom
tributaire	adjectif
tricard	adjectif
triche	nom
tricher	verbe
tricherie	nom
tricheur	adjectif
tricolore	adjectif
tricorne	nom
tricot	nom
tricoter	verbe
tricoteur	nom
tricycle	nom
trident	nom
trier	verbe
trifouiller	verbe
trille	nom
trimard	nom
trimardeur	nom
trimbaler	verbe
trimballer	verbe
trimer	verbe
trimestre	nom
trimestriel	adjectif
tringle	nom
tringler	verbe
trinquer	verbe
trio	nom
triomphal	adjectif
triomphalement	adverbe
triomphant	adjectif
triomphateur	nom
triomphe	nom
triompher	verbe
trip	nom
tripaille	nom
tripartite	adjectif
tripatouiller	verbe
tripe	nom
tripette	nom
triple	adjectif
tripler	verbe
triplé	nom
triporteur	nom
tripot	nom
tripoter	verbe
triptyque	nom
trique	nom
triquer	verbe
trisser	verbe
triste	adjectif
tristement	adverbe
tristesse	nom
triton	nom
triturer	verbe
triumvirat	nom
trivial	adjectif
troc	nom
troglodyte	nom
trogne	nom
trognon	nom
troisième	adjectif
troisièmement	adverbe
troll	nom
trolley	nom
trolleybus	nom
trombe	nom
trombine	nom
tromblon	nom
trombone	nom
trompe	nom
tromper	verbe
tromperie	nom
trompette	nom
trompettiste	nom
trompeur	adjectif
trompé	adjectif
tronc	nom
tronche	nom
tronquer	verbe
tronqué	adjectif
tronçon	nom
tronçonner	verbe
trop	adverbe
trophée	nom
tropical	adjectif
tropique	nom
tropisme	nom
troquer	verbe
troquet	nom
trot	nom
trotskiste	adjectif
trotte	nom
trotter	verbe
trotteur	nom
trottinement	nom
trottiner	verbe
trottinette	nom
trottoir	nom
trou	nom
troubadour	nom
troublant	adjectif
trouble	adjectif
troubler	verbe
troublé	adjectif
trouduc	nom
trouer	verbe
troufion	nom
trouillard	adjectif
trouille	nom
troupe	nom
troupeau	nom
troupier	nom
trousse	nom
trousseau	nom
trousser	verbe
trouvaille	nom
trouver	verbe
trouvé	adjectif
troué	adjectif
trouée	nom
troène	nom
troïka	nom
truand	nom
truandage	nom
truanderie	nom
truc	nom
trucage	nom
truchement	nom
trucider	verbe
truculent	adjectif
truelle	nom
truffe	nom
truffer	verbe
truie	nom
truite	nom
trumeau	nom
truquage	nom
truquer	verbe
truqué	adjectif
trust	nom
trèfle	nom
trèpe	nom
très	adverbe
trébuchant	adjectif
trébucher	verbe
tréfonds	nom
trémière	adjectif
trémolo	nom
trémousser	verbe
trépas	nom
trépasser	verbe
trépidant	adjectif
trépidation	nom
trépider	verbe
trépied	nom
trépignant	adjectif
trépignement	nom
trépigner	verbe
trésor	nom
trésorerie	nom
trésorier	nom
tréteau	nom
trêve	nom
trône	nom
trôner	verbe
tsar	nom
tsarévitch	nom
tsunami	nom
tuant	adjectif
tuba	nom
tubard	adjectif
tubardise	nom
tube	nom
tubercule	nom
tuberculeux	adjectif
tuberculose	nom
tubulure	nom
tuer	verbe
tuerie	nom
tueur	nom
tueuse	nom
tuile	nom
tuilerie	nom
tulipe	nom
tulle	nom
tumeur	nom
tumulte	nom
tumultueux	adjectif
tumulus	nom
tuméfier	verbe
tuméfié	adjectif
tune	nom
tunique	nom
tunisien	adjectif
tunnel	nom
turban	nom
turbin	nom
turbine	nom
turbiner	verbe
turbo	nom
turbot	nom
turbulence	nom
turbulent	adjectif
turc	adjectif
turco	nom
turf	nom
turista	nom
turlupiner	verbe
turne	nom
turpitude	nom
turquoise	adjectif
tussor	nom
tutelle	nom
tuteur	nom
tutoiement	nom
tutoyer	verbe
tutu	nom
tutélaire	adjectif
tuyau	nom
tuyauter	verbe
tuyauterie	nom
tué	adjectif
tweed	nom
twist	nom
tympan	nom
type	nom
typhon	nom
typhoïde	nom
typhus	nom
typique	adjectif
typiquement	adverbe
typo	nom
typographe	nom
tyran	nom
tyrannie	nom
tyrannique	adjectif
tyranniser	verbe
tyrolien	adjectif
tzar	nom
tzigane	adjectif
tâche	nom
tâcher	verbe
tâcheron	nom
tâter	verbe
tâtonnant	adjectif
tâtonnement	nom
tâtonner	verbe
télencéphale	nom
télescope	nom
télescoper	verbe
télescopique	adjectif
télex	nom
téloche	nom
télègue	nom
télé	nom
télécharger	verbe
télécommande	nom
télécommander	verbe
téléfilm	nom
télégramme	nom
télégraphe	nom
télégraphier	verbe
télégraphique	adjectif
télégraphiste	nom
télékinésie	nom
télémétrie	nom
téléobjectif	nom
télépathe	nom
télépathie	nom
télépathique	adjectif
téléphone	nom
téléphoner	verbe
téléphonique	adjectif
téléphoniste	nom
téléphoné	adjectif
téléphérique	nom
téléportation	nom
téléscripteur	nom
télésiège	nom
téléspectateur	nom
téléviseur	nom
télévision	nom
télévisé	adjectif
témoignage	nom
témoigner	verbe
témoin	nom
téméraire	adjectif
témérité	nom
ténacité	nom
ténia	nom
ténor	nom
ténu	adjectif
ténèbre	nom
ténébreux	adjectif
térébenthine	nom
tétaniser	verbe
tétanisé	adjectif
tétanos	nom
téter	verbe
tétine	nom
téton	nom
tétée	nom
têt	nom
têtard	nom
tête	nom
têtu	adjectif
tôle	nom
tôt	adverbe
ubiquité	nom
uhlan	nom
ukrainien	adjectif
ulcère	nom
ulcéré	adjectif
ultimatum	nom
ultime	adjectif
ultra	adjectif
ultrason	nom
ultérieur	adjectif
ultérieurement	adverbe
unanime	adjectif
unanimement	adverbe
unanimité	nom
underground	adjectif
unetelle	nom
unification	nom
unifier	verbe
uniforme	adjectif
uniformiser	verbe
uniformité	nom
uniformément	adverbe
unijambiste	adjectif
unilatéral	adjectif
union	nom
uniprix	nom
unique	adjectif
uniquement	adverbe
unir	verbe
unisson	nom
unité	nom
univers	nom
universal	nom
universel	adjectif
universitaire	adjectif
université	nom
unième	adjectif
untel	nom
uppercut	nom
uranium	nom
urbain	adjectif
urbanisme	nom
urgence	nom
urgent	adjectif
urger	verbe
urinaire	adjectif
urine	nom
uriner	verbe
urinoir	nom
urne	nom
ursuline	nom
urticaire	nom
uruguayen	nom
usage	nom
usager	nom
usagé	adjectif
user	verbe
usine	nom
usiner	verbe
ustensile	nom
usuel	adjectif
usure	nom
usurier	nom
usurpateur	nom
usurpation	nom
usurper	verbe
usé	adjectif
utile	adjectif
utilement	adverbe
utilisable	adjectif
utilisateur	nom
utilisation	nom
utiliser	verbe
utilisé	adjectif
utilitaire	adjectif
utilité	nom
utopie	nom
utopique	adjectif
utérin	adjectif
utérus	nom
vacance	nom
vacancier	nom
vacant	adjectif
vacarme	nom
vacation	nom
vaccin	nom
vaccination	nom
vacciner	verbe
vachard	adjectif
vache	adjectif
vachement	adverbe
vacher	nom
vacherie	nom
vacherin	nom
vachère	nom
vacillant	adjectif
vaciller	verbe
vacuité	nom
vadrouille	nom
vadrouiller	verbe
vagabond	adjectif
vagabondage	nom
vagabonder	verbe
vagin	nom
vaginal	adjectif
vagir	verbe
vagissement	nom
vague	adjectif
vaguelette	nom
vaguement	adverbe
vaguemestre	nom
vaguer	verbe
vahiné	nom
vaillamment	adverbe
vaillance	nom
vaillant	adjectif
vain	adjectif
vaincre	verbe
vaincu	adjectif
vainement	adverbe
vainqueur	adjectif
vairon	adjectif
vaisseau	nom
vaisselier	nom
vaisselle	nom
valable	adjectif
valdinguer	verbe
valet	nom
valetaille	nom
valeur	nom
valeureux	adjectif
valide	adjectif
valider	verbe
validé	adjectif
valise	nom
vallon	nom
vallonnement	nom
vallonné	adjectif
vallée	nom
valoche	nom
valoir	verbe
valoriser	verbe
valse	nom
valser	verbe
valseur	nom
valve	nom
vamp	nom
vampire	nom
vanadium	nom
vandale	nom
vandalisme	nom
vanille	nom
vaniteux	adjectif
vanité	nom
vanne	nom
vanneau	nom
vanner	verbe
vannerie	nom
vanné	adjectif
vantail	nom
vantard	adjectif
vantardise	nom
vanter	verbe
vape	nom
vapeur	nom
vaporeux	adjectif
vaporisateur	nom
vaporiser	verbe
vaquer	verbe
varech	nom
varenne	nom
vareuse	nom
variable	adjectif
variante	nom
variation	nom
varice	nom
varicelle	nom
varier	verbe
variole	nom
varié	adjectif
variété	nom
vasculaire	adjectif
vase	nom
vaseline	nom
vaseux	adjectif
vasistas	nom
vasière	nom
vasque	nom
vassal	nom
vaste	adjectif
vaticiner	verbe
vaudeville	nom
vaudois	adjectif
vaudou	adjectif
vaurien	nom
vautour	nom
vautrer	verbe
vautré	adjectif
veau	nom
vecteur	nom
vedette	nom
veille	nom
veiller	verbe
veilleur	nom
veilleuse	nom
veillée	nom
veinard	adjectif
veine	nom
veinule	nom
veiné	adjectif
velléitaire	adjectif
velléité	nom
velours	nom
velouter	verbe
velouté	adjectif
velu	adjectif
venaison	nom
vendange	nom
vendanger	verbe
vendangeur	nom
vendetta	nom
vendeur	nom
vendre	verbe
vendredi	nom
vendu	adjectif
venelle	nom
veneur	nom
vengeance	nom
venger	verbe
vengeur	adjectif
venimeux	adjectif
venin	nom
venir	verbe
vent	nom
vente	nom
venter	verbe
venteux	adjectif
ventilateur	nom
ventilation	nom
ventiler	verbe
ventilo	nom
ventouse	nom
ventral	adjectif
ventre	nom
ventriculaire	adjectif
ventricule	nom
ventriloque	nom
ventripotent	adjectif
ventru	adjectif
ventrée	nom
ventôse	nom
venu	adjectif
venue	nom
verbal	adjectif
verbalement	adverbe
verbaliser	verbe
verbe	nom
verbiage	nom
verdeur	nom
verdi	adjectif
verdict	nom
verdir	verbe
verdissant	adjectif
verdoyant	adjectif
verdoyer	verbe
verdure	nom
verdâtre	adjectif
verge	nom
verger	nom
verglas	nom
vergogne	nom
vermeil	adjectif
vermicelle	nom
vermillon	adjectif
vermine	nom
vermoulu	adjectif
vermouth	nom
verni	adjectif
vernir	verbe
vernis	nom
vernissage	nom
vernisser	verbe
vernissé	adjectif
verrat	nom
verre	nom
verrerie	nom
verrière	nom
verroterie	nom
verrou	nom
verrouillage	nom
verrouiller	verbe
verrouillé	adjectif
verrue	nom
versaillais	nom
versant	nom
verse	nom
versement	nom
verser	verbe
verset	nom
version	nom
verso	nom
versé	adjectif
vert	adjectif
vertement	adverbe
vertex	nom
vertical	adjectif
verticale	nom
verticalement	adverbe
vertige	nom
vertigineusement	adverbe
vertigineux	adjectif
vertu	nom
vertueux	adjectif
vertèbre	nom
vertébral	adjectif
verve	nom
verveine	nom
vespa	nom
vespéral	adjectif
vessie	nom
vestale	nom
veste	nom
vestiaire	nom
vestibule	nom
vestige	nom
vestimentaire	adjectif
veston	nom
veto	nom
veuf	adjectif
veule	adjectif
veulerie	nom
veuvage	nom
vexant	adjectif
vexation	nom
vexer	verbe
vexé	adjectif
viable	adjectif
viaduc	nom
viande	nom
viandox	nom
viatique	nom
vibrant	adjectif
vibration	nom
vibrato	nom
vibrer	verbe
vibromasseur	nom
vicaire	nom
vice	nom
vicelard	adjectif
vichy	nom
vicieux	adjectif
vicinal	adjectif
vicissitude	nom
vicié	adjectif
vicomte	nom
victime	nom
victoire	nom
victorien	adjectif
victorieusement	adverbe
victorieux	adjectif
victuaille	nom
vidange	nom
vide	adjectif
vider	verbe
videur	nom
vidé	adjectif
vidéo	adjectif
vidéoclub	nom
vieil	adjectif
vieillard	nom
vieillerie	nom
vieillesse	nom
vieilli	adjectif
vieillir	verbe
vieillissant	adjectif
vieillissement	nom
vieillot	adjectif
vielle	nom
viennois	adjectif
viennoiserie	nom
vierge	adjectif
vietnamien	adjectif
vieux	adjectif
vigie	nom
vigilance	nom
vigilant	adjectif
vigile	nom
vigne	nom
vigneron	nom
vignette	nom
vignoble	nom
vigoureusement	adverbe
vigoureux	adjectif
vigueur	nom
viguier	nom
vilain	adjectif
vilebrequin	nom
vilenie	nom
vilipender	verbe
villa	nom
village	nom
villageois	adjectif
ville	nom
villette	nom
villégiature	nom
vinaigre	nom
vinaigrette	nom
vinasse	nom
vindicatif	adjectif
vindicte	nom
vineux	adjectif
vingtaine	nom
vingtième	adjectif
vinyle	nom
viol	nom
violacer	verbe
violacé	adjectif
violation	nom
viole	nom
violemment	adverbe
violence	nom
violent	nom
violenter	verbe
violer	verbe
violet	adjectif
violette	nom
violeur	nom
violon	nom
violoncelle	nom
violoncelliste	nom
violoniste	nom
violâtre	adjectif
vioque	adjectif
vipère	nom
virage	nom
viral	adjectif
virement	nom
virer	verbe
virevolter	verbe
virginal	adjectif
virginie	nom
virginité	nom
virgule	nom
viril	adjectif
virilement	adverbe
virilité	nom
virtuel	adjectif
virtuellement	adverbe
virtuose	adjectif
virtuosité	nom
virulence	nom
virulent	adjectif
virus	nom
virée	nom
visa	nom
visage	nom
viscosité	nom
viscère	nom
viscéral	adjectif
viser	verbe
viseur	nom
visibilité	nom
visible	adjectif
visiblement	adverbe
vision	nom
visionnaire	adjectif
visionner	verbe
visitation	nom
visite	nom
visiter	verbe
visiteur	nom
visière	nom
vison	nom
visqueux	adjectif
visser	verbe
vista	nom
visualiser	verbe
visuel	adjectif
visé	adjectif
visée	nom
vital	adjectif
vitalité	nom
vitamine	nom
vite	adverbe
vitesse	nom
viticulteur	nom
vitrage	nom
vitrail	nom
vitre	nom
vitreux	adjectif
vitrier	nom
vitrifier	verbe
vitrine	nom
vitriol	nom
vitré	adjectif
vitupérer	verbe
vivable	adjectif
vivace	adjectif
vivacité	nom
vivant	adjectif
vivat	nom
vive	nom
vivement	adverbe
vivier	nom
vivifiant	adjectif
vivifier	verbe
vivoter	verbe
vivre	nom
vizir	nom
vocable	nom
vocabulaire	nom
vocal	adjectif
vocalise	nom
vocation	nom
vociférant	adjectif
vocifération	nom
vociférer	verbe
vodka	nom
voeu	nom
vogue	nom
voguer	verbe
voie	nom
voilage	nom
voile	nom
voiler	verbe
voilette	nom
voilier	nom
voilure	nom
voilé	adjectif
voir	verbe
voire	adverbe
voirie	nom
voisin	adjectif
voisinage	nom
voisiner	verbe
voiture	nom
voiturer	verbe
voiturette	nom
voiturier	nom
voix	nom
volage	adjectif
volaille	nom
volant	adjectif
volatil	adjectif
volatile	nom
volatiliser	verbe
volcan	nom
volcanique	adjectif
vole	nom
voler	verbe
volet	nom
voletant	adjectif
voleter	verbe
voleur	adjectif
volige	nom
volière	nom
volley	nom
volontaire	adjectif
volontairement	adverbe
volontariat	nom
volontiers	adverbe
volonté	nom
volt	nom
volte	nom
voltige	nom
voltiger	verbe
voltigeur	nom
volubile	adjectif
volubilement	adverbe
volubilis	nom
volubilité	nom
volume	nom
volumineux	adjectif
voluptueusement	adverbe
voluptueux	adjectif
volupté	nom
volute	nom
volé	adjectif
volée	nom
vomi	nom
vomir	verbe
vomissement	nom
vomissure	nom
vorace	adjectif
voracement	adverbe
voracité	nom
vortex	nom
vote	nom
voter	verbe
votif	adjectif
vouer	verbe
vouivre	nom
vouloir	nom
voulu	adjectif
voussure	nom
vouvoyer	verbe
voyage	nom
voyager	verbe
voyageur	adjectif
voyance	nom
voyant	adjectif
voyelle	nom
voyeur	nom
voyou	nom
voûte	nom
voûter	verbe
voûté	adjectif
vrac	nom
vrai	adjectif
vraiment	adverbe
vraisemblable	adjectif
vraisemblance	nom
vrille	nom
vriller	verbe
vrombir	verbe
vrombissant	adjectif
vrombissement	nom
vulgaire	adjectif
vulgairement	adverbe
vulgarité	nom
vulnérabilité	nom
vulnérable	adjectif
vulve	nom
vécu	adjectif
végétal	adjectif
végétarien	adjectif
végétatif	adjectif
végétation	nom
végéter	verbe
véhicule	nom
véhiculer	verbe
véhémence	nom
véhément	adjectif
vélin	nom
vélo	nom
véloce	adjectif
vélocité	nom
vélodrome	nom
vélomoteur	nom
vénal	adjectif
vénerie	nom
véniel	adjectif
vénitien	adjectif
vénitienne	nom
vénus	nom
vénéneux	adjectif
vénérable	adjectif
vénération	nom
vénérer	verbe
vénérien	adjectif
vénéré	adjectif
véracité	nom
véranda	nom
véreux	adjectif
véridique	adjectif
vérification	nom
vérifier	verbe
vérifié	adjectif
véritable	adjectif
véritablement	adverbe
vérité	nom
vérole	nom
vérolé	adjectif
véronique	nom
vésicule	nom
vétille	nom
vétilleux	adjectif
vétuste	adjectif
vétusté	nom
vétéran	nom
vétérinaire	adjectif
vêler	verbe
vêtement	nom
vêtir	verbe
vêtu	adjectif
vêture	nom
wagon	nom
wagonnet	nom
walkman	nom
wallace	nom
water	nom
watt	nom
western	nom
wharf	nom
whiskey	nom
whisky	nom
willaya	nom
xavier	nom
xénophobie	nom
xérès	nom
yacht	nom
yack	nom
yakuza	nom
yali	nom
yang	nom
yankee	nom
yaourt	nom
yard	nom
yatagan	nom
yeshiva	nom
yeuse	nom
yiddish	adjectif
yoga	nom
yogi	nom
york	nom
yougoslave	adjectif
youpin	nom
yourte	nom
youyou	nom
yoyo	nom
yuan	nom
yuppie	nom
yéti	nom
zakouski	nom
zanzi	nom
zapper	verbe
zarbi	adjectif
zazou	adjectif
zelle	nom
zeste	nom
zibeline	nom
zieuter	verbe
zigoto	nom
zigouiller	verbe
zigue	nom
zigzag	nom
zigzagant	adjectif
zigzaguer	verbe
zinc	nom
zingaro	nom
zinzin	adjectif
zizanie	nom
zizi	nom
zloty	nom
zodiaque	nom
zombi	nom
zombie	nom
zona	nom
zonard	nom
zone	nom
zoner	verbe
zonzon	nom
zoologique	adjectif
zoom	nom
zoomer	verbe
zouave	nom
zozo	nom
zyeuter	verbe
zyklon	nom
zèbre	nom
zèle	nom
zébrer	verbe
zébrure	nom
zébré	adjectif
zélote	nom
zélé	adjectif
zénith	nom
zéphyr	nom
zéro	nom
zézayer	verbe
zézette	nom
âcre	adjectif
âcreté	nom
âge	nom
âgé	adjectif
âme	nom
âne	nom
ânerie	nom
ânesse	nom
ânier	nom
ânonner	verbe
âpre	adjectif
âprement	adverbe
âpreté	nom
âtre	nom
çà	adverbe
ère	nom
ève	nom
ébahi	adjectif
ébahir	verbe
ébahissement	nom
ébattre	verbe
ébauche	nom
ébaucher	verbe
ébauché	adjectif
éberluer	verbe
éberlué	adjectif
ébloui	adjectif
éblouir	verbe
éblouissant	adjectif
éblouissement	nom
ébonite	nom
éborgner	verbe
éboueur	nom
ébouillanter	verbe
éboulement	nom
ébouler	verbe
éboulis	nom
ébouriffer	verbe
ébouriffé	adjectif
ébrancher	verbe
ébranlement	nom
ébranler	verbe
ébriété	nom
ébrouer	verbe
ébruiter	verbe
ébrécher	verbe
ébréché	adjectif
ébullition	nom
ébène	nom
ébéniste	nom
écaille	nom
écailler	verbe
écailleux	adjectif
écaillé	adjectif
écarlate	adjectif
écarquiller	verbe
écart	nom
écarteler	verbe
écartelé	adjectif
écarter	verbe
écarté	adjectif
écervelé	adjectif
échafaud	nom
échafaudage	nom
échafauder	verbe
échalas	nom
échalote	nom
échancrer	verbe
échancrure	nom
échancré	adjectif
échange	nom
échanger	verbe
échantillon	nom
échantillonnage	nom
échappatoire	nom
échappement	nom
échapper	verbe
échappé	adjectif
échappée	nom
écharde	nom
écharpe	nom
écharper	verbe
échasse	nom
échassier	nom
échauffement	nom
échauffer	verbe
échauffourée	nom
échec	nom
échelle	nom
échelon	nom
échelonner	verbe
écheveau	nom
écheveler	verbe
échevelé	adjectif
échine	nom
échiner	verbe
échiquier	nom
écho	nom
échographie	nom
échoir	verbe
échoppe	nom
échotier	nom
échouer	verbe
échéance	nom
échéant	adjectif
éclaboussant	adjectif
éclaboussement	nom
éclabousser	verbe
éclaboussure	nom
éclair	adjectif
éclairage	nom
éclairant	adjectif
éclaircie	nom
éclaircir	verbe
éclaircissement	nom
éclairer	verbe
éclaireur	nom
éclairé	adjectif
éclat	nom
éclatant	adjectif
éclatement	nom
éclater	verbe
éclaté	adjectif
éclectique	adjectif
éclipse	nom
éclipser	verbe
éclopé	nom
éclore	verbe
éclos	adjectif
éclosion	nom
écluse	nom
écluser	verbe
écoeurant	adjectif
écoeurement	nom
écoeurer	verbe
écoeuré	adjectif
école	nom
écolier	nom
écolo	nom
écologique	adjectif
écologiste	adjectif
éconduire	verbe
économat	nom
économe	adjectif
économie	nom
économique	adjectif
économiquement	adverbe
économiser	verbe
économiste	nom
écoper	verbe
écorce	nom
écorcher	verbe
écorchure	nom
écorché	adjectif
écorcé	adjectif
écorner	verbe
écorné	adjectif
écossais	adjectif
écosser	verbe
écosystème	nom
écot	nom
écoulement	nom
écouler	verbe
écoulé	adjectif
écourter	verbe
écoutant	nom
écoute	nom
écouter	verbe
écouteur	nom
écoutille	nom
écrabouiller	verbe
écran	nom
écrasant	adjectif
écrasement	nom
écraser	verbe
écrasé	adjectif
écrevisse	nom
écrier	verbe
écrin	nom
écrire	verbe
écrit	adjectif
écriteau	nom
écritoire	nom
écriture	nom
écrivain	nom
écrou	nom
écrouer	verbe
écroulement	nom
écrouler	verbe
écru	adjectif
écrémer	verbe
écu	nom
écueil	nom
écuelle	nom
éculer	verbe
éculé	adjectif
écumant	adjectif
écume	nom
écumer	verbe
écumeux	adjectif
écumoire	nom
écureuil	nom
écurie	nom
écusson	nom
écuyer	nom
éden	nom
édenté	adjectif
édicter	verbe
édifiant	adjectif
édification	nom
édifice	nom
édifier	verbe
édit	nom
éditer	verbe
éditeur	nom
édition	nom
éditorial	nom
éditorialiste	nom
édredon	nom
éducateur	nom
éducatif	adjectif
éducation	nom
édulcorer	verbe
éduquer	verbe
égailler	verbe
égal	adjectif
également	adverbe
égaler	verbe
égaliser	verbe
égalité	nom
égard	nom
égarement	nom
égarer	verbe
égaré	adjectif
égayer	verbe
égide	nom
églantier	nom
églantine	nom
église	nom
égocentrique	adjectif
égorgement	nom
égorger	verbe
égorgeur	nom
égosiller	verbe
égout	nom
égoutier	nom
égoutter	verbe
égouttoir	nom
égoïsme	nom
égoïste	adjectif
égratigner	verbe
égratignure	nom
égrener	verbe
égrillard	adjectif
égyptien	adjectif
éhonté	adjectif
éjaculation	nom
éjaculer	verbe
éjecter	verbe
élaboration	nom
élaborer	verbe
élaboré	adjectif
élaguer	verbe
élan	nom
élancement	nom
élancer	verbe
élancé	adjectif
élargir	verbe
élargissement	nom
élasticité	nom
élastique	adjectif
électeur	nom
élection	nom
électoral	adjectif
électricien	nom
électricité	nom
électrifier	verbe
électrique	adjectif
électriser	verbe
électrochoc	nom
électrocuter	verbe
électrode	nom
électrogène	adjectif
électron	nom
électronique	adjectif
électrophone	nom
élevage	nom
élever	verbe
éleveur	nom
élevé	adjectif
élimer	verbe
élimination	nom
éliminer	verbe
éliminé	adjectif
élimé	adjectif
élire	verbe
élite	nom
élixir	nom
élocution	nom
éloge	nom
élogieux	adjectif
éloignement	nom
éloigner	verbe
éloigné	adjectif
éloquence	nom
éloquent	adjectif
élu	adjectif
élucidation	nom
élucider	verbe
élucubration	nom
éluder	verbe
élysée	nom
élytre	nom
élève	nom
élégamment	adverbe
élégance	nom
élégant	adjectif
élément	nom
élémentaire	adjectif
éléphant	nom
élévation	nom
émacié	adjectif
émail	nom
émailler	verbe
émaillé	adjectif
émanation	nom
émancipation	nom
émanciper	verbe
émaner	verbe
émasculer	verbe
émeraude	adjectif
émergence	nom
émerger	verbe
émeri	nom
émerveillement	nom
émerveiller	verbe
émetteur	adjectif
émettre	verbe
émeute	nom
émeutier	nom
émietter	verbe
émigrant	nom
émigration	nom
émigrer	verbe
émigré	adjectif
émilien	nom
éminemment	adverbe
éminence	nom
éminent	adjectif
émir	nom
émissaire	adjectif
émission	nom
émoi	nom
émonder	verbe
émotif	adjectif
émotion	nom
émotionnel	adjectif
émousser	verbe
émoussé	adjectif
émoustiller	verbe
émouvant	adjectif
émouvoir	verbe
ému	adjectif
émulation	nom
émule	nom
éméché	adjectif
émérite	adjectif
énamouré	adjectif
énergie	nom
énergique	adjectif
énergiquement	adverbe
énergumène	nom
énergétique	adjectif
énervant	adjectif
énervement	nom
énerver	verbe
énervé	adjectif
énigmatique	adjectif
énigme	nom
énième	adjectif
énoncer	verbe
énoncé	nom
énorme	adjectif
énormité	nom
énormément	adverbe
énumération	nom
énumérer	verbe
éolien	adjectif
épagneul	nom
épais	adjectif
épaissement	adverbe
épaisseur	nom
épaissir	verbe
épanchement	nom
épancher	verbe
épandre	verbe
épanoui	adjectif
épanouir	verbe
épanouissement	nom
épargnant	nom
épargne	nom
épargner	verbe
éparpillement	nom
éparpiller	verbe
éparpillé	adjectif
épars	adjectif
épatant	adjectif
épate	nom
épater	verbe
épaté	adjectif
épaule	nom
épauler	verbe
épaulette	nom
épave	nom
épeler	verbe
éperdu	adjectif
éperdument	adverbe
éperon	nom
éperonner	verbe
épervier	nom
éphèbe	nom
éphémère	adjectif
éphéméride	nom
épi	nom
épice	nom
épicentre	nom
épicer	verbe
épicerie	nom
épicier	nom
épicé	adjectif
épiderme	nom
épidermique	adjectif
épidémie	nom
épier	verbe
épigraphe	nom
épilation	nom
épilepsie	nom
épileptique	adjectif
épiler	verbe
épilogue	nom
épiloguer	verbe
épinard	nom
épine	nom
épineux	adjectif
épingle	nom
épingler	verbe
épiphanie	nom
épique	adjectif
épiscopal	adjectif
épisode	nom
épisodique	adjectif
épisodiquement	adverbe
épistolaire	adjectif
épitaphe	nom
épithète	nom
éploré	adjectif
éployer	verbe
épluchage	nom
éplucher	verbe
épluchure	nom
éponge	nom
éponger	verbe
épopée	nom
époque	nom
épouiller	verbe
époumoner	verbe
épouser	verbe
épousseter	verbe
époustouflant	adjectif
épousée	nom
épouvantable	adjectif
épouvantail	nom
épouvante	nom
épouvanter	verbe
épouvanté	adjectif
époux	nom
éprendre	verbe
épreuve	nom
épris	adjectif
éprouvant	adjectif
éprouver	verbe
éprouvette	nom
éprouvé	adjectif
épuisant	adjectif
épuisement	nom
épuiser	verbe
épuisette	nom
épuisé	adjectif
épuration	nom
épure	nom
épurer	verbe
épée	nom
épître	nom
équarri	adjectif
équarrir	verbe
équateur	nom
équation	nom
équatorial	adjectif
équerre	nom
équestre	adjectif
équidistant	adjectif
équilibre	nom
équilibrer	verbe
équilibriste	nom
équilibré	adjectif
équinoxe	nom
équipage	nom
équipe	nom
équipement	nom
équiper	verbe
équipier	nom
équipé	adjectif
équipée	nom
équitable	adjectif
équitablement	adverbe
équitation	nom
équité	nom
équivalence	nom
équivalent	adjectif
équivaloir	verbe
équivoque	adjectif
érable	nom
éradiquer	verbe
érafler	verbe
éraflure	nom
érailler	verbe
éraillé	adjectif
érection	nom
éreintant	adjectif
éreinter	verbe
éreinté	adjectif
ériger	verbe
éroder	verbe
érogène	adjectif
éros	nom
érosion	nom
érotique	adjectif
érotisme	nom
éructer	verbe
érudit	adjectif
érudition	nom
éruption	nom
ésotérique	adjectif
ésotérisme	nom
étable	nom
établi	adjectif
établir	verbe
établissement	nom
étage	nom
étagère	nom
étagé	adjectif
étai	nom
étain	nom
étal	nom
étalage	nom
étale	adjectif
étaler	verbe
étalon	nom
étamine	nom
étanche	adjectif
étancher	verbe
étang	nom
étape	nom
état	nom
étau	nom
étayer	verbe
éteindre	verbe
éteint	adjectif
étendard	nom
étendre	verbe
étendu	adjectif
étendue	nom
éternel	adjectif
éternellement	adverbe
éterniser	verbe
éternité	nom
éternuement	nom
éternuer	verbe
éteule	nom
éther	nom
éthiopien	adjectif
éthique	adjectif
éthylique	adjectif
éthéré	adjectif
étincelant	adjectif
étinceler	verbe
étincelle	nom
étincellement	nom
étioler	verbe
étique	adjectif
étiqueter	verbe
étiquette	nom
étirement	nom
étirer	verbe
étoffe	nom
étoffer	verbe
étoile	nom
étoilé	adjectif
étole	nom
étonnamment	adverbe
étonnant	adjectif
étonnement	nom
étonner	verbe
étonné	adjectif
étouffant	adjectif
étouffement	nom
étouffer	verbe
étouffé	adjectif
étouffée	nom
étoupe	nom
étourderie	nom
étourdi	adjectif
étourdiment	adverbe
étourdir	verbe
étourdissant	adjectif
étourdissement	nom
étourneau	nom
étrange	adjectif
étrangement	adverbe
étranger	adjectif
étrangeté	nom
étranglement	nom
étrangler	verbe
étrangleur	nom
étranglé	adjectif
étrave	nom
étreindre	verbe
étreinte	nom
étrenne	nom
étrenner	verbe
étrier	nom
étriller	verbe
étriper	verbe
étriqué	adjectif
étroit	adjectif
étroitement	adverbe
étroitesse	nom
étron	nom
étrusque	adjectif
étude	nom
étudiant	adjectif
étudier	verbe
étudié	adjectif
étui	nom
étuve	nom
étymologie	nom
étymologique	adjectif
été	nom
évacuation	nom
évacuer	verbe
évacué	adjectif
évader	verbe
évadé	adjectif
évaluation	nom
évaluer	verbe
évanescent	adjectif
évangile	nom
évangélique	adjectif
évangéliste	nom
évanoui	adjectif
évanouir	verbe
évanouissement	nom
évaporation	nom
évaporer	verbe
évaporé	adjectif
évaser	verbe
évasif	adjectif
évasion	nom
évasivement	adverbe
évasé	adjectif
éveil	nom
éveiller	verbe
éveillé	adjectif
éventail	nom
éventaire	nom
éventer	verbe
éventrer	verbe
éventreur	nom
éventré	adjectif
éventualité	nom
éventuel	adjectif
éventuellement	adverbe
éventé	adjectif
évertuer	verbe
évidemment	adverbe
évidence	nom
évident	adjectif
évider	verbe
évier	nom
évincer	verbe
éviscérer	verbe
éviter	verbe
évocateur	adjectif
évocation	nom
évoluer	verbe
évolution	nom
évolué	adjectif
évoquer	verbe
évènement	nom
événement	nom
évêché	nom
évêque	nom
être	nom
île	nom
îlot	nom
ôter	verbe
ôté	adjectif
